# Blender 5.1.0
# www.blender.org
mtllib extra.mtl
o Sphere
v 0.025599 0.170425 -0.011777
v 0.026189 0.163835 -0.021366
v 0.026613 0.153907 -0.027916
v 0.026761 0.142195 -0.030216
v 0.026613 0.130484 -0.027916
v 0.025599 0.113965 -0.011777
v 0.041571 0.170381 -0.010941
v 0.045110 0.163835 -0.019486
v 0.047585 0.153907 -0.025459
v 0.048454 0.142195 -0.027557
v 0.047585 0.130484 -0.025459
v 0.045110 0.120555 -0.019486
v 0.041571 0.114009 -0.010941
v 0.045413 0.170381 -0.008374
v 0.051953 0.163835 -0.014914
v 0.056525 0.153907 -0.019486
v 0.058130 0.142195 -0.021091
v 0.056525 0.130484 -0.019486
v 0.051953 0.120555 -0.014914
v 0.045413 0.114009 -0.008374
v 0.047980 0.170381 -0.004532
v 0.056525 0.163835 -0.008071
v 0.062498 0.153907 -0.010546
v 0.064596 0.142195 -0.011414
v 0.062498 0.130484 -0.010546
v 0.056525 0.120555 -0.008071
v 0.047980 0.114009 -0.004532
v 0.048882 0.170381 -0.000000
v 0.058130 0.163835 -0.000000
v 0.064596 0.153907 -0.000000
v 0.066866 0.142195 -0.000000
v 0.064596 0.130484 -0.000000
v 0.058130 0.120555 -0.000000
v 0.048882 0.114009 -0.000000
v 0.035983 0.111485 -0.000000
v 0.035983 0.172905 -0.000000
v 0.026189 0.120555 -0.021366
v -0.024900 0.170425 -0.011777
v -0.025491 0.163835 -0.021366
v -0.025914 0.153907 -0.027916
v -0.026062 0.142195 -0.030216
v -0.025914 0.130484 -0.027916
v -0.024900 0.113965 -0.011777
v -0.035284 0.111485 -0.000000
v -0.035284 0.172905 -0.000000
v -0.048183 0.170381 -0.000000
v -0.057431 0.163835 -0.000000
v -0.063897 0.153907 -0.000000
v -0.066168 0.142195 -0.000000
v -0.063897 0.130484 -0.000000
v -0.057431 0.120555 -0.000000
v -0.048183 0.114009 -0.000000
v -0.047281 0.170381 -0.004532
v -0.055826 0.163835 -0.008071
v -0.061799 0.153907 -0.010546
v -0.063897 0.142195 -0.011414
v -0.061799 0.130484 -0.010546
v -0.055826 0.120555 -0.008071
v -0.047281 0.114009 -0.004532
v -0.044714 0.170381 -0.008374
v -0.051254 0.163835 -0.014914
v -0.055826 0.153907 -0.019486
v -0.057431 0.142195 -0.021091
v -0.055826 0.130484 -0.019486
v -0.051254 0.120555 -0.014914
v -0.044714 0.114009 -0.008374
v -0.040872 0.170381 -0.010941
v -0.044411 0.163835 -0.019486
v -0.046886 0.153907 -0.025459
v -0.047755 0.142195 -0.027557
v -0.046886 0.130484 -0.025459
v -0.044411 0.120555 -0.019486
v -0.040872 0.114009 -0.010941
v -0.025491 0.120555 -0.021366
v 0.025599 0.170425 0.011777
v 0.026189 0.163835 0.021366
v 0.026613 0.153907 0.027916
v 0.026761 0.142195 0.030216
v 0.026613 0.130484 0.027916
v 0.025599 0.113965 0.011777
v 0.041571 0.170381 0.010941
v 0.045110 0.163835 0.019486
v 0.047585 0.153907 0.025459
v 0.048454 0.142195 0.027557
v 0.047585 0.130484 0.025459
v 0.045110 0.120555 0.019486
v 0.041571 0.114009 0.010941
v 0.045413 0.170381 0.008374
v 0.051953 0.163835 0.014914
v 0.056525 0.153907 0.019486
v 0.058130 0.142195 0.021091
v 0.056525 0.130484 0.019486
v 0.051953 0.120555 0.014914
v 0.045413 0.114009 0.008374
v 0.047980 0.170381 0.004532
v 0.056525 0.163835 0.008071
v 0.062498 0.153907 0.010546
v 0.064596 0.142195 0.011414
v 0.062498 0.130484 0.010546
v 0.056525 0.120555 0.008071
v 0.047980 0.114009 0.004532
v 0.026189 0.120555 0.021366
v -0.024900 0.170425 0.011777
v -0.025491 0.163835 0.021366
v -0.025914 0.153907 0.027916
v -0.026062 0.142195 0.030216
v -0.025914 0.130484 0.027916
v -0.024900 0.113965 0.011777
v -0.047281 0.170381 0.004532
v -0.055826 0.163835 0.008071
v -0.061799 0.153907 0.010546
v -0.063897 0.142195 0.011414
v -0.061799 0.130484 0.010546
v -0.055826 0.120555 0.008071
v -0.047281 0.114009 0.004532
v -0.044714 0.170381 0.008374
v -0.051254 0.163835 0.014914
v -0.055826 0.153907 0.019486
v -0.057431 0.142195 0.021091
v -0.055826 0.130484 0.019486
v -0.051254 0.120555 0.014914
v -0.044714 0.114009 0.008374
v -0.040872 0.170381 0.010941
v -0.044411 0.163835 0.019486
v -0.046886 0.153907 0.025459
v -0.047755 0.142195 0.027557
v -0.046886 0.130484 0.025459
v -0.044411 0.120555 0.019486
v -0.040872 0.114009 0.010941
v -0.025491 0.120555 0.021366
v 0.025899 0.167634 -0.016813
v 0.026432 0.159197 -0.025122
v 0.026723 0.148165 -0.029633
v 0.026723 0.136225 -0.029633
v 0.043401 0.167629 -0.015358
v 0.046529 0.159197 -0.022911
v 0.048233 0.148165 -0.027026
v 0.048233 0.136225 -0.027026
v 0.046529 0.125194 -0.022911
v 0.043401 0.116762 -0.015358
v 0.041111 0.130484 -0.027071
v 0.041573 0.142195 -0.029301
v 0.041111 0.153907 -0.027071
v 0.039797 0.163835 -0.020719
v 0.037941 0.170364 -0.011717
v 0.037941 0.114026 -0.011717
v 0.048794 0.167629 -0.011755
v 0.054575 0.159197 -0.017536
v 0.057724 0.148165 -0.020685
v 0.057724 0.136225 -0.020685
v 0.054575 0.125194 -0.017536
v 0.048794 0.116762 -0.011755
v 0.043681 0.114031 -0.009940
v 0.048756 0.120555 -0.017536
v 0.052348 0.130484 -0.022911
v 0.053609 0.142195 -0.024799
v 0.052348 0.153907 -0.022911
v 0.048756 0.163835 -0.017536
v 0.043681 0.170359 -0.009940
v 0.052397 0.167629 -0.006362
v 0.059950 0.159197 -0.009490
v 0.064065 0.148165 -0.011194
v 0.064065 0.136225 -0.011194
v 0.059950 0.125194 -0.009490
v 0.052397 0.116762 -0.006362
v 0.054575 0.163835 -0.011717
v 0.046979 0.170359 -0.006642
v 0.046979 0.114031 -0.006642
v 0.054575 0.120555 -0.011717
v 0.059950 0.130484 -0.015309
v 0.061838 0.142195 -0.016570
v 0.059950 0.153907 -0.015309
v 0.053663 0.167629 -0.000000
v 0.061838 0.159197 -0.000000
v 0.066291 0.148165 -0.000000
v 0.066291 0.136225 -0.000000
v 0.061838 0.125194 -0.000000
v 0.053663 0.116762 -0.000000
v 0.048765 0.114031 -0.002332
v 0.057724 0.120555 -0.004114
v 0.064065 0.130484 -0.005376
v 0.066291 0.142195 -0.005819
v 0.064065 0.153907 -0.005376
v 0.057724 0.163835 -0.004114
v 0.048765 0.170359 -0.002332
v 0.026321 0.172119 -0.006525
v 0.026432 0.125194 -0.025122
v 0.025899 0.116756 -0.016813
v 0.026321 0.112272 -0.006525
v 0.039453 0.172005 -0.006530
v 0.039453 0.112385 -0.006530
v 0.039797 0.120555 -0.020719
v 0.041994 0.172002 -0.005007
v 0.041994 0.112388 -0.005007
v 0.043529 0.172002 -0.002710
v 0.043529 0.112388 -0.002710
v 0.044068 0.172002 -0.000000
v 0.044068 0.112388 -0.000000
v 0.000349 0.130484 -0.028185
v 0.000349 0.120555 -0.021572
v 0.000349 0.142195 -0.030507
v 0.000349 0.153907 -0.028185
v 0.000349 0.170458 -0.011728
v 0.000349 0.163835 -0.021572
v 0.000349 0.172839 -0.000000
v 0.000349 0.113932 -0.011728
v 0.000349 0.111551 -0.000000
v -0.025200 0.167634 -0.016813
v -0.025733 0.159197 -0.025122
v -0.026025 0.148165 -0.029633
v -0.026025 0.136225 -0.029633
v -0.052964 0.167629 -0.000000
v -0.061139 0.159197 -0.000000
v -0.065593 0.148165 -0.000000
v -0.065593 0.136225 -0.000000
v -0.061139 0.125194 -0.000000
v -0.052964 0.116762 -0.000000
v -0.051698 0.167629 -0.006362
v -0.059251 0.159197 -0.009490
v -0.063366 0.148165 -0.011194
v -0.063366 0.136225 -0.011194
v -0.059251 0.125194 -0.009490
v -0.051698 0.116762 -0.006362
v -0.048066 0.114031 -0.002332
v -0.057025 0.120555 -0.004114
v -0.063366 0.130484 -0.005376
v -0.065593 0.142195 -0.005819
v -0.063366 0.153907 -0.005376
v -0.057025 0.163835 -0.004114
v -0.048066 0.170359 -0.002332
v -0.048095 0.167629 -0.011755
v -0.053876 0.159197 -0.017536
v -0.057025 0.148165 -0.020685
v -0.057025 0.136225 -0.020685
v -0.053876 0.125194 -0.017536
v -0.048095 0.116762 -0.011755
v -0.053876 0.163835 -0.011717
v -0.046281 0.170359 -0.006642
v -0.046281 0.114031 -0.006642
v -0.053876 0.120555 -0.011717
v -0.059251 0.130484 -0.015309
v -0.061139 0.142195 -0.016570
v -0.059251 0.153907 -0.015309
v -0.042702 0.167629 -0.015358
v -0.045830 0.159197 -0.022911
v -0.047535 0.148165 -0.027026
v -0.047535 0.136225 -0.027026
v -0.045830 0.125194 -0.022911
v -0.042702 0.116762 -0.015358
v -0.042982 0.114031 -0.009940
v -0.048057 0.120555 -0.017536
v -0.051649 0.130484 -0.022911
v -0.052910 0.142195 -0.024799
v -0.051649 0.153907 -0.022911
v -0.048057 0.163835 -0.017536
v -0.042982 0.170359 -0.009940
v -0.039098 0.120555 -0.020719
v -0.025622 0.172119 -0.006525
v -0.025733 0.125194 -0.025122
v -0.025200 0.116756 -0.016813
v -0.025622 0.112272 -0.006525
v -0.043369 0.172002 -0.000000
v -0.043369 0.112388 -0.000000
v -0.042830 0.172002 -0.002710
v -0.042830 0.112388 -0.002710
v -0.041296 0.172002 -0.005007
v -0.041296 0.112388 -0.005007
v -0.038754 0.172005 -0.006530
v -0.038754 0.112385 -0.006530
v -0.037243 0.170364 -0.011717
v -0.037243 0.114026 -0.011717
v -0.040413 0.130484 -0.027071
v -0.040874 0.142195 -0.029301
v -0.040413 0.153907 -0.027071
v -0.039098 0.163835 -0.020719
v 0.025899 0.167634 0.016813
v 0.026432 0.159197 0.025122
v 0.026723 0.148165 0.029633
v 0.026723 0.136225 0.029633
v 0.043401 0.167629 0.015358
v 0.046529 0.159197 0.022911
v 0.048233 0.148165 0.027026
v 0.048233 0.136225 0.027026
v 0.046529 0.125194 0.022911
v 0.043401 0.116762 0.015358
v 0.041111 0.130484 0.027071
v 0.041573 0.142195 0.029301
v 0.041111 0.153907 0.027071
v 0.039797 0.163835 0.020719
v 0.037941 0.170364 0.011717
v 0.037941 0.114026 0.011717
v 0.048794 0.167629 0.011755
v 0.054575 0.159197 0.017536
v 0.057724 0.148165 0.020685
v 0.057724 0.136225 0.020685
v 0.054575 0.125194 0.017536
v 0.048794 0.116762 0.011755
v 0.043681 0.114031 0.009940
v 0.048756 0.120555 0.017536
v 0.052348 0.130484 0.022911
v 0.053609 0.142195 0.024799
v 0.052348 0.153907 0.022911
v 0.048756 0.163835 0.017536
v 0.043681 0.170359 0.009940
v 0.052397 0.167629 0.006362
v 0.059950 0.159197 0.009490
v 0.064065 0.148165 0.011194
v 0.064065 0.136225 0.011194
v 0.059950 0.125194 0.009490
v 0.052397 0.116762 0.006362
v 0.054575 0.163835 0.011717
v 0.046979 0.170359 0.006642
v 0.046979 0.114031 0.006642
v 0.054575 0.120555 0.011717
v 0.059950 0.130484 0.015309
v 0.061838 0.142195 0.016570
v 0.059950 0.153907 0.015309
v 0.048765 0.114031 0.002332
v 0.057724 0.120555 0.004114
v 0.064065 0.130484 0.005376
v 0.066291 0.142195 0.005819
v 0.064065 0.153907 0.005376
v 0.057724 0.163835 0.004114
v 0.048765 0.170359 0.002332
v 0.026321 0.172119 0.006525
v 0.026432 0.125194 0.025122
v 0.025899 0.116756 0.016813
v 0.026321 0.112272 0.006525
v 0.039453 0.172005 0.006530
v 0.039453 0.112385 0.006530
v 0.039797 0.120555 0.020719
v 0.041994 0.172002 0.005007
v 0.041994 0.112388 0.005007
v 0.043529 0.172002 0.002710
v 0.043529 0.112388 0.002710
v 0.000349 0.130484 0.028185
v 0.000349 0.120555 0.021572
v 0.000349 0.142195 0.030507
v 0.000349 0.153907 0.028185
v 0.000349 0.170458 0.011728
v 0.000349 0.163835 0.021572
v 0.000349 0.113932 0.011728
v -0.025200 0.167634 0.016813
v -0.025733 0.159197 0.025122
v -0.026025 0.148165 0.029633
v -0.026025 0.136225 0.029633
v -0.051698 0.167629 0.006362
v -0.059251 0.159197 0.009490
v -0.063366 0.148165 0.011194
v -0.063366 0.136225 0.011194
v -0.059251 0.125194 0.009490
v -0.051698 0.116762 0.006362
v -0.048066 0.114031 0.002332
v -0.057025 0.120555 0.004114
v -0.063366 0.130484 0.005376
v -0.065593 0.142195 0.005819
v -0.063366 0.153907 0.005376
v -0.057025 0.163835 0.004114
v -0.048066 0.170359 0.002332
v -0.048095 0.167629 0.011755
v -0.053876 0.159197 0.017536
v -0.057025 0.148165 0.020685
v -0.057025 0.136225 0.020685
v -0.053876 0.125194 0.017536
v -0.048095 0.116762 0.011755
v -0.053876 0.163835 0.011717
v -0.046281 0.170359 0.006642
v -0.046281 0.114031 0.006642
v -0.053876 0.120555 0.011717
v -0.059251 0.130484 0.015309
v -0.061139 0.142195 0.016570
v -0.059251 0.153907 0.015309
v -0.042702 0.167629 0.015358
v -0.045830 0.159197 0.022911
v -0.047535 0.148165 0.027026
v -0.047535 0.136225 0.027026
v -0.045830 0.125194 0.022911
v -0.042702 0.116762 0.015358
v -0.042982 0.114031 0.009940
v -0.048057 0.120555 0.017536
v -0.051649 0.130484 0.022911
v -0.052910 0.142195 0.024799
v -0.051649 0.153907 0.022911
v -0.048057 0.163835 0.017536
v -0.042982 0.170359 0.009940
v -0.039098 0.120555 0.020719
v -0.025622 0.172119 0.006525
v -0.025733 0.125194 0.025122
v -0.025200 0.116756 0.016813
v -0.025622 0.112272 0.006525
v -0.042830 0.172002 0.002710
v -0.042830 0.112388 0.002710
v -0.041296 0.172002 0.005007
v -0.041296 0.112388 0.005007
v -0.038754 0.172005 0.006530
v -0.038754 0.112385 0.006530
v -0.037243 0.170364 0.011717
v -0.037243 0.114026 0.011717
v -0.040413 0.130484 0.027071
v -0.040874 0.142195 0.029301
v -0.040413 0.153907 0.027071
v -0.039098 0.163835 0.020719
v 0.041456 0.136225 -0.028736
v 0.040551 0.159197 -0.024361
v 0.036790 0.171780 -0.007934
v 0.036790 0.112611 -0.007934
v 0.040551 0.125194 -0.024361
v 0.041456 0.148165 -0.028736
v 0.038892 0.167627 -0.016341
v 0.038892 0.116764 -0.016341
v 0.041554 0.112628 -0.006786
v 0.050816 0.125194 -0.020618
v 0.053290 0.148165 -0.024321
v 0.046282 0.167626 -0.013833
v 0.046282 0.116764 -0.013833
v 0.053290 0.136225 -0.024321
v 0.050816 0.159197 -0.020618
v 0.041554 0.171762 -0.006786
v 0.050872 0.167626 -0.009243
v 0.050872 0.116764 -0.009243
v 0.061360 0.136225 -0.016251
v 0.057657 0.159197 -0.013777
v 0.043806 0.171762 -0.004534
v 0.043806 0.112628 -0.004534
v 0.057657 0.125194 -0.013777
v 0.061360 0.148165 -0.016251
v 0.053356 0.116764 -0.003246
v 0.065728 0.136225 -0.005706
v 0.061360 0.159197 -0.004838
v 0.045025 0.171762 -0.001592
v 0.045025 0.112628 -0.001592
v 0.061360 0.125194 -0.004838
v 0.065728 0.148165 -0.005706
v 0.053356 0.167626 -0.003246
v 0.000349 0.116752 -0.016954
v 0.000349 0.136225 -0.029919
v 0.000349 0.125194 -0.025364
v 0.000349 0.148165 -0.029919
v 0.000349 0.172198 -0.006065
v 0.000349 0.159197 -0.025364
v 0.000349 0.167638 -0.016954
v 0.000349 0.112192 -0.006065
v -0.044326 0.112628 -0.001592
v -0.060661 0.125194 -0.004838
v -0.065029 0.148165 -0.005706
v -0.052657 0.167626 -0.003246
v -0.052657 0.116764 -0.003246
v -0.065029 0.136225 -0.005706
v -0.060661 0.159197 -0.004838
v -0.044326 0.171762 -0.001592
v -0.050173 0.167626 -0.009243
v -0.050173 0.116764 -0.009243
v -0.060661 0.136225 -0.016251
v -0.056958 0.159197 -0.013777
v -0.043107 0.171762 -0.004534
v -0.043107 0.112628 -0.004534
v -0.056958 0.125194 -0.013777
v -0.060661 0.148165 -0.016251
v -0.045583 0.116764 -0.013833
v -0.052591 0.136225 -0.024321
v -0.050117 0.159197 -0.020618
v -0.040855 0.171762 -0.006786
v -0.040855 0.112628 -0.006786
v -0.050117 0.125194 -0.020618
v -0.052591 0.148165 -0.024321
v -0.045583 0.167626 -0.013833
v -0.036091 0.171780 -0.007934
v -0.036091 0.112611 -0.007934
v -0.039852 0.125194 -0.024361
v -0.040757 0.148165 -0.028736
v -0.038193 0.167627 -0.016341
v -0.038193 0.116764 -0.016341
v -0.040757 0.136225 -0.028736
v -0.039852 0.159197 -0.024361
v 0.041456 0.136225 0.028736
v 0.040551 0.159197 0.024361
v 0.036790 0.171780 0.007934
v 0.036790 0.112611 0.007934
v 0.040551 0.125194 0.024361
v 0.041456 0.148165 0.028736
v 0.038892 0.167627 0.016341
v 0.038892 0.116764 0.016341
v 0.041554 0.112628 0.006786
v 0.050816 0.125194 0.020618
v 0.053290 0.148165 0.024321
v 0.046282 0.167626 0.013833
v 0.046282 0.116764 0.013833
v 0.053290 0.136225 0.024321
v 0.050816 0.159197 0.020618
v 0.041554 0.171762 0.006786
v 0.050872 0.167626 0.009243
v 0.050872 0.116764 0.009243
v 0.061360 0.136225 0.016251
v 0.057657 0.159197 0.013777
v 0.043806 0.171762 0.004534
v 0.043806 0.112628 0.004534
v 0.057657 0.125194 0.013777
v 0.061360 0.148165 0.016251
v 0.053356 0.116764 0.003246
v 0.065728 0.136225 0.005706
v 0.061360 0.159197 0.004838
v 0.045025 0.171762 0.001592
v 0.045025 0.112628 0.001592
v 0.061360 0.125194 0.004838
v 0.065728 0.148165 0.005706
v 0.053356 0.167626 0.003246
v 0.000349 0.116752 0.016954
v 0.000349 0.136225 0.029919
v 0.000349 0.125194 0.025364
v 0.000349 0.148165 0.029919
v 0.000349 0.172198 0.006065
v 0.000349 0.159197 0.025364
v 0.000349 0.167638 0.016954
v 0.000349 0.112192 0.006065
v -0.044326 0.112628 0.001592
v -0.060661 0.125194 0.004838
v -0.065029 0.148165 0.005706
v -0.052657 0.167626 0.003246
v -0.052657 0.116764 0.003246
v -0.065029 0.136225 0.005706
v -0.060661 0.159197 0.004838
v -0.044326 0.171762 0.001592
v -0.050173 0.167626 0.009243
v -0.050173 0.116764 0.009243
v -0.060661 0.136225 0.016251
v -0.056958 0.159197 0.013777
v -0.043107 0.171762 0.004534
v -0.043107 0.112628 0.004534
v -0.056958 0.125194 0.013777
v -0.060661 0.148165 0.016251
v -0.045583 0.116764 0.013833
v -0.052591 0.136225 0.024321
v -0.050117 0.159197 0.020618
v -0.040855 0.171762 0.006786
v -0.040855 0.112628 0.006786
v -0.050117 0.125194 0.020618
v -0.052591 0.148165 0.024321
v -0.045583 0.167626 0.013833
v -0.036091 0.171780 0.007934
v -0.036091 0.112611 0.007934
v -0.039852 0.125194 0.024361
v -0.040757 0.148165 0.028736
v -0.038193 0.167627 0.016341
v -0.038193 0.116764 0.016341
v -0.040757 0.136225 0.028736
v -0.039852 0.159197 0.024361
vn 0.0315 -0.3775 -0.9255
vn 0.0349 -0.1922 -0.9807
vn 0.1504 -0.1901 -0.9702
vn 0.1395 -0.3738 -0.9170
vn 0.0361 -0.0000 -0.9993
vn 0.1541 -0.0000 -0.9880
vn 0.3613 -0.0000 -0.9325
vn 0.3542 -0.1896 -0.9157
vn 0.3334 -0.3729 -0.8659
vn 0.0315 0.3775 -0.9255
vn 0.0263 0.5494 -0.8351
vn 0.1219 0.5447 -0.8297
vn 0.1395 0.3738 -0.9170
vn 0.0196 0.7003 -0.7136
vn 0.0988 0.6948 -0.7124
vn 0.2534 0.6936 -0.6743
vn 0.2992 0.5436 -0.7842
vn 0.3334 0.3729 -0.8659
vn 0.0026 0.9158 -0.4015
vn -0.0001 0.9770 -0.2132
vn 0.0238 0.9677 -0.2508
vn 0.0492 0.9081 -0.4158
vn 0.0374 0.9993 -0.0000
vn 0.0624 0.9774 -0.2019
vn 0.1338 0.9063 -0.4009
vn 0.0373 -0.9993 -0.0000
vn -0.0001 -0.9770 -0.2132
vn 0.0238 -0.9678 -0.2508
vn 0.0623 -0.9774 -0.2020
vn 0.0026 -0.9159 -0.4015
vn 0.0492 -0.9081 -0.4158
vn 0.1338 -0.9063 -0.4009
vn 0.0196 -0.7003 -0.7136
vn 0.0263 -0.5494 -0.8352
vn 0.1219 -0.5446 -0.8298
vn 0.0988 -0.6948 -0.7124
vn 0.2992 -0.5436 -0.7842
vn 0.2534 -0.6936 -0.6743
vn 0.0349 0.1921 -0.9807
vn 0.1504 0.1901 -0.9702
vn 0.3542 0.1896 -0.9157
vn 0.0115 0.8231 -0.5678
vn 0.0727 0.8161 -0.5734
vn 0.1992 0.8142 -0.5453
vn 0.0115 -0.8231 -0.5678
vn 0.0728 -0.8161 -0.5734
vn 0.1991 -0.8142 -0.5454
vn 0.1500 -0.9615 -0.2302
vn 0.1364 -0.9809 -0.1383
vn 0.2341 -0.9061 -0.3525
vn 0.2986 -0.9064 -0.2986
vn 0.4664 -0.5431 -0.6982
vn 0.4003 -0.6933 -0.5992
vn 0.5156 -0.3724 -0.7717
vn 0.6562 -0.3724 -0.6562
vn 0.5937 -0.5431 -0.5937
vn 0.5096 -0.6933 -0.5096
vn 0.5455 0.1893 -0.8164
vn 0.5556 -0.0000 -0.8315
vn 0.5156 0.3724 -0.7717
vn 0.6562 0.3724 -0.6562
vn 0.6943 0.1893 -0.6943
vn 0.7071 -0.0000 -0.7071
vn 0.3225 0.8142 -0.4827
vn 0.4003 0.6934 -0.5992
vn 0.2341 0.9061 -0.3525
vn 0.2986 0.9065 -0.2986
vn 0.4106 0.8141 -0.4106
vn 0.5096 0.6933 -0.5096
vn 0.3225 -0.8142 -0.4827
vn 0.4106 -0.8141 -0.4106
vn 0.5455 -0.1893 -0.8164
vn 0.6943 -0.1893 -0.6943
vn 0.4664 0.5431 -0.6982
vn 0.5937 0.5432 -0.5937
vn 0.1500 0.9615 -0.2302
vn 0.1364 0.9809 -0.1383
vn 0.4827 0.8142 -0.3225
vn 0.5992 0.6934 -0.4003
vn 0.3523 0.9059 -0.2352
vn 0.3899 0.9066 -0.1616
vn 0.5365 0.8141 -0.2222
vn 0.6658 0.6933 -0.2758
vn 0.4827 -0.8142 -0.3225
vn 0.3523 -0.9058 -0.2352
vn 0.5992 -0.6933 -0.4003
vn 0.6658 -0.6933 -0.2758
vn 0.5365 -0.8141 -0.2223
vn 0.3900 -0.9065 -0.1616
vn 0.8165 -0.1893 -0.5455
vn 0.7717 -0.3724 -0.5156
vn 0.8315 -0.0000 -0.5556
vn 0.9239 -0.0000 -0.3827
vn 0.9072 -0.1893 -0.3758
vn 0.8574 -0.3725 -0.3552
vn 0.6982 0.5431 -0.4664
vn 0.7717 0.3724 -0.5156
vn 0.7757 0.5432 -0.3213
vn 0.8574 0.3724 -0.3552
vn 0.2288 0.9615 -0.1525
vn 0.1775 0.9814 -0.0733
vn 0.2288 -0.9615 -0.1525
vn 0.1775 -0.9814 -0.0733
vn 0.6982 -0.5431 -0.4664
vn 0.7757 -0.5431 -0.3213
vn 0.8165 0.1893 -0.5455
vn 0.9072 0.1893 -0.3758
vn 0.5694 -0.8142 -0.1133
vn 0.4153 -0.9059 -0.0826
vn 0.7068 -0.6934 -0.1406
vn 0.7206 -0.6933 -0.0000
vn 0.5808 -0.8141 -0.0000
vn 0.4221 -0.9066 -0.0000
vn 0.9631 -0.1893 -0.1915
vn 0.9102 -0.3724 -0.1811
vn 0.9808 -0.0000 -0.1951
vn 1.0000 -0.0000 -0.0000
vn 0.9819 -0.1893 -0.0000
vn 0.9281 -0.3724 -0.0000
vn 0.8235 0.5432 -0.1638
vn 0.9102 0.3724 -0.1811
vn 0.7067 0.6934 -0.1406
vn 0.7206 0.6933 -0.0000
vn 0.8396 0.5432 -0.0000
vn 0.9281 0.3724 -0.0000
vn 0.2690 0.9617 -0.0534
vn 0.4153 0.9059 -0.0826
vn 0.1913 0.9815 -0.0000
vn 0.4220 0.9066 -0.0000
vn 0.2690 -0.9617 -0.0534
vn 0.1913 -0.9815 -0.0000
vn 0.8235 -0.5431 -0.1638
vn 0.8396 -0.5431 -0.0000
vn 0.9631 0.1893 -0.1915
vn 0.9819 0.1892 -0.0000
vn 0.5694 0.8142 -0.1133
vn 0.5808 0.8141 -0.0000
vn -0.0000 -0.8273 -0.5617
vn -0.0000 -0.7037 -0.7105
vn -0.0000 -0.9201 -0.3916
vn -0.0026 -0.9159 -0.4015
vn -0.0115 -0.8231 -0.5678
vn -0.0196 -0.7003 -0.7136
vn -0.0000 -0.1936 -0.9811
vn -0.0000 -0.0000 -1.0000
vn -0.0000 -0.3800 -0.9250
vn -0.0315 -0.3775 -0.9255
vn -0.0350 -0.1922 -0.9807
vn -0.0361 -0.0000 -0.9993
vn -0.0000 -0.5524 -0.8336
vn -0.0263 -0.5494 -0.8352
vn -0.0000 0.1935 -0.9811
vn -0.0000 0.3800 -0.9250
vn -0.0350 0.1921 -0.9807
vn -0.0315 0.3775 -0.9255
vn -0.0000 0.9786 -0.2060
vn -0.0000 1.0000 -0.0000
vn -0.0000 0.9201 -0.3916
vn -0.0026 0.9158 -0.4015
vn 0.0001 0.9770 -0.2132
vn -0.0374 0.9993 -0.0000
vn -0.0000 0.5524 -0.8335
vn -0.0000 0.7037 -0.7105
vn -0.0263 0.5494 -0.8351
vn -0.0196 0.7003 -0.7136
vn -0.0000 0.8273 -0.5617
vn -0.0115 0.8231 -0.5678
vn -0.0000 -0.9786 -0.2060
vn -0.0000 -1.0000 -0.0000
vn -0.0373 -0.9993 -0.0000
vn 0.0001 -0.9770 -0.2132
vn -0.1913 -0.9815 -0.0000
vn -0.2690 -0.9617 -0.0534
vn -0.1775 -0.9814 -0.0733
vn -0.4221 -0.9066 -0.0000
vn -0.4153 -0.9059 -0.0826
vn -0.3900 -0.9065 -0.1615
vn -0.7206 -0.6933 -0.0000
vn -0.8396 -0.5431 -0.0000
vn -0.8235 -0.5431 -0.1638
vn -0.7068 -0.6934 -0.1406
vn -0.9280 -0.3725 -0.0000
vn -0.9102 -0.3725 -0.1811
vn -0.8574 -0.3725 -0.3552
vn -0.7757 -0.5431 -0.3213
vn -0.6658 -0.6933 -0.2758
vn -1.0000 -0.0000 -0.0000
vn -0.9819 0.1893 -0.0000
vn -0.9630 0.1893 -0.1916
vn -0.9808 -0.0000 -0.1951
vn -0.9281 0.3724 -0.0000
vn -0.9102 0.3724 -0.1811
vn -0.8574 0.3724 -0.3552
vn -0.9072 0.1893 -0.3758
vn -0.9239 -0.0000 -0.3827
vn -0.7206 0.6933 -0.0000
vn -0.5808 0.8141 -0.0000
vn -0.5694 0.8142 -0.1133
vn -0.7067 0.6934 -0.1406
vn -0.4220 0.9066 -0.0000
vn -0.4153 0.9059 -0.0826
vn -0.3900 0.9066 -0.1615
vn -0.5365 0.8141 -0.2222
vn -0.6658 0.6933 -0.2758
vn -0.5808 -0.8141 -0.0000
vn -0.5694 -0.8142 -0.1133
vn -0.5365 -0.8141 -0.2222
vn -0.9819 -0.1893 -0.0000
vn -0.9630 -0.1893 -0.1916
vn -0.9072 -0.1893 -0.3758
vn -0.8396 0.5432 -0.0000
vn -0.8235 0.5432 -0.1638
vn -0.7757 0.5432 -0.3213
vn -0.1913 0.9815 -0.0000
vn -0.2690 0.9617 -0.0534
vn -0.1775 0.9814 -0.0733
vn -0.4827 0.8142 -0.3225
vn -0.5992 0.6934 -0.4003
vn -0.3523 0.9058 -0.2352
vn -0.2986 0.9064 -0.2986
vn -0.4106 0.8141 -0.4106
vn -0.5096 0.6933 -0.5096
vn -0.4827 -0.8142 -0.3225
vn -0.3523 -0.9058 -0.2352
vn -0.5992 -0.6933 -0.4003
vn -0.5096 -0.6933 -0.5096
vn -0.4106 -0.8141 -0.4107
vn -0.2986 -0.9064 -0.2987
vn -0.8165 -0.1893 -0.5455
vn -0.7717 -0.3724 -0.5156
vn -0.8315 -0.0000 -0.5556
vn -0.7071 -0.0000 -0.7071
vn -0.6943 -0.1893 -0.6943
vn -0.6562 -0.3724 -0.6562
vn -0.6982 0.5431 -0.4664
vn -0.7717 0.3724 -0.5156
vn -0.5937 0.5432 -0.5937
vn -0.6562 0.3724 -0.6562
vn -0.2288 0.9615 -0.1525
vn -0.1364 0.9809 -0.1383
vn -0.2289 -0.9614 -0.1528
vn -0.1364 -0.9809 -0.1383
vn -0.6982 -0.5431 -0.4664
vn -0.5937 -0.5431 -0.5937
vn -0.8165 0.1893 -0.5455
vn -0.6943 0.1893 -0.6943
vn -0.3225 -0.8142 -0.4827
vn -0.2341 -0.9061 -0.3525
vn -0.4003 -0.6933 -0.5992
vn -0.2534 -0.6936 -0.6743
vn -0.1991 -0.8142 -0.5454
vn -0.1338 -0.9063 -0.4009
vn -0.5455 -0.1893 -0.8164
vn -0.5156 -0.3725 -0.7717
vn -0.5556 -0.0000 -0.8315
vn -0.3613 -0.0000 -0.9325
vn -0.3543 -0.1896 -0.9157
vn -0.3334 -0.3729 -0.8659
vn -0.4664 0.5431 -0.6982
vn -0.5156 0.3724 -0.7717
vn -0.4003 0.6934 -0.5992
vn -0.2534 0.6936 -0.6743
vn -0.2992 0.5436 -0.7842
vn -0.3334 0.3729 -0.8659
vn -0.1500 0.9615 -0.2302
vn -0.2341 0.9061 -0.3525
vn -0.0624 0.9774 -0.2019
vn -0.1338 0.9063 -0.4009
vn -0.1500 -0.9615 -0.2302
vn -0.0623 -0.9774 -0.2020
vn -0.4664 -0.5431 -0.6982
vn -0.2992 -0.5436 -0.7842
vn -0.5455 0.1893 -0.8164
vn -0.3543 0.1896 -0.9157
vn -0.3225 0.8142 -0.4827
vn -0.1992 0.8142 -0.5453
vn -0.0238 0.9677 -0.2508
vn -0.0492 0.9081 -0.4158
vn -0.0238 -0.9678 -0.2508
vn -0.0492 -0.9081 -0.4158
vn -0.1219 -0.5446 -0.8298
vn -0.0988 -0.6948 -0.7124
vn -0.1395 -0.3738 -0.9170
vn -0.1504 0.1901 -0.9702
vn -0.1541 -0.0000 -0.9880
vn -0.1395 0.3738 -0.9170
vn -0.0727 0.8161 -0.5734
vn -0.0988 0.6948 -0.7124
vn -0.0728 -0.8161 -0.5734
vn -0.1504 -0.1901 -0.9702
vn -0.1219 0.5447 -0.8297
vn 0.0315 -0.3775 0.9255
vn 0.1395 -0.3738 0.9170
vn 0.1504 -0.1901 0.9702
vn 0.0349 -0.1922 0.9807
vn 0.3334 -0.3729 0.8659
vn 0.3542 -0.1896 0.9157
vn 0.3613 -0.0000 0.9325
vn 0.1541 -0.0000 0.9880
vn 0.0361 -0.0000 0.9993
vn 0.0315 0.3775 0.9255
vn 0.1395 0.3738 0.9170
vn 0.1219 0.5447 0.8297
vn 0.0263 0.5494 0.8351
vn 0.3334 0.3729 0.8659
vn 0.2992 0.5436 0.7842
vn 0.2534 0.6936 0.6743
vn 0.0988 0.6948 0.7124
vn 0.0196 0.7003 0.7136
vn 0.0026 0.9158 0.4015
vn 0.0492 0.9081 0.4158
vn 0.0238 0.9677 0.2508
vn -0.0001 0.9770 0.2132
vn 0.1338 0.9063 0.4009
vn 0.0624 0.9774 0.2019
vn 0.0623 -0.9774 0.2020
vn 0.0238 -0.9678 0.2508
vn -0.0001 -0.9770 0.2132
vn 0.1338 -0.9063 0.4009
vn 0.0492 -0.9081 0.4158
vn 0.0026 -0.9159 0.4015
vn 0.0196 -0.7003 0.7136
vn 0.0988 -0.6948 0.7124
vn 0.1219 -0.5446 0.8298
vn 0.0263 -0.5494 0.8352
vn 0.2534 -0.6936 0.6743
vn 0.2992 -0.5436 0.7842
vn 0.1504 0.1901 0.9702
vn 0.0349 0.1921 0.9807
vn 0.3542 0.1896 0.9157
vn 0.0727 0.8161 0.5734
vn 0.0115 0.8231 0.5678
vn 0.1992 0.8142 0.5453
vn 0.0728 -0.8161 0.5734
vn 0.0115 -0.8231 0.5678
vn 0.1991 -0.8142 0.5454
vn 0.1364 -0.9809 0.1383
vn 0.1500 -0.9615 0.2302
vn 0.2986 -0.9064 0.2986
vn 0.2341 -0.9061 0.3525
vn 0.4003 -0.6933 0.5992
vn 0.4664 -0.5431 0.6982
vn 0.5096 -0.6933 0.5096
vn 0.5937 -0.5431 0.5937
vn 0.6562 -0.3724 0.6562
vn 0.5156 -0.3724 0.7717
vn 0.5556 -0.0000 0.8315
vn 0.5455 0.1893 0.8164
vn 0.7071 -0.0000 0.7071
vn 0.6943 0.1893 0.6943
vn 0.6562 0.3724 0.6562
vn 0.5156 0.3724 0.7717
vn 0.4003 0.6934 0.5992
vn 0.3225 0.8142 0.4827
vn 0.5096 0.6933 0.5096
vn 0.4106 0.8141 0.4106
vn 0.2986 0.9065 0.2986
vn 0.2341 0.9061 0.3525
vn 0.3225 -0.8142 0.4827
vn 0.4106 -0.8141 0.4106
vn 0.5455 -0.1893 0.8164
vn 0.6943 -0.1893 0.6943
vn 0.4664 0.5431 0.6982
vn 0.5937 0.5432 0.5937
vn 0.1500 0.9615 0.2302
vn 0.1364 0.9809 0.1383
vn 0.5992 0.6934 0.4003
vn 0.4827 0.8142 0.3225
vn 0.6658 0.6933 0.2758
vn 0.5365 0.8141 0.2222
vn 0.3899 0.9066 0.1616
vn 0.3523 0.9059 0.2352
vn 0.3523 -0.9058 0.2352
vn 0.4827 -0.8142 0.3225
vn 0.3900 -0.9065 0.1616
vn 0.5365 -0.8141 0.2223
vn 0.6658 -0.6933 0.2758
vn 0.5992 -0.6933 0.4003
vn 0.7717 -0.3724 0.5156
vn 0.8165 -0.1893 0.5455
vn 0.8574 -0.3725 0.3552
vn 0.9072 -0.1893 0.3758
vn 0.9239 -0.0000 0.3827
vn 0.8315 -0.0000 0.5556
vn 0.7717 0.3724 0.5156
vn 0.6982 0.5431 0.4664
vn 0.8574 0.3724 0.3552
vn 0.7757 0.5432 0.3213
vn 0.2288 0.9615 0.1525
vn 0.1775 0.9814 0.0733
vn 0.1775 -0.9814 0.0733
vn 0.2288 -0.9615 0.1525
vn 0.6982 -0.5431 0.4664
vn 0.7757 -0.5431 0.3213
vn 0.8165 0.1893 0.5455
vn 0.9072 0.1893 0.3758
vn 0.4153 -0.9059 0.0826
vn 0.5694 -0.8142 0.1133
vn 0.7068 -0.6934 0.1406
vn 0.9102 -0.3724 0.1811
vn 0.9631 -0.1893 0.1915
vn 0.9808 -0.0000 0.1951
vn 0.9102 0.3724 0.1811
vn 0.8235 0.5432 0.1638
vn 0.7067 0.6934 0.1406
vn 0.4153 0.9059 0.0826
vn 0.2690 0.9617 0.0534
vn 0.2690 -0.9617 0.0534
vn 0.8235 -0.5431 0.1638
vn 0.9631 0.1893 0.1915
vn 0.5694 0.8142 0.1133
vn -0.0000 -0.7037 0.7105
vn -0.0000 -0.8273 0.5617
vn -0.0196 -0.7003 0.7136
vn -0.0115 -0.8231 0.5678
vn -0.0026 -0.9159 0.4015
vn -0.0000 -0.9201 0.3916
vn -0.0000 -0.0000 1.0000
vn -0.0000 -0.1936 0.9811
vn -0.0361 -0.0000 0.9993
vn -0.0350 -0.1922 0.9807
vn -0.0315 -0.3775 0.9255
vn -0.0000 -0.3800 0.9250
vn -0.0000 -0.5524 0.8336
vn -0.0263 -0.5494 0.8352
vn -0.0000 0.3800 0.9250
vn -0.0000 0.1935 0.9811
vn -0.0315 0.3775 0.9255
vn -0.0350 0.1921 0.9807
vn -0.0000 0.9786 0.2060
vn 0.0001 0.9770 0.2132
vn -0.0026 0.9158 0.4015
vn -0.0000 0.9201 0.3916
vn -0.0000 0.7037 0.7105
vn -0.0000 0.5524 0.8335
vn -0.0196 0.7003 0.7136
vn -0.0263 0.5494 0.8351
vn -0.0000 0.8273 0.5617
vn -0.0115 0.8231 0.5678
vn -0.0000 -0.9786 0.2060
vn 0.0001 -0.9770 0.2132
vn -0.1775 -0.9814 0.0733
vn -0.2690 -0.9617 0.0534
vn -0.3900 -0.9065 0.1615
vn -0.4153 -0.9059 0.0826
vn -0.7068 -0.6934 0.1406
vn -0.8235 -0.5431 0.1638
vn -0.6658 -0.6933 0.2758
vn -0.7757 -0.5431 0.3213
vn -0.8574 -0.3725 0.3552
vn -0.9102 -0.3725 0.1811
vn -0.9808 -0.0000 0.1951
vn -0.9630 0.1893 0.1916
vn -0.9239 -0.0000 0.3827
vn -0.9072 0.1893 0.3758
vn -0.8574 0.3724 0.3552
vn -0.9102 0.3724 0.1811
vn -0.7067 0.6934 0.1406
vn -0.5694 0.8142 0.1133
vn -0.6658 0.6933 0.2758
vn -0.5365 0.8141 0.2222
vn -0.3900 0.9066 0.1615
vn -0.4153 0.9059 0.0826
vn -0.5694 -0.8142 0.1133
vn -0.5365 -0.8141 0.2222
vn -0.9630 -0.1893 0.1916
vn -0.9072 -0.1893 0.3758
vn -0.8235 0.5432 0.1638
vn -0.7757 0.5432 0.3213
vn -0.2690 0.9617 0.0534
vn -0.1775 0.9814 0.0733
vn -0.5992 0.6934 0.4003
vn -0.4827 0.8142 0.3225
vn -0.5096 0.6933 0.5096
vn -0.4106 0.8141 0.4106
vn -0.2986 0.9064 0.2986
vn -0.3523 0.9058 0.2352
vn -0.3523 -0.9058 0.2352
vn -0.4827 -0.8142 0.3225
vn -0.2986 -0.9064 0.2987
vn -0.4106 -0.8141 0.4107
vn -0.5096 -0.6933 0.5096
vn -0.5992 -0.6933 0.4003
vn -0.7717 -0.3724 0.5156
vn -0.8165 -0.1893 0.5455
vn -0.6562 -0.3724 0.6562
vn -0.6943 -0.1893 0.6943
vn -0.7071 -0.0000 0.7071
vn -0.8315 -0.0000 0.5556
vn -0.7717 0.3724 0.5156
vn -0.6982 0.5431 0.4664
vn -0.6562 0.3724 0.6562
vn -0.5937 0.5432 0.5937
vn -0.2288 0.9615 0.1525
vn -0.1364 0.9809 0.1383
vn -0.1364 -0.9809 0.1383
vn -0.2288 -0.9615 0.1525
vn -0.6982 -0.5431 0.4664
vn -0.5937 -0.5431 0.5937
vn -0.8165 0.1893 0.5455
vn -0.6943 0.1893 0.6943
vn -0.2341 -0.9061 0.3525
vn -0.3225 -0.8142 0.4827
vn -0.1338 -0.9063 0.4009
vn -0.1991 -0.8142 0.5454
vn -0.2534 -0.6936 0.6743
vn -0.4003 -0.6933 0.5992
vn -0.5156 -0.3725 0.7717
vn -0.5455 -0.1893 0.8164
vn -0.3334 -0.3729 0.8659
vn -0.3543 -0.1896 0.9157
vn -0.3613 -0.0000 0.9325
vn -0.5556 -0.0000 0.8315
vn -0.5156 0.3724 0.7717
vn -0.4664 0.5431 0.6982
vn -0.3334 0.3729 0.8659
vn -0.2992 0.5436 0.7842
vn -0.2534 0.6936 0.6743
vn -0.4003 0.6934 0.5992
vn -0.2341 0.9061 0.3525
vn -0.1500 0.9615 0.2302
vn -0.1338 0.9063 0.4009
vn -0.0624 0.9774 0.2019
vn -0.0623 -0.9774 0.2020
vn -0.1500 -0.9615 0.2302
vn -0.4664 -0.5431 0.6982
vn -0.2992 -0.5436 0.7842
vn -0.5455 0.1893 0.8164
vn -0.3543 0.1896 0.9157
vn -0.3225 0.8142 0.4827
vn -0.1992 0.8142 0.5453
vn -0.0492 0.9081 0.4158
vn -0.0238 0.9677 0.2508
vn -0.0238 -0.9678 0.2508
vn -0.0492 -0.9081 0.4158
vn -0.0988 -0.6948 0.7124
vn -0.1219 -0.5446 0.8298
vn -0.1395 -0.3738 0.9170
vn -0.1541 -0.0000 0.9880
vn -0.1504 0.1901 0.9702
vn -0.1395 0.3738 0.9170
vn -0.0988 0.6948 0.7124
vn -0.0727 0.8161 0.5734
vn -0.0728 -0.8161 0.5734
vn -0.1504 -0.1901 0.9702
vn -0.1219 0.5447 0.8297
vt 0.988358 0.742368
vt 0.940061 0.757276
vt 0.920827 0.749488
vt 0.954087 0.735032
vt 0.885438 0.762337
vt 0.885438 0.754393
vt 0.885438 0.739252
vt 0.915874 0.734641
vt 0.945071 0.721037
vt 0.782510 0.742368
vt 0.743691 0.718111
vt 0.787262 0.711504
vt 0.816784 0.735032
vt 0.714368 0.685501
vt 0.762321 0.679884
vt 0.774938 0.669178
vt 0.798877 0.698914
vt 0.825800 0.721037
vt 0.679060 0.602249
vt 0.675399 0.556651
vt 0.718108 0.568883
vt 0.727642 0.601727
vt 0.710897 0.500000
vt 0.725613 0.556694
vt 0.738274 0.594991
vt 1.059979 0.500000
vt 1.095473 0.556651
vt 1.052764 0.568883
vt 1.045263 0.556694
vt 1.091816 0.602249
vt 1.043234 0.601727
vt 1.032602 0.594991
vt 1.056508 0.685501
vt 1.027178 0.718111
vt 0.983609 0.711504
vt 1.008555 0.679884
vt 0.971995 0.698914
vt 0.995938 0.669178
vt 0.830815 0.757276
vt 0.850049 0.749488
vt 0.855002 0.734641
vt 0.693253 0.645972
vt 0.742320 0.641873
vt 0.754503 0.633339
vt 1.077623 0.645972
vt 1.028552 0.641873
vt 1.016369 0.633339
vt 1.038164 0.558916
vt 1.037869 0.543471
vt 1.026860 0.586300
vt 1.022588 0.572703
vt 0.965169 0.679006
vt 0.988593 0.652249
vt 0.939794 0.698914
vt 0.935869 0.669178
vt 0.959987 0.652249
vt 0.982871 0.629485
vt 0.857884 0.711156
vt 0.885438 0.715306
vt 0.831078 0.698914
vt 0.835002 0.669178
vt 0.859998 0.679588
vt 0.885438 0.683113
vt 0.761364 0.620099
vt 0.782283 0.652249
vt 0.744016 0.586300
vt 0.748288 0.572703
vt 0.766809 0.602058
vt 0.788005 0.629485
vt 1.009512 0.620099
vt 1.004063 0.602058
vt 0.912992 0.711156
vt 0.910879 0.679588
vt 0.805702 0.679006
vt 0.810885 0.652249
vt 0.732712 0.558916
vt 0.733007 0.543471
vt 0.771012 0.580248
vt 0.792267 0.601727
vt 0.752113 0.557666
vt 0.754324 0.539347
vt 0.773905 0.555235
vt 0.795213 0.570073
vt 0.999864 0.580248
vt 1.018763 0.557666
vt 0.978609 0.601727
vt 0.975663 0.570073
vt 0.996968 0.555235
vt 1.016552 0.539347
vt 0.909372 0.641092
vt 0.933046 0.632913
vt 0.885438 0.643862
vt 0.885438 0.599098
vt 0.908362 0.597187
vt 0.931140 0.591561
vt 0.814670 0.619613
vt 0.837826 0.632913
vt 0.817252 0.582393
vt 0.839733 0.591561
vt 0.738842 0.539365
vt 0.737185 0.523528
vt 1.032034 0.539365
vt 1.033691 0.523528
vt 0.956202 0.619613
vt 0.953620 0.582393
vt 0.861504 0.641092
vt 0.862514 0.597187
vt 0.995203 0.528182
vt 1.014718 0.520246
vt 0.973938 0.535718
vt 0.973369 0.500000
vt 0.994659 0.500000
vt 1.014544 0.500000
vt 0.907782 0.549539
vt 0.930041 0.546675
vt 0.885438 0.550521
vt 0.885438 0.500000
vt 0.907593 0.500000
vt 0.929680 0.500000
vt 0.818750 0.542004
vt 0.840832 0.546675
vt 0.796938 0.535718
vt 0.797508 0.500000
vt 0.819244 0.500000
vt 0.841192 0.500000
vt 0.741982 0.513822
vt 0.756158 0.520246
vt 0.738605 0.500000
vt 0.756332 0.500000
vt 1.028894 0.513822
vt 1.032271 0.500000
vt 0.952122 0.542004
vt 0.951628 0.500000
vt 0.863094 0.549539
vt 0.863283 0.500000
vt 0.775673 0.528182
vt 0.776214 0.500000
vt 1.270876 0.647195
vt 1.270876 0.687289
vt 1.270876 0.601824
vt -0.270876 0.647195
vt -0.270876 0.601824
vt -0.091821 0.602249
vt -0.077628 0.645972
vt -0.270876 0.687289
vt -0.056508 0.685501
vt 1.270876 0.759759
vt 0.500000 0.764863
vt 1.270876 0.744704
vt -0.270876 0.759759
vt -0.270876 0.744704
vt 0.011638 0.742368
vt 0.059939 0.757276
vt 0.114562 0.762337
vt 1.270876 0.720212
vt -0.270876 0.720212
vt -0.027183 0.718111
vt 0.500000 0.759759
vt 0.500000 0.744704
vt 0.169185 0.757276
vt 0.217493 0.742368
vt 0.500000 0.552657
vt 0.500000 0.500000
vt 0.500000 0.601824
vt 0.320945 0.602249
vt 0.324606 0.556651
vt 0.289106 0.500000
vt 0.500000 0.720212
vt 0.500000 0.687289
vt 0.256313 0.718111
vt 0.285632 0.685501
vt 0.500000 0.647195
vt 0.306752 0.645972
vt 1.270876 0.552657
vt 1.270876 0.500000
vt -0.270876 0.552657
vt -0.270876 0.500000
vt -0.059982 0.500000
vt -0.095478 0.556651
vt -0.032274 0.500000
vt -0.028896 0.513822
vt -0.033694 0.523528
vt -0.014546 0.500000
vt -0.014720 0.520246
vt -0.016554 0.539347
vt 0.026630 0.500000
vt 0.048371 0.500000
vt 0.047877 0.542004
vt 0.026060 0.535718
vt 0.070319 0.500000
vt 0.069959 0.546675
vt 0.068860 0.591561
vt 0.046378 0.582393
vt 0.024336 0.570073
vt 0.114562 0.500000
vt 0.136717 0.500000
vt 0.136907 0.549539
vt 0.114562 0.550521
vt 0.158808 0.500000
vt 0.159169 0.546675
vt 0.160268 0.591561
vt 0.137487 0.597187
vt 0.114562 0.599098
vt 0.202494 0.500000
vt 0.223788 0.500000
vt 0.224329 0.528182
vt 0.203064 0.535718
vt 0.243670 0.500000
vt 0.243844 0.520246
vt 0.245678 0.539347
vt 0.226097 0.555235
vt 0.204788 0.570073
vt 0.005339 0.500000
vt 0.004795 0.528182
vt 0.003031 0.555235
vt 0.092407 0.500000
vt 0.092217 0.549539
vt 0.091637 0.597187
vt 0.180757 0.500000
vt 0.181251 0.542004
vt 0.182749 0.582393
vt 0.261398 0.500000
vt 0.258020 0.513822
vt 0.262818 0.523528
vt 0.228990 0.580248
vt 0.207735 0.601727
vt 0.247887 0.557666
vt 0.251714 0.572703
vt 0.233193 0.602058
vt 0.211996 0.629485
vt 0.000134 0.580248
vt -0.018763 0.557666
vt 0.021389 0.601727
vt 0.017127 0.629485
vt -0.004065 0.602058
vt -0.022590 0.572703
vt 0.090627 0.641092
vt 0.066953 0.632913
vt 0.114562 0.643862
vt 0.114562 0.683113
vt 0.089121 0.679588
vt 0.064130 0.669178
vt 0.185331 0.619613
vt 0.162174 0.632913
vt 0.189117 0.652249
vt 0.164999 0.669178
vt 0.261161 0.539365
vt 0.266993 0.543471
vt -0.032037 0.539365
vt -0.037869 0.543471
vt 0.043796 0.619613
vt 0.040011 0.652249
vt 0.138497 0.641092
vt 0.140003 0.679588
vt -0.009514 0.620099
vt -0.026863 0.586300
vt 0.011405 0.652249
vt 0.004060 0.669178
vt -0.016372 0.633339
vt -0.032605 0.594991
vt 0.087007 0.711156
vt 0.060205 0.698914
vt 0.114562 0.715306
vt 0.114562 0.739252
vt 0.084126 0.734642
vt 0.054928 0.721037
vt 0.194299 0.679006
vt 0.168923 0.698914
vt 0.217719 0.652249
vt 0.225064 0.669178
vt 0.201125 0.698914
vt 0.174201 0.721037
vt 0.267291 0.558916
vt 0.255987 0.586300
vt 0.274390 0.556694
vt 0.261728 0.594991
vt -0.038167 0.558916
vt -0.045266 0.556694
vt 0.034829 0.679006
vt 0.028004 0.698914
vt 0.142117 0.711156
vt 0.144998 0.734642
vt 0.238638 0.620099
vt 0.245500 0.633339
vt 0.281896 0.568883
vt 0.272358 0.601727
vt -0.052768 0.568883
vt -0.043234 0.601727
vt 0.016389 0.711504
vt -0.008558 0.679884
vt 0.045913 0.735032
vt 0.149952 0.749488
vt 0.114562 0.754393
vt 0.183216 0.735032
vt 0.257683 0.641873
vt 0.237681 0.679884
vt -0.028555 0.641873
vt 0.079172 0.749488
vt 0.212740 0.711504
vt 0.988358 0.257632
vt 0.954087 0.264968
vt 0.920827 0.250513
vt 0.940061 0.242725
vt 0.945071 0.278964
vt 0.915874 0.265359
vt 0.885438 0.260749
vt 0.885438 0.245607
vt 0.885438 0.237663
vt 0.782510 0.257632
vt 0.816784 0.264968
vt 0.787262 0.288496
vt 0.743691 0.281890
vt 0.825800 0.278964
vt 0.798877 0.301085
vt 0.774938 0.330822
vt 0.762321 0.320117
vt 0.714368 0.314499
vt 0.679060 0.397752
vt 0.727642 0.398272
vt 0.718108 0.431117
vt 0.675399 0.443350
vt 0.738274 0.405010
vt 0.725613 0.443306
vt 1.045263 0.443306
vt 1.052764 0.431117
vt 1.095473 0.443350
vt 1.032602 0.405010
vt 1.043234 0.398272
vt 1.091816 0.397752
vt 1.056508 0.314499
vt 1.008555 0.320117
vt 0.983609 0.288496
vt 1.027179 0.281890
vt 0.995938 0.330822
vt 0.971995 0.301085
vt 0.850049 0.250513
vt 0.830815 0.242725
vt 0.855002 0.265359
vt 0.742320 0.358126
vt 0.693253 0.354029
vt 0.754503 0.366661
vt 1.028552 0.358126
vt 1.077623 0.354029
vt 1.016369 0.366661
vt 1.037869 0.456529
vt 1.038164 0.441084
vt 1.022588 0.427297
vt 1.026860 0.413700
vt 0.988593 0.347752
vt 0.965169 0.320993
vt 0.982871 0.370516
vt 0.959987 0.347752
vt 0.935869 0.330822
vt 0.939794 0.301085
vt 0.885438 0.284694
vt 0.857884 0.288844
vt 0.885438 0.316887
vt 0.859998 0.320412
vt 0.835002 0.330822
vt 0.831078 0.301085
vt 0.782283 0.347752
vt 0.761364 0.379901
vt 0.788005 0.370516
vt 0.766809 0.397943
vt 0.748288 0.427297
vt 0.744016 0.413700
vt 1.009512 0.379901
vt 1.004063 0.397943
vt 0.912992 0.288844
vt 0.910879 0.320412
vt 0.805702 0.320993
vt 0.810885 0.347752
vt 0.732712 0.441084
vt 0.733007 0.456529
vt 0.792267 0.398272
vt 0.771012 0.419752
vt 0.795213 0.429927
vt 0.773905 0.444765
vt 0.754324 0.460653
vt 0.752113 0.442334
vt 1.018763 0.442334
vt 0.999864 0.419752
vt 1.016552 0.460653
vt 0.996968 0.444765
vt 0.975663 0.429927
vt 0.978609 0.398272
vt 0.933046 0.367087
vt 0.909372 0.358908
vt 0.931140 0.408439
vt 0.908362 0.402813
vt 0.885438 0.400903
vt 0.885438 0.356138
vt 0.837826 0.367087
vt 0.814670 0.380387
vt 0.839733 0.408439
vt 0.817252 0.417607
vt 0.738842 0.460636
vt 0.737185 0.476472
vt 1.033691 0.476472
vt 1.032034 0.460636
vt 0.956202 0.380387
vt 0.953620 0.417607
vt 0.861504 0.358908
vt 0.862514 0.402813
vt 1.014718 0.479753
vt 0.995203 0.471818
vt 0.973938 0.464282
vt 0.930041 0.453326
vt 0.907782 0.450460
vt 0.885438 0.449479
vt 0.840832 0.453326
vt 0.818750 0.457996
vt 0.796938 0.464282
vt 0.756158 0.479753
vt 0.741982 0.486178
vt 1.028894 0.486178
vt 0.952122 0.457996
vt 0.863094 0.450460
vt 0.775673 0.471818
vt 1.270876 0.312711
vt 1.270876 0.352804
vt -0.270876 0.312711
vt -0.056508 0.314499
vt -0.077628 0.354029
vt -0.270876 0.352804
vt -0.091821 0.397752
vt -0.270876 0.398177
vt 1.270876 0.398177
vt 0.500000 0.235136
vt 1.270876 0.240241
vt 0.114562 0.237663
vt 0.059939 0.242725
vt -0.270876 0.240241
vt 0.011638 0.257632
vt -0.270876 0.255296
vt 1.270876 0.255296
vt 1.270876 0.279789
vt -0.027183 0.281890
vt -0.270876 0.279789
vt 0.500000 0.255296
vt 0.500000 0.240241
vt 0.217493 0.257632
vt 0.169185 0.242725
vt 0.500000 0.447343
vt 0.324606 0.443350
vt 0.320945 0.397752
vt 0.500000 0.398177
vt 0.500000 0.312711
vt 0.500000 0.279789
vt 0.285632 0.314499
vt 0.256313 0.281890
vt 0.500000 0.352804
vt 0.306752 0.354029
vt 1.270876 0.447343
vt -0.095478 0.443350
vt -0.270876 0.447343
vt -0.033694 0.476472
vt -0.028896 0.486178
vt -0.016554 0.460653
vt -0.014720 0.479754
vt 0.026060 0.464282
vt 0.047877 0.457996
vt 0.024336 0.429927
vt 0.046378 0.417607
vt 0.068860 0.408439
vt 0.069959 0.453326
vt 0.114562 0.449479
vt 0.136907 0.450460
vt 0.114562 0.400903
vt 0.137487 0.402813
vt 0.160268 0.408439
vt 0.159169 0.453326
vt 0.203064 0.464282
vt 0.224329 0.471818
vt 0.204788 0.429927
vt 0.226097 0.444765
vt 0.245678 0.460653
vt 0.243844 0.479754
vt 0.004795 0.471818
vt 0.003031 0.444765
vt 0.092217 0.450460
vt 0.091637 0.402813
vt 0.181251 0.457996
vt 0.182749 0.417607
vt 0.258020 0.486178
vt 0.262818 0.476472
vt 0.207735 0.398272
vt 0.228990 0.419752
vt 0.211996 0.370516
vt 0.233193 0.397943
vt 0.251714 0.427297
vt 0.247887 0.442334
vt -0.018763 0.442334
vt 0.000134 0.419752
vt -0.022590 0.427297
vt -0.004065 0.397943
vt 0.017127 0.370516
vt 0.021389 0.398272
vt 0.066953 0.367087
vt 0.090627 0.358908
vt 0.064130 0.330822
vt 0.089121 0.320412
vt 0.114562 0.316887
vt 0.114562 0.356139
vt 0.162174 0.367087
vt 0.185331 0.380387
vt 0.164999 0.330822
vt 0.189117 0.347752
vt 0.261161 0.460636
vt 0.266993 0.456529
vt -0.037869 0.456529
vt -0.032037 0.460636
vt 0.043796 0.380387
vt 0.040011 0.347752
vt 0.138497 0.358908
vt 0.140003 0.320412
vt -0.026863 0.413701
vt -0.009514 0.379901
vt -0.032605 0.405010
vt -0.016372 0.366661
vt 0.004060 0.330822
vt 0.011405 0.347752
vt 0.060205 0.301085
vt 0.087007 0.288844
vt 0.054928 0.278964
vt 0.084126 0.265359
vt 0.114562 0.260749
vt 0.114562 0.284694
vt 0.168923 0.301085
vt 0.194299 0.320993
vt 0.174201 0.278964
vt 0.201125 0.301085
vt 0.225064 0.330822
vt 0.217719 0.347752
vt 0.255987 0.413701
vt 0.267291 0.441084
vt 0.261728 0.405010
vt 0.274390 0.443306
vt -0.045266 0.443306
vt -0.038167 0.441084
vt 0.034829 0.320993
vt 0.028004 0.301085
vt 0.142117 0.288844
vt 0.144998 0.265359
vt 0.238638 0.379901
vt 0.245500 0.366661
vt 0.272358 0.398272
vt 0.281896 0.431117
vt -0.052768 0.431117
vt -0.043234 0.398272
vt -0.008558 0.320117
vt 0.016389 0.288496
vt 0.045913 0.264968
vt 0.114562 0.245607
vt 0.149952 0.250513
vt 0.183216 0.264968
vt 0.237681 0.320117
vt 0.257683 0.358127
vt -0.028555 0.358127
vt 0.079172 0.250513
vt 0.212740 0.288496
s 1
usemtl Glass
f 5/1/1 134/2/2 403/3/3 141/4/4
f 134/2/2 4/5/5 142/6/6 403/3/3
f 403/3/3 142/6/6 10/7/7 138/8/8
f 141/4/4 403/3/3 138/8/8 11/9/9
f 3/10/10 132/11/11 404/12/12 143/13/13
f 132/11/11 2/14/14 144/15/15 404/12/12
f 404/12/12 144/15/15 8/16/16 136/17/17
f 143/13/13 404/12/12 136/17/17 9/18/18
f 1/19/19 186/20/20 405/21/21 145/22/22
f 36/23/23 190/24/24 405/21/21 186/20/20
f 7/25/25 145/22/22 405/21/21 190/24/24
f 35/26/26 189/27/27 406/28/28 191/29/29
f 6/30/30 146/31/31 406/28/28 189/27/27
f 13/32/32 191/29/29 406/28/28 146/31/31
f 37/33/33 187/34/34 407/35/35 192/36/36
f 187/34/34 5/1/1 141/4/4 407/35/35
f 407/35/35 141/4/4 11/9/9 139/37/37
f 192/36/36 407/35/35 139/37/37 12/38/38
f 4/5/5 133/39/39 408/40/40 142/6/6
f 133/39/39 3/10/10 143/13/13 408/40/40
f 408/40/40 143/13/13 9/18/18 137/41/41
f 142/6/6 408/40/40 137/41/41 10/7/7
f 2/14/14 131/42/42 409/43/43 144/15/15
f 131/42/42 1/19/19 145/22/22 409/43/43
f 409/43/43 145/22/22 7/25/25 135/44/44
f 144/15/15 409/43/43 135/44/44 8/16/16
f 6/30/30 188/45/45 410/46/46 146/31/31
f 188/45/45 37/33/33 192/36/36 410/46/46
f 410/46/46 192/36/36 12/38/38 140/47/47
f 146/31/31 410/46/46 140/47/47 13/32/32
f 35/26/26 191/29/29 411/48/48 194/49/49
f 13/32/32 153/50/50 411/48/48 191/29/29
f 20/51/51 194/49/49 411/48/48 153/50/50
f 12/38/38 139/37/37 412/52/52 154/53/53
f 139/37/37 11/9/9 155/54/54 412/52/52
f 412/52/52 155/54/54 18/55/55 151/56/56
f 154/53/53 412/52/52 151/56/56 19/57/57
f 10/7/7 137/41/41 413/58/58 156/59/59
f 137/41/41 9/18/18 157/60/60 413/58/58
f 413/58/58 157/60/60 16/61/61 149/62/62
f 156/59/59 413/58/58 149/62/62 17/63/63
f 8/16/16 135/44/44 414/64/64 158/65/65
f 135/44/44 7/25/25 159/66/66 414/64/64
f 414/64/64 159/66/66 14/67/67 147/68/68
f 158/65/65 414/64/64 147/68/68 15/69/69
f 13/32/32 140/47/47 415/70/70 153/50/50
f 140/47/47 12/38/38 154/53/53 415/70/70
f 415/70/70 154/53/53 19/57/57 152/71/71
f 153/50/50 415/70/70 152/71/71 20/51/51
f 11/9/9 138/8/8 416/72/72 155/54/54
f 138/8/8 10/7/7 156/59/59 416/72/72
f 416/72/72 156/59/59 17/63/63 150/73/73
f 155/54/54 416/72/72 150/73/73 18/55/55
f 9/18/18 136/17/17 417/74/74 157/60/60
f 136/17/17 8/16/16 158/65/65 417/74/74
f 417/74/74 158/65/65 15/69/69 148/75/75
f 157/60/60 417/74/74 148/75/75 16/61/61
f 7/25/25 190/24/24 418/76/76 159/66/66
f 36/23/23 193/77/77 418/76/76 190/24/24
f 14/67/67 159/66/66 418/76/76 193/77/77
f 15/69/69 147/68/68 419/78/78 166/79/79
f 147/68/68 14/67/67 167/80/80 419/78/78
f 419/78/78 167/80/80 21/81/81 160/82/82
f 166/79/79 419/78/78 160/82/82 22/83/83
f 20/51/51 152/71/71 420/84/84 168/85/85
f 152/71/71 19/57/57 169/86/86 420/84/84
f 420/84/84 169/86/86 26/87/87 165/88/88
f 168/85/85 420/84/84 165/88/88 27/89/89
f 18/55/55 150/73/73 421/90/90 170/91/91
f 150/73/73 17/63/63 171/92/92 421/90/90
f 421/90/90 171/92/92 24/93/93 163/94/94
f 170/91/91 421/90/90 163/94/94 25/95/95
f 16/61/61 148/75/75 422/96/96 172/97/97
f 148/75/75 15/69/69 166/79/79 422/96/96
f 422/96/96 166/79/79 22/83/83 161/98/98
f 172/97/97 422/96/96 161/98/98 23/99/99
f 14/67/67 193/77/77 423/100/100 167/80/80
f 36/23/23 195/101/101 423/100/100 193/77/77
f 21/81/81 167/80/80 423/100/100 195/101/101
f 35/26/26 194/49/49 424/102/102 196/103/103
f 20/51/51 168/85/85 424/102/102 194/49/49
f 27/89/89 196/103/103 424/102/102 168/85/85
f 19/57/57 151/56/56 425/104/104 169/86/86
f 151/56/56 18/55/55 170/91/91 425/104/104
f 425/104/104 170/91/91 25/95/95 164/105/105
f 169/86/86 425/104/104 164/105/105 26/87/87
f 17/63/63 149/62/62 426/106/106 171/92/92
f 149/62/62 16/61/61 172/97/97 426/106/106
f 426/106/106 172/97/97 23/99/99 162/107/107
f 171/92/92 426/106/106 162/107/107 24/93/93
f 27/89/89 165/88/88 427/108/108 179/109/109
f 165/88/88 26/87/87 180/110/110 427/108/108
f 427/108/108 180/110/110 33/111/111 178/112/112
f 179/109/109 427/108/108 178/112/112 34/113/113
f 25/95/95 163/94/94 428/114/114 181/115/115
f 163/94/94 24/93/93 182/116/116 428/114/114
f 428/114/114 182/116/116 31/117/117 176/118/118
f 181/115/115 428/114/114 176/118/118 32/119/119
f 23/99/99 161/98/98 429/120/120 183/121/121
f 161/98/98 22/83/83 184/122/122 429/120/120
f 429/120/120 184/122/122 29/123/123 174/124/124
f 183/121/121 429/120/120 174/124/124 30/125/125
f 21/81/81 195/101/101 430/126/126 185/127/127
f 36/23/23 197/128/128 430/126/126 195/101/101
f 28/129/129 185/127/127 430/126/126 197/128/128
f 35/26/26 196/103/103 431/130/130 198/131/131
f 27/89/89 179/109/109 431/130/130 196/103/103
f 34/113/113 198/131/131 431/130/130 179/109/109
f 26/87/87 164/105/105 432/132/132 180/110/110
f 164/105/105 25/95/95 181/115/115 432/132/132
f 432/132/132 181/115/115 32/119/119 177/133/133
f 180/110/110 432/132/132 177/133/133 33/111/111
f 24/93/93 162/107/107 433/134/134 182/116/116
f 162/107/107 23/99/99 183/121/121 433/134/134
f 433/134/134 183/121/121 30/125/125 175/135/135
f 182/116/116 433/134/134 175/135/135 31/117/117
f 22/83/83 160/82/82 434/136/136 184/122/122
f 160/82/82 21/81/81 185/127/127 434/136/136
f 434/136/136 185/127/127 28/129/129 173/137/137
f 184/122/122 434/136/136 173/137/137 29/123/123
f 37/33/33 188/45/45 435/138/138 200/139/139
f 188/45/45 6/30/30 206/140/140 435/138/138
f 435/141/138 206/142/140 43/143/141 260/144/142
f 200/145/139 435/141/138 260/144/142 74/146/143
f 4/5/5 134/2/2 436/147/144 201/148/145
f 134/2/2 5/1/1 199/149/146 436/147/144
f 436/150/144 199/151/146 42/152/147 211/153/148
f 201/148/145 436/150/144 211/153/148 41/154/149
f 5/1/1 187/34/34 437/155/150 199/149/146
f 187/34/34 37/33/33 200/139/139 437/155/150
f 437/156/150 200/145/139 74/146/143 259/157/151
f 199/151/146 437/156/150 259/157/151 42/152/147
f 3/10/10 133/39/39 438/158/152 202/159/153
f 133/39/39 4/5/5 201/148/145 438/158/152
f 438/158/152 201/148/145 41/154/149 210/160/154
f 202/159/153 438/158/152 210/160/154 40/161/155
f 36/23/23 186/20/20 439/162/156 205/163/157
f 186/20/20 1/19/19 203/164/158 439/162/156
f 439/162/156 203/164/158 38/165/159 258/166/160
f 205/163/157 439/162/156 258/166/160 45/167/161
f 2/14/14 132/11/11 440/168/162 204/169/163
f 132/11/11 3/10/10 202/159/153 440/168/162
f 440/168/162 202/159/153 40/161/155 209/170/164
f 204/169/163 440/168/162 209/170/164 39/171/165
f 1/19/19 131/42/42 441/172/166 203/164/158
f 131/42/42 2/14/14 204/169/163 441/172/166
f 441/172/166 204/169/163 39/171/165 208/173/167
f 203/164/158 441/172/166 208/173/167 38/165/159
f 6/30/30 189/27/27 442/174/168 206/140/140
f 189/27/27 35/26/26 207/175/169 442/174/168
f 442/176/168 207/177/169 44/178/170 261/179/171
f 206/142/140 442/176/168 261/179/171 43/143/141
f 44/178/170 263/180/172 443/181/173 265/182/174
f 52/183/175 224/184/176 443/181/173 263/180/172
f 59/185/177 265/182/174 443/181/173 224/184/176
f 51/186/178 216/187/179 444/188/180 225/189/181
f 216/187/179 50/190/182 226/191/183 444/188/180
f 444/188/180 226/191/183 57/192/184 222/193/185
f 225/189/181 444/188/180 222/193/185 58/194/186
f 49/195/187 214/196/188 445/197/189 227/198/190
f 214/196/188 48/199/191 228/200/192 445/197/189
f 445/197/189 228/200/192 55/201/193 220/202/194
f 227/198/190 445/197/189 220/202/194 56/203/195
f 47/204/196 212/205/197 446/206/198 229/207/199
f 212/205/197 46/208/200 230/209/201 446/206/198
f 446/206/198 230/209/201 53/210/202 218/211/203
f 229/207/199 446/206/198 218/211/203 54/212/204
f 52/183/175 217/213/205 447/214/206 224/184/176
f 217/213/205 51/186/178 225/189/181 447/214/206
f 447/214/206 225/189/181 58/194/186 223/215/207
f 224/184/176 447/214/206 223/215/207 59/185/177
f 50/190/182 215/216/208 448/217/209 226/191/183
f 215/216/208 49/195/187 227/198/190 448/217/209
f 448/217/209 227/198/190 56/203/195 221/218/210
f 226/191/183 448/217/209 221/218/210 57/192/184
f 48/199/191 213/219/211 449/220/212 228/200/192
f 213/219/211 47/204/196 229/207/199 449/220/212
f 449/220/212 229/207/199 54/212/204 219/221/213
f 228/200/192 449/220/212 219/221/213 55/201/193
f 46/208/200 262/222/214 450/223/215 230/209/201
f 45/167/161 264/224/216 450/223/215 262/222/214
f 53/210/202 230/209/201 450/223/215 264/224/216
f 54/212/204 218/211/203 451/225/217 237/226/218
f 218/211/203 53/210/202 238/227/219 451/225/217
f 451/225/217 238/227/219 60/228/220 231/229/221
f 237/226/218 451/225/217 231/229/221 61/230/222
f 59/185/177 223/215/207 452/231/223 239/232/224
f 223/215/207 58/194/186 240/233/225 452/231/223
f 452/231/223 240/233/225 65/234/226 236/235/227
f 239/232/224 452/231/223 236/235/227 66/236/228
f 57/192/184 221/218/210 453/237/229 241/238/230
f 221/218/210 56/203/195 242/239/231 453/237/229
f 453/237/229 242/239/231 63/240/232 234/241/233
f 241/238/230 453/237/229 234/241/233 64/242/234
f 55/201/193 219/221/213 454/243/235 243/244/236
f 219/221/213 54/212/204 237/226/218 454/243/235
f 454/243/235 237/226/218 61/230/222 232/245/237
f 243/244/236 454/243/235 232/245/237 62/246/238
f 53/210/202 264/224/216 455/247/239 238/227/219
f 45/167/161 266/248/240 455/247/239 264/224/216
f 60/228/220 238/227/219 455/247/239 266/248/240
f 44/178/170 265/182/174 456/249/241 267/250/242
f 59/185/177 239/232/224 456/249/241 265/182/174
f 66/236/228 267/250/242 456/249/241 239/232/224
f 58/194/186 222/193/185 457/251/243 240/233/225
f 222/193/185 57/192/184 241/238/230 457/251/243
f 457/251/243 241/238/230 64/242/234 235/252/244
f 240/233/225 457/251/243 235/252/244 65/234/226
f 56/203/195 220/202/194 458/253/245 242/239/231
f 220/202/194 55/201/193 243/244/236 458/253/245
f 458/253/245 243/244/236 62/246/238 233/254/246
f 242/239/231 458/253/245 233/254/246 63/240/232
f 66/236/228 236/235/227 459/255/247 250/256/248
f 236/235/227 65/234/226 251/257/249 459/255/247
f 459/255/247 251/257/249 72/258/250 249/259/251
f 250/256/248 459/255/247 249/259/251 73/260/252
f 64/242/234 234/241/233 460/261/253 252/262/254
f 234/241/233 63/240/232 253/263/255 460/261/253
f 460/261/253 253/263/255 70/264/256 247/265/257
f 252/262/254 460/261/253 247/265/257 71/266/258
f 62/246/238 232/245/237 461/267/259 254/268/260
f 232/245/237 61/230/222 255/269/261 461/267/259
f 461/267/259 255/269/261 68/270/262 245/271/263
f 254/268/260 461/267/259 245/271/263 69/272/264
f 60/228/220 266/248/240 462/273/265 256/274/266
f 45/167/161 268/275/267 462/273/265 266/248/240
f 67/276/268 256/274/266 462/273/265 268/275/267
f 44/178/170 267/250/242 463/277/269 269/278/270
f 66/236/228 250/256/248 463/277/269 267/250/242
f 73/260/252 269/278/270 463/277/269 250/256/248
f 65/234/226 235/252/244 464/279/271 251/257/249
f 235/252/244 64/242/234 252/262/254 464/279/271
f 464/279/271 252/262/254 71/266/258 248/280/272
f 251/257/249 464/279/271 248/280/272 72/258/250
f 63/240/232 233/254/246 465/281/273 253/263/255
f 233/254/246 62/246/238 254/268/260 465/281/273
f 465/281/273 254/268/260 69/272/264 246/282/274
f 253/263/255 465/281/273 246/282/274 70/264/256
f 61/230/222 231/229/221 466/283/275 255/269/261
f 231/229/221 60/228/220 256/274/266 466/283/275
f 466/283/275 256/274/266 67/276/268 244/284/276
f 255/269/261 466/283/275 244/284/276 68/270/262
f 67/276/268 268/275/267 467/285/277 270/286/278
f 45/167/161 258/166/160 467/285/277 268/275/267
f 38/165/159 270/286/278 467/285/277 258/166/160
f 44/178/170 269/278/270 468/287/279 261/179/171
f 73/260/252 271/288/280 468/287/279 269/278/270
f 43/143/141 261/179/171 468/287/279 271/288/280
f 72/258/250 248/280/272 469/289/281 257/290/282
f 248/280/272 71/266/258 272/291/283 469/289/281
f 469/289/281 272/291/283 42/152/147 259/157/151
f 257/290/282 469/289/281 259/157/151 74/146/143
f 70/264/256 246/282/274 470/292/284 273/293/285
f 246/282/274 69/272/264 274/294/286 470/292/284
f 470/292/284 274/294/286 40/161/155 210/160/154
f 273/293/285 470/292/284 210/160/154 41/154/149
f 68/270/262 244/284/276 471/295/287 275/296/288
f 244/284/276 67/276/268 270/286/278 471/295/287
f 471/295/287 270/286/278 38/165/159 208/173/167
f 275/296/288 471/295/287 208/173/167 39/171/165
f 73/260/252 249/259/251 472/297/289 271/288/280
f 249/259/251 72/258/250 257/290/282 472/297/289
f 472/297/289 257/290/282 74/146/143 260/144/142
f 271/288/280 472/297/289 260/144/142 43/143/141
f 71/266/258 247/265/257 473/298/290 272/291/283
f 247/265/257 70/264/256 273/293/285 473/298/290
f 473/298/290 273/293/285 41/154/149 211/153/148
f 272/291/283 473/298/290 211/153/148 42/152/147
f 69/272/264 245/271/263 474/299/291 274/294/286
f 245/271/263 68/270/262 275/296/288 474/299/291
f 474/299/291 275/296/288 39/171/165 209/170/164
f 274/294/286 474/299/291 209/170/164 40/161/155
f 79/300/292 286/301/293 475/302/294 279/303/295
f 286/301/293 85/304/296 283/305/297 475/302/294
f 475/302/294 283/305/297 84/306/298 287/307/299
f 279/303/295 475/302/294 287/307/299 78/308/300
f 77/309/301 288/310/302 476/311/303 277/312/304
f 288/310/302 83/313/305 281/314/306 476/311/303
f 476/311/303 281/314/306 82/315/307 289/316/308
f 277/312/304 476/311/303 289/316/308 76/317/309
f 75/318/310 290/319/311 477/320/312 325/321/313
f 81/322/314 329/323/315 477/320/312 290/319/311
f 36/23/23 325/321/313 477/320/312 329/323/315
f 35/26/26 330/324/316 478/325/317 328/326/318
f 87/327/319 291/328/320 478/325/317 330/324/316
f 80/329/321 328/326/318 478/325/317 291/328/320
f 102/330/322 331/331/323 479/332/324 326/333/325
f 331/331/323 86/334/326 284/335/327 479/332/324
f 479/332/324 284/335/327 85/304/296 286/301/293
f 326/333/325 479/332/324 286/301/293 79/300/292
f 78/308/300 287/307/299 480/336/328 278/337/329
f 287/307/299 84/306/298 282/338/330 480/336/328
f 480/336/328 282/338/330 83/313/305 288/310/302
f 278/337/329 480/336/328 288/310/302 77/309/301
f 76/317/309 289/316/308 481/339/331 276/340/332
f 289/316/308 82/315/307 280/341/333 481/339/331
f 481/339/331 280/341/333 81/322/314 290/319/311
f 276/340/332 481/339/331 290/319/311 75/318/310
f 80/329/321 291/328/320 482/342/334 327/343/335
f 291/328/320 87/327/319 285/344/336 482/342/334
f 482/342/334 285/344/336 86/334/326 331/331/323
f 327/343/335 482/342/334 331/331/323 102/330/322
f 35/26/26 333/345/337 483/346/338 330/324/316
f 94/347/339 298/348/340 483/346/338 333/345/337
f 87/327/319 330/324/316 483/346/338 298/348/340
f 86/334/326 299/349/341 484/350/342 284/335/327
f 299/349/341 93/351/343 296/352/344 484/350/342
f 484/350/342 296/352/344 92/353/345 300/354/346
f 284/335/327 484/350/342 300/354/346 85/304/296
f 84/306/298 301/355/347 485/356/348 282/338/330
f 301/355/347 91/357/349 294/358/350 485/356/348
f 485/356/348 294/358/350 90/359/351 302/360/352
f 282/338/330 485/356/348 302/360/352 83/313/305
f 82/315/307 303/361/353 486/362/354 280/341/333
f 303/361/353 89/363/355 292/364/356 486/362/354
f 486/362/354 292/364/356 88/365/357 304/366/358
f 280/341/333 486/362/354 304/366/358 81/322/314
f 87/327/319 298/348/340 487/367/359 285/344/336
f 298/348/340 94/347/339 297/368/360 487/367/359
f 487/367/359 297/368/360 93/351/343 299/349/341
f 285/344/336 487/367/359 299/349/341 86/334/326
f 85/304/296 300/354/346 488/369/361 283/305/297
f 300/354/346 92/353/345 295/370/362 488/369/361
f 488/369/361 295/370/362 91/357/349 301/355/347
f 283/305/297 488/369/361 301/355/347 84/306/298
f 83/313/305 302/360/352 489/371/363 281/314/306
f 302/360/352 90/359/351 293/372/364 489/371/363
f 489/371/363 293/372/364 89/363/355 303/361/353
f 281/314/306 489/371/363 303/361/353 82/315/307
f 81/322/314 304/366/358 490/373/365 329/323/315
f 88/365/357 332/374/366 490/373/365 304/366/358
f 36/23/23 329/323/315 490/373/365 332/374/366
f 89/363/355 311/375/367 491/376/368 292/364/356
f 311/375/367 96/377/369 305/378/370 491/376/368
f 491/376/368 305/378/370 95/379/371 312/380/372
f 292/364/356 491/376/368 312/380/372 88/365/357
f 94/347/339 313/381/373 492/382/374 297/368/360
f 313/381/373 101/383/375 310/384/376 492/382/374
f 492/382/374 310/384/376 100/385/377 314/386/378
f 297/368/360 492/382/374 314/386/378 93/351/343
f 92/353/345 315/387/379 493/388/380 295/370/362
f 315/387/379 99/389/381 308/390/382 493/388/380
f 493/388/380 308/390/382 98/391/383 316/392/384
f 295/370/362 493/388/380 316/392/384 91/357/349
f 90/359/351 317/393/385 494/394/386 293/372/364
f 317/393/385 97/395/387 306/396/388 494/394/386
f 494/394/386 306/396/388 96/377/369 311/375/367
f 293/372/364 494/394/386 311/375/367 89/363/355
f 88/365/357 312/380/372 495/397/389 332/374/366
f 95/379/371 334/398/390 495/397/389 312/380/372
f 36/23/23 332/374/366 495/397/389 334/398/390
f 35/26/26 335/399/391 496/400/392 333/345/337
f 101/383/375 313/381/373 496/400/392 335/399/391
f 94/347/339 333/345/337 496/400/392 313/381/373
f 93/351/343 314/386/378 497/401/393 296/352/344
f 314/386/378 100/385/377 309/402/394 497/401/393
f 497/401/393 309/402/394 99/389/381 315/387/379
f 296/352/344 497/401/393 315/387/379 92/353/345
f 91/357/349 316/392/384 498/403/395 294/358/350
f 316/392/384 98/391/383 307/404/396 498/403/395
f 498/403/395 307/404/396 97/395/387 317/393/385
f 294/358/350 498/403/395 317/393/385 90/359/351
f 101/383/375 318/405/397 499/406/398 310/384/376
f 318/405/397 34/113/113 178/112/112 499/406/398
f 499/406/398 178/112/112 33/111/111 319/407/399
f 310/384/376 499/406/398 319/407/399 100/385/377
f 99/389/381 320/408/400 500/409/401 308/390/382
f 320/408/400 32/119/119 176/118/118 500/409/401
f 500/409/401 176/118/118 31/117/117 321/410/402
f 308/390/382 500/409/401 321/410/402 98/391/383
f 97/395/387 322/411/403 501/412/404 306/396/388
f 322/411/403 30/125/125 174/124/124 501/412/404
f 501/412/404 174/124/124 29/123/123 323/413/405
f 306/396/388 501/412/404 323/413/405 96/377/369
f 95/379/371 324/414/406 502/415/407 334/398/390
f 28/129/129 197/128/128 502/415/407 324/414/406
f 36/23/23 334/398/390 502/415/407 197/128/128
f 35/26/26 198/131/131 503/416/408 335/399/391
f 34/113/113 318/405/397 503/416/408 198/131/131
f 101/383/375 335/399/391 503/416/408 318/405/397
f 100/385/377 319/407/399 504/417/409 309/402/394
f 319/407/399 33/111/111 177/133/133 504/417/409
f 504/417/409 177/133/133 32/119/119 320/408/400
f 309/402/394 504/417/409 320/408/400 99/389/381
f 98/391/383 321/410/402 505/418/410 307/404/396
f 321/410/402 31/117/117 175/135/135 505/418/410
f 505/418/410 175/135/135 30/125/125 322/411/403
f 307/404/396 505/418/410 322/411/403 97/395/387
f 96/377/369 323/413/405 506/419/411 305/378/370
f 323/413/405 29/123/123 173/137/137 506/419/411
f 506/419/411 173/137/137 28/129/129 324/414/406
f 305/378/370 506/419/411 324/414/406 95/379/371
f 102/330/322 337/420/412 507/421/413 327/343/335
f 337/422/412 130/423/414 389/424/415 507/425/413
f 507/425/413 389/424/415 108/426/416 342/427/417
f 327/343/335 507/421/413 342/428/417 80/329/321
f 78/308/300 338/429/418 508/430/419 279/303/295
f 338/429/418 106/431/420 346/432/421 508/433/419
f 508/433/419 346/432/421 107/434/422 336/435/423
f 279/303/295 508/430/419 336/436/423 79/300/292
f 79/300/292 336/436/423 509/437/424 326/333/325
f 336/435/423 107/434/422 388/438/425 509/439/424
f 509/439/424 388/438/425 130/423/414 337/422/412
f 326/333/325 509/437/424 337/420/412 102/330/322
f 77/309/301 339/440/426 510/441/427 278/337/329
f 339/440/426 105/442/428 345/443/429 510/441/427
f 510/441/427 345/443/429 106/431/420 338/429/418
f 278/337/329 510/441/427 338/429/418 78/308/300
f 36/23/23 205/163/157 511/444/430 325/321/313
f 205/163/157 45/167/161 387/445/431 511/444/430
f 511/444/430 387/445/431 103/446/432 340/447/433
f 325/321/313 511/444/430 340/447/433 75/318/310
f 76/317/309 341/448/434 512/449/435 277/312/304
f 341/448/434 104/450/436 344/451/437 512/449/435
f 512/449/435 344/451/437 105/442/428 339/440/426
f 277/312/304 512/449/435 339/440/426 77/309/301
f 75/318/310 340/447/433 513/452/438 276/340/332
f 340/447/433 103/446/432 343/453/439 513/452/438
f 513/452/438 343/453/439 104/450/436 341/448/434
f 276/340/332 513/452/438 341/448/434 76/317/309
f 80/329/321 342/428/417 514/454/440 328/326/318
f 342/427/417 108/426/416 390/455/441 514/456/440
f 514/456/440 390/455/441 44/178/170 207/177/169
f 328/326/318 514/454/440 207/175/169 35/26/26
f 44/178/170 392/457/442 515/458/443 263/180/172
f 115/459/444 353/460/445 515/458/443 392/457/442
f 52/183/175 263/180/172 515/458/443 353/460/445
f 51/186/178 354/461/446 516/462/447 216/187/179
f 354/461/446 114/463/448 351/464/449 516/462/447
f 516/462/447 351/464/449 113/465/450 355/466/451
f 216/187/179 516/462/447 355/466/451 50/190/182
f 49/195/187 356/467/452 517/468/453 214/196/188
f 356/467/452 112/469/454 349/470/455 517/468/453
f 517/468/453 349/470/455 111/471/456 357/472/457
f 214/196/188 517/468/453 357/472/457 48/199/191
f 47/204/196 358/473/458 518/474/459 212/205/197
f 358/473/458 110/475/460 347/476/461 518/474/459
f 518/474/459 347/476/461 109/477/462 359/478/463
f 212/205/197 518/474/459 359/478/463 46/208/200
f 52/183/175 353/460/445 519/479/464 217/213/205
f 353/460/445 115/459/444 352/480/465 519/479/464
f 519/479/464 352/480/465 114/463/448 354/461/446
f 217/213/205 519/479/464 354/461/446 51/186/178
f 50/190/182 355/466/451 520/481/466 215/216/208
f 355/466/451 113/465/450 350/482/467 520/481/466
f 520/481/466 350/482/467 112/469/454 356/467/452
f 215/216/208 520/481/466 356/467/452 49/195/187
f 48/199/191 357/472/457 521/483/468 213/219/211
f 357/472/457 111/471/456 348/484/469 521/483/468
f 521/483/468 348/484/469 110/475/460 358/473/458
f 213/219/211 521/483/468 358/473/458 47/204/196
f 46/208/200 359/478/463 522/485/470 262/222/214
f 109/477/462 391/486/471 522/485/470 359/478/463
f 45/167/161 262/222/214 522/485/470 391/486/471
f 110/475/460 366/487/472 523/488/473 347/476/461
f 366/487/472 117/489/474 360/490/475 523/488/473
f 523/488/473 360/490/475 116/491/476 367/492/477
f 347/476/461 523/488/473 367/492/477 109/477/462
f 115/459/444 368/493/478 524/494/479 352/480/465
f 368/493/478 122/495/480 365/496/481 524/494/479
f 524/494/479 365/496/481 121/497/482 369/498/483
f 352/480/465 524/494/479 369/498/483 114/463/448
f 113/465/450 370/499/484 525/500/485 350/482/467
f 370/499/484 120/501/486 363/502/487 525/500/485
f 525/500/485 363/502/487 119/503/488 371/504/489
f 350/482/467 525/500/485 371/504/489 112/469/454
f 111/471/456 372/505/490 526/506/491 348/484/469
f 372/505/490 118/507/492 361/508/493 526/506/491
f 526/506/491 361/508/493 117/489/474 366/487/472
f 348/484/469 526/506/491 366/487/472 110/475/460
f 109/477/462 367/492/477 527/509/494 391/486/471
f 116/491/476 393/510/495 527/509/494 367/492/477
f 45/167/161 391/486/471 527/509/494 393/510/495
f 44/178/170 394/511/496 528/512/497 392/457/442
f 122/495/480 368/493/478 528/512/497 394/511/496
f 115/459/444 392/457/442 528/512/497 368/493/478
f 114/463/448 369/498/483 529/513/498 351/464/449
f 369/498/483 121/497/482 364/514/499 529/513/498
f 529/513/498 364/514/499 120/501/486 370/499/484
f 351/464/449 529/513/498 370/499/484 113/465/450
f 112/469/454 371/504/489 530/515/500 349/470/455
f 371/504/489 119/503/488 362/516/501 530/515/500
f 530/515/500 362/516/501 118/507/492 372/505/490
f 349/470/455 530/515/500 372/505/490 111/471/456
f 122/495/480 379/517/502 531/518/503 365/496/481
f 379/517/502 129/519/504 378/520/505 531/518/503
f 531/518/503 378/520/505 128/521/506 380/522/507
f 365/496/481 531/518/503 380/522/507 121/497/482
f 120/501/486 381/523/508 532/524/509 363/502/487
f 381/523/508 127/525/510 376/526/511 532/524/509
f 532/524/509 376/526/511 126/527/512 382/528/513
f 363/502/487 532/524/509 382/528/513 119/503/488
f 118/507/492 383/529/514 533/530/515 361/508/493
f 383/529/514 125/531/516 374/532/517 533/530/515
f 533/530/515 374/532/517 124/533/518 384/534/519
f 361/508/493 533/530/515 384/534/519 117/489/474
f 116/491/476 385/535/520 534/536/521 393/510/495
f 123/537/522 395/538/523 534/536/521 385/535/520
f 45/167/161 393/510/495 534/536/521 395/538/523
f 44/178/170 396/539/524 535/540/525 394/511/496
f 129/519/504 379/517/502 535/540/525 396/539/524
f 122/495/480 394/511/496 535/540/525 379/517/502
f 121/497/482 380/522/507 536/541/526 364/514/499
f 380/522/507 128/521/506 377/542/527 536/541/526
f 536/541/526 377/542/527 127/525/510 381/523/508
f 364/514/499 536/541/526 381/523/508 120/501/486
f 119/503/488 382/528/513 537/543/528 362/516/501
f 382/528/513 126/527/512 375/544/529 537/543/528
f 537/543/528 375/544/529 125/531/516 383/529/514
f 362/516/501 537/543/528 383/529/514 118/507/492
f 117/489/474 384/534/519 538/545/530 360/490/475
f 384/534/519 124/533/518 373/546/531 538/545/530
f 538/545/530 373/546/531 123/537/522 385/535/520
f 360/490/475 538/545/530 385/535/520 116/491/476
f 123/537/522 397/547/532 539/548/533 395/538/523
f 103/446/432 387/445/431 539/548/533 397/547/532
f 45/167/161 395/538/523 539/548/533 387/445/431
f 44/178/170 390/455/441 540/549/534 396/539/524
f 108/426/416 398/550/535 540/549/534 390/455/441
f 129/519/504 396/539/524 540/549/534 398/550/535
f 128/521/506 386/551/536 541/552/537 377/542/527
f 386/551/536 130/423/414 388/438/425 541/552/537
f 541/552/537 388/438/425 107/434/422 399/553/538
f 377/542/527 541/552/537 399/553/538 127/525/510
f 126/527/512 400/554/539 542/555/540 375/544/529
f 400/554/539 106/431/420 345/443/429 542/555/540
f 542/555/540 345/443/429 105/442/428 401/556/541
f 375/544/529 542/555/540 401/556/541 125/531/516
f 124/533/518 402/557/542 543/558/543 373/546/531
f 402/557/542 104/450/436 343/453/439 543/558/543
f 543/558/543 343/453/439 103/446/432 397/547/532
f 373/546/531 543/558/543 397/547/532 123/537/522
f 129/519/504 398/550/535 544/559/544 378/520/505
f 398/550/535 108/426/416 389/424/415 544/559/544
f 544/559/544 389/424/415 130/423/414 386/551/536
f 378/520/505 544/559/544 386/551/536 128/521/506
f 127/525/510 399/553/538 545/560/545 376/526/511
f 399/553/538 107/434/422 346/432/421 545/560/545
f 545/560/545 346/432/421 106/431/420 400/554/539
f 376/526/511 545/560/545 400/554/539 126/527/512
f 125/531/516 401/556/541 546/561/546 374/532/517
f 401/556/541 105/442/428 344/451/437 546/561/546
f 546/561/546 344/451/437 104/450/436 402/557/542
f 374/532/517 546/561/546 402/557/542 124/533/518
o Sphere.001
v -0.073798 0.145709 -0.028854
v -0.076939 0.140066 -0.040188
v -0.081703 0.131508 -0.051061
v -0.088444 0.119472 -0.059528
v -0.069891 0.143534 -0.027965
v -0.069981 0.136193 -0.038601
v -0.072613 0.126448 -0.048979
v -0.078477 0.113924 -0.057256
v -0.066580 0.141690 -0.025433
v -0.064083 0.132910 -0.034082
v -0.064906 0.122158 -0.043049
v -0.070027 0.109220 -0.050785
v -0.064367 0.140459 -0.021651
v -0.060142 0.130716 -0.027324
v -0.059757 0.119292 -0.034173
v -0.064381 0.106078 -0.041098
v -0.063590 0.140026 -0.017222
v -0.058758 0.129946 -0.019398
v -0.057949 0.118285 -0.023721
v -0.062398 0.104974 -0.029660
v -0.064367 0.140459 -0.012838
v -0.060142 0.130716 -0.011608
v -0.059757 0.119292 -0.013392
v -0.064381 0.106078 -0.018235
v -0.066580 0.141690 -0.009239
v -0.064083 0.132910 -0.005469
v -0.064906 0.122158 -0.005235
v -0.070027 0.109220 -0.008835
v -0.069891 0.143534 -0.007130
v -0.069981 0.136193 -0.002486
v -0.072613 0.126448 -0.001476
v -0.078477 0.113924 -0.003439
v -0.073798 0.145709 -0.006481
v -0.076939 0.140066 -0.001818
v -0.081703 0.131508 -0.000895
v -0.088444 0.119472 -0.002132
v -0.072510 0.148022 -0.016272
v -0.077704 0.147883 -0.007096
v -0.083896 0.143939 -0.002405
v -0.090793 0.136568 -0.001366
v -0.098411 0.125021 -0.003365
v -0.081016 0.149727 -0.009195
v -0.089794 0.147222 -0.005375
v -0.098499 0.140858 -0.005130
v -0.106861 0.129724 -0.008779
v -0.083229 0.150958 -0.012807
v -0.093735 0.149416 -0.011555
v -0.103649 0.143724 -0.013349
v -0.112507 0.132867 -0.018221
v -0.084006 0.151391 -0.017210
v -0.095119 0.150187 -0.019383
v -0.105457 0.144731 -0.023713
v -0.114490 0.133971 -0.029659
v -0.083229 0.150958 -0.021649
v -0.093735 0.149416 -0.027322
v -0.103648 0.143724 -0.034172
v -0.112507 0.132867 -0.041098
v -0.081016 0.149727 -0.025433
v -0.089794 0.147222 -0.034082
v -0.098499 0.140858 -0.043049
v -0.106861 0.129724 -0.050785
v -0.077704 0.147883 -0.027965
v -0.083896 0.143939 -0.038601
v -0.090793 0.136568 -0.048979
v -0.098411 0.125021 -0.057256
v -0.136181 0.034201 -0.060546
v -0.142922 0.021053 -0.054539
v -0.150827 0.006097 -0.031478
v -0.126213 0.028640 -0.058277
v -0.133832 0.015983 -0.052469
v -0.140728 0.007937 -0.042819
v -0.146920 0.003923 -0.030589
v -0.117764 0.023899 -0.051812
v -0.126125 0.011663 -0.046575
v -0.134830 0.004648 -0.038309
v -0.143608 0.002079 -0.028056
v -0.112118 0.020696 -0.042137
v -0.120976 0.008751 -0.037754
v -0.130889 0.002446 -0.031558
v -0.141395 0.000847 -0.024266
v -0.110135 0.019515 -0.030721
v -0.119168 0.007687 -0.027348
v -0.129505 0.001666 -0.023597
v -0.140618 0.000415 -0.019798
v -0.112118 0.020546 -0.019318
v -0.120976 0.008637 -0.016966
v -0.130889 0.002426 -0.015661
v -0.141395 0.000847 -0.015352
v -0.117764 0.023633 -0.009797
v -0.126125 0.011457 -0.008351
v -0.134830 0.004611 -0.009064
v -0.143608 0.002079 -0.011636
v -0.126213 0.028295 -0.003827
v -0.133832 0.015714 -0.002994
v -0.140729 0.007888 -0.004845
v -0.146920 0.003923 -0.009202
v -0.136181 0.033828 -0.001873
v -0.142922 0.020762 -0.001259
v -0.147686 0.011759 -0.003431
v -0.150827 0.006097 -0.008362
v -0.152114 0.004026 -0.017719
v -0.146148 0.039392 -0.003816
v -0.152012 0.025834 -0.003006
v -0.154643 0.015634 -0.004859
v -0.154733 0.008272 -0.009207
v -0.154598 0.044137 -0.009791
v -0.159718 0.030157 -0.008360
v -0.160541 0.018923 -0.009074
v -0.158045 0.010115 -0.011641
v -0.160244 0.047335 -0.019317
v -0.164867 0.033070 -0.016968
v -0.164482 0.021126 -0.015663
v -0.160258 0.011347 -0.015354
v -0.162226 0.048512 -0.030721
v -0.166676 0.034133 -0.027348
v -0.165866 0.021906 -0.023597
v -0.161035 0.011780 -0.019798
v -0.160244 0.047486 -0.042136
v -0.164867 0.033183 -0.037754
v -0.164482 0.021146 -0.031559
v -0.160258 0.011347 -0.024266
v -0.154598 0.044403 -0.051812
v -0.159718 0.030363 -0.046575
v -0.160541 0.018961 -0.038309
v -0.158045 0.010115 -0.028056
v -0.146148 0.039736 -0.058277
v -0.152012 0.026103 -0.052469
v -0.154643 0.015683 -0.042819
v -0.154733 0.008272 -0.030589
v -0.147686 0.011812 -0.044403
v -0.151188 0.069869 -0.034617
v -0.138693 0.092100 -0.035810
v -0.126198 0.114099 -0.034860
v -0.099817 0.099414 -0.005024
v -0.112312 0.077415 -0.005619
v -0.124807 0.055145 -0.004619
v -0.100435 0.041634 -0.046175
v -0.087940 0.063848 -0.047365
v -0.075445 0.085847 -0.046418
v -0.073437 0.084729 -0.034860
v -0.085932 0.062730 -0.035811
v -0.098427 0.040499 -0.034619
v -0.089722 0.093794 -0.007155
v -0.102217 0.071795 -0.007917
v -0.114712 0.049528 -0.006852
v -0.124190 0.112981 -0.023298
v -0.136685 0.090982 -0.024256
v -0.149179 0.068736 -0.023063
v -0.134902 0.060768 -0.006848
v -0.122408 0.083035 -0.007917
v -0.109913 0.105033 -0.007141
v -0.118471 0.109797 -0.013531
v -0.130966 0.087799 -0.014461
v -0.143461 0.065541 -0.013294
v -0.124807 0.055225 -0.064814
v -0.112312 0.077415 -0.066003
v -0.099817 0.099414 -0.065057
v -0.149179 0.068768 -0.046173
v -0.136685 0.090982 -0.047364
v -0.124190 0.112981 -0.046418
v -0.114712 0.049602 -0.062516
v -0.102217 0.071795 -0.063704
v -0.089722 0.093794 -0.062759
v -0.081164 0.089030 -0.056214
v -0.093659 0.067031 -0.057160
v -0.106153 0.044830 -0.055971
v -0.143461 0.065598 -0.055970
v -0.130966 0.087799 -0.057159
v -0.118471 0.109797 -0.056214
v -0.109913 0.105033 -0.062759
v -0.122408 0.083035 -0.063704
v -0.134902 0.060842 -0.062515
v -0.100435 0.041602 -0.023065
v -0.087940 0.063848 -0.024257
v -0.075445 0.085847 -0.023299
v -0.081164 0.089030 -0.013540
v -0.093659 0.067031 -0.014462
v -0.106153 0.044773 -0.013298
v 0.073798 0.145709 -0.028854
v 0.076939 0.140066 -0.040188
v 0.081703 0.131508 -0.051061
v 0.088444 0.119472 -0.059528
v 0.069891 0.143534 -0.027965
v 0.069981 0.136193 -0.038601
v 0.072613 0.126448 -0.048979
v 0.078477 0.113924 -0.057256
v 0.066580 0.141690 -0.025433
v 0.064083 0.132910 -0.034082
v 0.064906 0.122158 -0.043049
v 0.070027 0.109220 -0.050785
v 0.064367 0.140459 -0.021651
v 0.060142 0.130716 -0.027324
v 0.059757 0.119292 -0.034173
v 0.064381 0.106078 -0.041098
v 0.063590 0.140026 -0.017222
v 0.058758 0.129946 -0.019398
v 0.057949 0.118285 -0.023721
v 0.062398 0.104974 -0.029660
v 0.064367 0.140459 -0.012838
v 0.060142 0.130716 -0.011608
v 0.059757 0.119292 -0.013392
v 0.064381 0.106078 -0.018235
v 0.066580 0.141690 -0.009239
v 0.064083 0.132910 -0.005469
v 0.064906 0.122158 -0.005235
v 0.070027 0.109220 -0.008835
v 0.069891 0.143534 -0.007130
v 0.069981 0.136193 -0.002486
v 0.072613 0.126448 -0.001476
v 0.078477 0.113924 -0.003439
v 0.073798 0.145709 -0.006481
v 0.076939 0.140066 -0.001818
v 0.081703 0.131508 -0.000895
v 0.088444 0.119472 -0.002132
v 0.072510 0.148022 -0.016272
v 0.077704 0.147883 -0.007096
v 0.083896 0.143939 -0.002405
v 0.090793 0.136568 -0.001366
v 0.098411 0.125021 -0.003365
v 0.081016 0.149727 -0.009195
v 0.089794 0.147222 -0.005375
v 0.098499 0.140858 -0.005130
v 0.106861 0.129724 -0.008779
v 0.083229 0.150958 -0.012807
v 0.093735 0.149416 -0.011555
v 0.103649 0.143724 -0.013349
v 0.112507 0.132867 -0.018221
v 0.084006 0.151391 -0.017210
v 0.095119 0.150187 -0.019383
v 0.105457 0.144731 -0.023713
v 0.114490 0.133971 -0.029659
v 0.083229 0.150958 -0.021649
v 0.093735 0.149416 -0.027322
v 0.103649 0.143724 -0.034172
v 0.112507 0.132867 -0.041098
v 0.081016 0.149727 -0.025433
v 0.089794 0.147222 -0.034082
v 0.098499 0.140858 -0.043049
v 0.106861 0.129724 -0.050785
v 0.077704 0.147883 -0.027965
v 0.083896 0.143939 -0.038601
v 0.090793 0.136568 -0.048979
v 0.098411 0.125021 -0.057256
v 0.136181 0.034201 -0.060546
v 0.142922 0.021053 -0.054539
v 0.150827 0.006097 -0.031478
v 0.126213 0.028640 -0.058277
v 0.133832 0.015983 -0.052469
v 0.140729 0.007937 -0.042819
v 0.146920 0.003923 -0.030589
v 0.117764 0.023899 -0.051812
v 0.126125 0.011663 -0.046575
v 0.134830 0.004648 -0.038309
v 0.143608 0.002079 -0.028056
v 0.112118 0.020696 -0.042137
v 0.120976 0.008751 -0.037754
v 0.130889 0.002446 -0.031558
v 0.141396 0.000847 -0.024266
v 0.110135 0.019515 -0.030721
v 0.119168 0.007687 -0.027348
v 0.129505 0.001666 -0.023597
v 0.140618 0.000415 -0.019798
v 0.112118 0.020546 -0.019318
v 0.120976 0.008637 -0.016966
v 0.130889 0.002426 -0.015661
v 0.141396 0.000847 -0.015352
v 0.117764 0.023633 -0.009797
v 0.126125 0.011457 -0.008351
v 0.134830 0.004611 -0.009064
v 0.143608 0.002079 -0.011636
v 0.126213 0.028295 -0.003827
v 0.133832 0.015714 -0.002994
v 0.140729 0.007888 -0.004845
v 0.146920 0.003923 -0.009202
v 0.136181 0.033828 -0.001873
v 0.142922 0.020762 -0.001259
v 0.147686 0.011759 -0.003431
v 0.150827 0.006097 -0.008362
v 0.152114 0.004026 -0.017719
v 0.146148 0.039392 -0.003816
v 0.152012 0.025834 -0.003006
v 0.154643 0.015634 -0.004859
v 0.154733 0.008272 -0.009207
v 0.154598 0.044137 -0.009791
v 0.159718 0.030157 -0.008360
v 0.160541 0.018923 -0.009074
v 0.158045 0.010115 -0.011641
v 0.160244 0.047335 -0.019317
v 0.164867 0.033070 -0.016968
v 0.164482 0.021126 -0.015663
v 0.160258 0.011347 -0.015354
v 0.162226 0.048512 -0.030721
v 0.166676 0.034133 -0.027348
v 0.165866 0.021906 -0.023597
v 0.161035 0.011780 -0.019798
v 0.160244 0.047486 -0.042136
v 0.164867 0.033183 -0.037754
v 0.164482 0.021146 -0.031559
v 0.160258 0.011347 -0.024266
v 0.154598 0.044403 -0.051812
v 0.159718 0.030363 -0.046575
v 0.160541 0.018961 -0.038309
v 0.158045 0.010115 -0.028056
v 0.146148 0.039736 -0.058276
v 0.152012 0.026103 -0.052469
v 0.154643 0.015683 -0.042819
v 0.154733 0.008272 -0.030589
v 0.147686 0.011812 -0.044403
v 0.151188 0.069869 -0.034617
v 0.138693 0.092100 -0.035810
v 0.126198 0.114099 -0.034860
v 0.099817 0.099414 -0.005024
v 0.112312 0.077415 -0.005619
v 0.124807 0.055145 -0.004619
v 0.100435 0.041634 -0.046175
v 0.087940 0.063848 -0.047365
v 0.075445 0.085847 -0.046418
v 0.073437 0.084729 -0.034860
v 0.085932 0.062730 -0.035811
v 0.098427 0.040499 -0.034619
v 0.089722 0.093794 -0.007155
v 0.102217 0.071795 -0.007917
v 0.114712 0.049528 -0.006852
v 0.124190 0.112981 -0.023298
v 0.136685 0.090982 -0.024256
v 0.149179 0.068736 -0.023063
v 0.134903 0.060768 -0.006848
v 0.122408 0.083035 -0.007917
v 0.109913 0.105033 -0.007141
v 0.118471 0.109797 -0.013531
v 0.130966 0.087799 -0.014461
v 0.143461 0.065541 -0.013294
v 0.124807 0.055225 -0.064814
v 0.112312 0.077415 -0.066003
v 0.099817 0.099414 -0.065057
v 0.149179 0.068768 -0.046173
v 0.136685 0.090982 -0.047364
v 0.124190 0.112981 -0.046418
v 0.114712 0.049602 -0.062516
v 0.102217 0.071795 -0.063704
v 0.089722 0.093794 -0.062759
v 0.081164 0.089030 -0.056214
v 0.093659 0.067031 -0.057160
v 0.106154 0.044830 -0.055971
v 0.143461 0.065598 -0.055970
v 0.130966 0.087799 -0.057159
v 0.118471 0.109797 -0.056214
v 0.109913 0.105033 -0.062759
v 0.122408 0.083035 -0.063704
v 0.134903 0.060842 -0.062515
v 0.100435 0.041602 -0.023065
v 0.087940 0.063848 -0.024257
v 0.075445 0.085847 -0.023299
v 0.081164 0.089030 -0.013540
v 0.093659 0.067031 -0.014462
v 0.106154 0.044773 -0.013298
v -0.073798 0.145709 0.028854
v -0.076939 0.140066 0.040188
v -0.081703 0.131508 0.051061
v -0.088444 0.119472 0.059528
v -0.069891 0.143534 0.027965
v -0.069981 0.136193 0.038601
v -0.072613 0.126448 0.048979
v -0.078477 0.113924 0.057256
v -0.066580 0.141690 0.025433
v -0.064083 0.132910 0.034082
v -0.064906 0.122158 0.043049
v -0.070027 0.109220 0.050785
v -0.064367 0.140459 0.021651
v -0.060142 0.130716 0.027324
v -0.059757 0.119292 0.034173
v -0.064381 0.106078 0.041098
v -0.063590 0.140026 0.017222
v -0.058758 0.129946 0.019398
v -0.057949 0.118285 0.023721
v -0.062398 0.104974 0.029660
v -0.064367 0.140459 0.012838
v -0.060142 0.130716 0.011608
v -0.059757 0.119292 0.013392
v -0.064381 0.106078 0.018235
v -0.066580 0.141690 0.009239
v -0.064083 0.132910 0.005469
v -0.064906 0.122158 0.005235
v -0.070027 0.109220 0.008835
v -0.069891 0.143534 0.007130
v -0.069981 0.136193 0.002486
v -0.072613 0.126448 0.001476
v -0.078477 0.113924 0.003439
v -0.073798 0.145709 0.006481
v -0.076939 0.140066 0.001818
v -0.081703 0.131508 0.000895
v -0.088444 0.119472 0.002132
v -0.072510 0.148022 0.016272
v -0.077704 0.147883 0.007096
v -0.083896 0.143939 0.002405
v -0.090793 0.136568 0.001366
v -0.098411 0.125021 0.003365
v -0.081016 0.149727 0.009195
v -0.089794 0.147222 0.005375
v -0.098499 0.140858 0.005130
v -0.106861 0.129724 0.008779
v -0.083229 0.150958 0.012807
v -0.093735 0.149416 0.011555
v -0.103649 0.143724 0.013349
v -0.112507 0.132867 0.018221
v -0.084006 0.151391 0.017210
v -0.095119 0.150187 0.019383
v -0.105457 0.144731 0.023713
v -0.114490 0.133971 0.029659
v -0.083229 0.150958 0.021649
v -0.093735 0.149416 0.027322
v -0.103648 0.143724 0.034172
v -0.112507 0.132867 0.041098
v -0.081016 0.149727 0.025433
v -0.089794 0.147222 0.034082
v -0.098499 0.140858 0.043049
v -0.106861 0.129724 0.050785
v -0.077704 0.147883 0.027965
v -0.083896 0.143939 0.038601
v -0.090793 0.136568 0.048979
v -0.098411 0.125021 0.057256
v -0.136181 0.034201 0.060546
v -0.142922 0.021053 0.054539
v -0.150827 0.006097 0.031478
v -0.126213 0.028640 0.058277
v -0.133832 0.015983 0.052469
v -0.140729 0.007937 0.042819
v -0.146920 0.003923 0.030589
v -0.117764 0.023899 0.051812
v -0.126125 0.011663 0.046575
v -0.134830 0.004648 0.038309
v -0.143608 0.002079 0.028056
v -0.112118 0.020696 0.042137
v -0.120976 0.008751 0.037754
v -0.130889 0.002446 0.031558
v -0.141395 0.000847 0.024266
v -0.110135 0.019515 0.030721
v -0.119168 0.007687 0.027348
v -0.129505 0.001666 0.023597
v -0.140618 0.000415 0.019798
v -0.112118 0.020546 0.019318
v -0.120976 0.008637 0.016966
v -0.130889 0.002426 0.015661
v -0.141395 0.000847 0.015352
v -0.117764 0.023633 0.009797
v -0.126125 0.011457 0.008351
v -0.134830 0.004611 0.009064
v -0.143608 0.002079 0.011636
v -0.126213 0.028295 0.003827
v -0.133832 0.015714 0.002994
v -0.140729 0.007888 0.004845
v -0.146920 0.003923 0.009202
v -0.136181 0.033828 0.001873
v -0.142922 0.020762 0.001259
v -0.147686 0.011759 0.003431
v -0.150827 0.006097 0.008362
v -0.152114 0.004026 0.017719
v -0.146148 0.039392 0.003816
v -0.152012 0.025834 0.003006
v -0.154643 0.015634 0.004859
v -0.154733 0.008272 0.009207
v -0.154598 0.044137 0.009791
v -0.159718 0.030157 0.008360
v -0.160541 0.018923 0.009074
v -0.158045 0.010115 0.011641
v -0.160244 0.047335 0.019317
v -0.164867 0.033070 0.016968
v -0.164482 0.021126 0.015663
v -0.160258 0.011347 0.015354
v -0.162226 0.048512 0.030721
v -0.166676 0.034133 0.027348
v -0.165866 0.021906 0.023597
v -0.161035 0.011780 0.019798
v -0.160244 0.047486 0.042136
v -0.164867 0.033183 0.037754
v -0.164482 0.021146 0.031559
v -0.160258 0.011347 0.024266
v -0.154598 0.044403 0.051812
v -0.159718 0.030363 0.046575
v -0.160541 0.018961 0.038309
v -0.158045 0.010115 0.028056
v -0.146148 0.039736 0.058276
v -0.152012 0.026103 0.052469
v -0.154643 0.015683 0.042819
v -0.154733 0.008272 0.030589
v -0.147686 0.011812 0.044403
v -0.151188 0.069869 0.034617
v -0.138693 0.092100 0.035810
v -0.126198 0.114099 0.034860
v -0.099817 0.099414 0.005024
v -0.112312 0.077415 0.005619
v -0.124807 0.055145 0.004619
v -0.100435 0.041634 0.046175
v -0.087940 0.063848 0.047365
v -0.075445 0.085847 0.046418
v -0.073437 0.084729 0.034860
v -0.085932 0.062730 0.035811
v -0.098427 0.040499 0.034619
v -0.089722 0.093794 0.007155
v -0.102217 0.071795 0.007917
v -0.114712 0.049528 0.006852
v -0.124190 0.112981 0.023298
v -0.136685 0.090982 0.024256
v -0.149179 0.068736 0.023063
v -0.134902 0.060768 0.006848
v -0.122408 0.083035 0.007917
v -0.109913 0.105033 0.007141
v -0.118471 0.109797 0.013531
v -0.130966 0.087799 0.014461
v -0.143461 0.065541 0.013294
v -0.124807 0.055225 0.064814
v -0.112312 0.077415 0.066003
v -0.099817 0.099414 0.065057
v -0.149179 0.068768 0.046173
v -0.136685 0.090982 0.047364
v -0.124190 0.112981 0.046418
v -0.114712 0.049602 0.062516
v -0.102217 0.071795 0.063704
v -0.089722 0.093794 0.062759
v -0.081164 0.089030 0.056214
v -0.093659 0.067031 0.057160
v -0.106153 0.044830 0.055971
v -0.143461 0.065598 0.055970
v -0.130966 0.087799 0.057159
v -0.118471 0.109797 0.056214
v -0.109913 0.105033 0.062759
v -0.122408 0.083035 0.063704
v -0.134902 0.060842 0.062515
v -0.100435 0.041602 0.023065
v -0.087940 0.063848 0.024257
v -0.075445 0.085847 0.023299
v -0.081164 0.089030 0.013540
v -0.093659 0.067031 0.014462
v -0.106153 0.044773 0.013298
v 0.073798 0.145709 0.028854
v 0.076939 0.140066 0.040188
v 0.081703 0.131508 0.051061
v 0.088444 0.119472 0.059528
v 0.069891 0.143534 0.027965
v 0.069981 0.136193 0.038601
v 0.072613 0.126448 0.048979
v 0.078477 0.113924 0.057256
v 0.066580 0.141690 0.025433
v 0.064083 0.132910 0.034082
v 0.064906 0.122158 0.043049
v 0.070027 0.109220 0.050785
v 0.064367 0.140459 0.021651
v 0.060142 0.130716 0.027324
v 0.059757 0.119292 0.034173
v 0.064381 0.106078 0.041098
v 0.063590 0.140026 0.017222
v 0.058758 0.129946 0.019398
v 0.057949 0.118285 0.023721
v 0.062398 0.104974 0.029660
v 0.064367 0.140459 0.012838
v 0.060142 0.130716 0.011608
v 0.059757 0.119292 0.013392
v 0.064381 0.106078 0.018235
v 0.066580 0.141690 0.009239
v 0.064083 0.132910 0.005469
v 0.064906 0.122158 0.005235
v 0.070027 0.109220 0.008835
v 0.069891 0.143534 0.007130
v 0.069981 0.136193 0.002486
v 0.072613 0.126448 0.001476
v 0.078477 0.113924 0.003439
v 0.073798 0.145709 0.006481
v 0.076939 0.140066 0.001818
v 0.081703 0.131508 0.000895
v 0.088444 0.119472 0.002132
v 0.072510 0.148022 0.016272
v 0.077704 0.147883 0.007096
v 0.083896 0.143939 0.002405
v 0.090793 0.136568 0.001366
v 0.098411 0.125021 0.003365
v 0.081016 0.149727 0.009195
v 0.089794 0.147222 0.005375
v 0.098499 0.140858 0.005130
v 0.106861 0.129724 0.008779
v 0.083229 0.150958 0.012807
v 0.093735 0.149416 0.011555
v 0.103649 0.143724 0.013349
v 0.112507 0.132867 0.018221
v 0.084006 0.151391 0.017210
v 0.095119 0.150187 0.019383
v 0.105457 0.144731 0.023713
v 0.114490 0.133971 0.029659
v 0.083229 0.150958 0.021649
v 0.093735 0.149416 0.027322
v 0.103649 0.143724 0.034172
v 0.112507 0.132867 0.041098
v 0.081016 0.149727 0.025433
v 0.089794 0.147222 0.034082
v 0.098499 0.140858 0.043049
v 0.106861 0.129724 0.050785
v 0.077704 0.147883 0.027965
v 0.083896 0.143939 0.038601
v 0.090793 0.136568 0.048979
v 0.098411 0.125021 0.057256
v 0.136181 0.034201 0.060546
v 0.142922 0.021053 0.054539
v 0.150827 0.006097 0.031478
v 0.126213 0.028640 0.058277
v 0.133832 0.015983 0.052469
v 0.140729 0.007937 0.042819
v 0.146920 0.003923 0.030589
v 0.117764 0.023899 0.051812
v 0.126125 0.011663 0.046575
v 0.134830 0.004648 0.038309
v 0.143608 0.002079 0.028056
v 0.112118 0.020696 0.042137
v 0.120976 0.008751 0.037754
v 0.130889 0.002446 0.031558
v 0.141396 0.000847 0.024266
v 0.110135 0.019515 0.030721
v 0.119168 0.007687 0.027348
v 0.129505 0.001666 0.023597
v 0.140618 0.000415 0.019798
v 0.112118 0.020546 0.019318
v 0.120976 0.008637 0.016966
v 0.130889 0.002426 0.015661
v 0.141396 0.000847 0.015352
v 0.117764 0.023633 0.009797
v 0.126125 0.011457 0.008351
v 0.134830 0.004611 0.009064
v 0.143608 0.002079 0.011636
v 0.126213 0.028295 0.003827
v 0.133832 0.015714 0.002994
v 0.140729 0.007888 0.004845
v 0.146920 0.003923 0.009202
v 0.136181 0.033828 0.001873
v 0.142922 0.020762 0.001259
v 0.147686 0.011759 0.003431
v 0.150827 0.006097 0.008362
v 0.152114 0.004026 0.017719
v 0.146148 0.039392 0.003816
v 0.152012 0.025834 0.003006
v 0.154643 0.015634 0.004859
v 0.154733 0.008272 0.009207
v 0.154598 0.044137 0.009791
v 0.159718 0.030157 0.008360
v 0.160541 0.018923 0.009074
v 0.158045 0.010115 0.011641
v 0.160244 0.047335 0.019317
v 0.164867 0.033070 0.016968
v 0.164482 0.021126 0.015663
v 0.160258 0.011347 0.015354
v 0.162226 0.048512 0.030721
v 0.166676 0.034133 0.027348
v 0.165866 0.021906 0.023597
v 0.161035 0.011780 0.019798
v 0.160244 0.047486 0.042136
v 0.164867 0.033183 0.037754
v 0.164482 0.021146 0.031559
v 0.160258 0.011347 0.024266
v 0.154598 0.044403 0.051812
v 0.159718 0.030363 0.046575
v 0.160541 0.018961 0.038309
v 0.158045 0.010115 0.028056
v 0.146148 0.039736 0.058276
v 0.152012 0.026103 0.052469
v 0.154643 0.015683 0.042819
v 0.154733 0.008272 0.030589
v 0.147686 0.011812 0.044403
v 0.151188 0.069869 0.034617
v 0.138693 0.092100 0.035810
v 0.126198 0.114099 0.034860
v 0.099817 0.099414 0.005024
v 0.112312 0.077415 0.005619
v 0.124807 0.055145 0.004619
v 0.100435 0.041634 0.046175
v 0.087940 0.063848 0.047365
v 0.075445 0.085847 0.046418
v 0.073437 0.084729 0.034860
v 0.085932 0.062730 0.035811
v 0.098427 0.040499 0.034619
v 0.089722 0.093794 0.007155
v 0.102217 0.071795 0.007917
v 0.114712 0.049528 0.006852
v 0.124190 0.112981 0.023298
v 0.136685 0.090982 0.024256
v 0.149179 0.068736 0.023063
v 0.134903 0.060768 0.006848
v 0.122408 0.083035 0.007917
v 0.109913 0.105033 0.007141
v 0.118471 0.109797 0.013531
v 0.130966 0.087799 0.014461
v 0.143461 0.065541 0.013294
v 0.124807 0.055225 0.064814
v 0.112312 0.077415 0.066003
v 0.099817 0.099414 0.065057
v 0.149179 0.068768 0.046173
v 0.136685 0.090982 0.047364
v 0.124190 0.112981 0.046418
v 0.114712 0.049602 0.062516
v 0.102217 0.071795 0.063704
v 0.089722 0.093794 0.062759
v 0.081164 0.089030 0.056214
v 0.093659 0.067031 0.057160
v 0.106154 0.044830 0.055971
v 0.143461 0.065598 0.055970
v 0.130966 0.087799 0.057159
v 0.118471 0.109797 0.056214
v 0.109913 0.105033 0.062759
v 0.122408 0.083035 0.063704
v 0.134903 0.060842 0.062515
v 0.100435 0.041602 0.023065
v 0.087940 0.063848 0.024257
v 0.075445 0.085847 0.023299
v 0.081164 0.089030 0.013540
v 0.093659 0.067031 0.014462
v 0.106154 0.044773 0.013298
v -0.075119 0.143336 -0.034424
v -0.079165 0.136068 -0.045838
v -0.084598 0.126316 -0.055612
v -0.069635 0.140284 -0.033176
v -0.070984 0.131514 -0.043967
v -0.074932 0.120936 -0.053403
v -0.083363 0.116644 -0.058952
v -0.077069 0.128928 -0.050534
v -0.073392 0.138092 -0.039786
v -0.071798 0.144570 -0.028747
v -0.064986 0.137696 -0.029620
v -0.064049 0.127654 -0.038637
v -0.066738 0.116375 -0.047110
v -0.068083 0.142502 -0.026986
v -0.073975 0.111418 -0.054496
v -0.068507 0.124162 -0.046450
v -0.066839 0.134444 -0.036673
v -0.061880 0.135967 -0.024306
v -0.059415 0.125074 -0.030663
v -0.061263 0.113327 -0.037690
v -0.066789 0.107418 -0.046260
v -0.061953 0.120514 -0.038902
v -0.061823 0.131652 -0.030922
v -0.065240 0.140920 -0.023734
v -0.060789 0.135359 -0.018081
v -0.057788 0.124168 -0.021292
v -0.059341 0.112257 -0.026577
v -0.062900 0.105253 -0.035492
v -0.058407 0.118540 -0.029042
v -0.059109 0.130141 -0.023428
v -0.063701 0.140063 -0.019506
v -0.061880 0.135967 -0.011948
v -0.059415 0.125074 -0.012070
v -0.061263 0.113327 -0.015532
v -0.062900 0.105253 -0.023827
v -0.058407 0.118540 -0.018429
v -0.059109 0.130141 -0.015401
v -0.063701 0.140063 -0.014968
v -0.064986 0.137696 -0.007030
v -0.064049 0.127654 -0.004842
v -0.066738 0.116375 -0.006638
v -0.066789 0.107418 -0.013141
v -0.061953 0.120514 -0.008866
v -0.061823 0.131652 -0.008209
v -0.065240 0.140920 -0.010835
v -0.069635 0.140284 -0.004401
v -0.070984 0.131514 -0.001555
v -0.074932 0.120936 -0.002092
v -0.073975 0.111418 -0.005572
v -0.068507 0.124162 -0.002809
v -0.066839 0.134444 -0.003595
v -0.068083 0.142502 -0.007906
v -0.075119 0.143336 -0.003684
v -0.079165 0.136068 -0.000990
v -0.084598 0.126316 -0.001233
v -0.083363 0.116644 -0.002403
v -0.077069 0.128928 -0.000980
v -0.073392 0.138092 -0.001962
v -0.071798 0.144570 -0.006546
v -0.075349 0.148418 -0.010479
v -0.080602 0.146389 -0.004344
v -0.087345 0.140621 -0.001453
v -0.094263 0.131697 -0.001993
v -0.086337 0.134087 -0.000915
v -0.080485 0.142041 -0.001916
v -0.075819 0.146809 -0.006527
v -0.093525 0.122301 -0.002358
v -0.085251 0.148976 -0.006960
v -0.094280 0.144482 -0.004734
v -0.102457 0.136258 -0.006553
v -0.102913 0.127527 -0.005498
v -0.094899 0.138854 -0.002688
v -0.087039 0.145688 -0.003497
v -0.079534 0.148876 -0.007862
v -0.088357 0.150705 -0.011904
v -0.098914 0.147061 -0.012018
v -0.107933 0.139306 -0.015503
v -0.092054 0.148480 -0.008132
v -0.082377 0.150459 -0.010795
v -0.110099 0.131527 -0.013108
v -0.101452 0.142502 -0.008791
v -0.089448 0.151313 -0.018066
v -0.100541 0.147967 -0.021280
v -0.109855 0.140376 -0.026574
v -0.113987 0.133691 -0.023822
v -0.104999 0.144476 -0.018409
v -0.094769 0.149991 -0.015370
v -0.083916 0.151316 -0.014947
v -0.088357 0.150705 -0.024304
v -0.098914 0.147061 -0.030662
v -0.107933 0.139306 -0.037689
v -0.083916 0.151316 -0.019500
v -0.113987 0.133691 -0.035492
v -0.104999 0.144476 -0.029040
v -0.094769 0.149991 -0.023423
v -0.085251 0.148976 -0.029620
v -0.094280 0.144482 -0.038637
v -0.102457 0.136258 -0.047110
v -0.110099 0.131527 -0.046260
v -0.101452 0.142502 -0.038902
v -0.092054 0.148480 -0.030922
v -0.082377 0.150459 -0.023734
v -0.080602 0.146389 -0.033176
v -0.087345 0.140621 -0.043967
v -0.094263 0.131697 -0.053403
v -0.102913 0.127527 -0.054496
v -0.094899 0.138854 -0.046450
v -0.087039 0.145688 -0.036673
v -0.079534 0.148876 -0.026986
v -0.073014 0.147117 -0.023623
v -0.070678 0.145817 -0.023091
v -0.120049 0.124832 -0.032650
v -0.068698 0.144715 -0.021578
v -0.130914 0.043824 -0.003243
v -0.067375 0.143979 -0.019318
v -0.069377 0.096625 -0.044199
v -0.066910 0.143720 -0.016672
v -0.104576 0.029279 -0.032815
v -0.067375 0.143979 -0.014043
v -0.120835 0.038223 -0.005346
v -0.068698 0.144715 -0.011854
v -0.155248 0.057440 -0.021277
v -0.070678 0.145817 -0.010496
v -0.103789 0.115781 -0.005372
v -0.073014 0.147117 -0.010052
v -0.149539 0.054227 -0.011579
v -0.077329 0.149520 -0.011830
v -0.093710 0.110171 -0.062813
v -0.078652 0.150256 -0.014025
v -0.118044 0.123716 -0.044199
v -0.079117 0.150515 -0.016664
v -0.083631 0.104560 -0.060518
v -0.078652 0.150256 -0.019317
v -0.112290 0.033661 -0.054139
v -0.077329 0.149520 -0.021577
v -0.112334 0.120538 -0.053982
v -0.075349 0.148418 -0.023091
v -0.140994 0.049663 -0.060675
v -0.069377 0.096625 -0.021095
v -0.093525 0.122301 -0.058952
v -0.086337 0.134087 -0.050534
v -0.080485 0.142041 -0.039786
v -0.075819 0.146809 -0.028747
v -0.112290 0.033493 -0.011586
v -0.140027 0.026774 -0.057880
v -0.130361 0.021381 -0.055679
v -0.137280 0.011517 -0.048168
v -0.144022 0.005390 -0.036710
v -0.148806 0.004994 -0.031382
v -0.138288 0.018471 -0.054014
v -0.131100 0.031369 -0.059972
v -0.122167 0.016781 -0.049411
v -0.130345 0.007640 -0.042865
v -0.139374 0.002801 -0.033155
v -0.145091 0.002926 -0.029621
v -0.137586 0.006185 -0.040895
v -0.129726 0.013684 -0.049955
v -0.121711 0.026118 -0.055520
v -0.116692 0.013672 -0.040030
v -0.125711 0.005035 -0.034927
v -0.136267 0.001071 -0.027834
v -0.132570 0.003386 -0.035155
v -0.123172 0.009998 -0.042454
v -0.114526 0.022069 -0.047292
v -0.142247 0.001343 -0.026367
v -0.114769 0.012525 -0.028962
v -0.124084 0.004099 -0.025565
v -0.135177 0.000463 -0.021560
v -0.140709 0.000487 -0.022115
v -0.129856 0.001866 -0.027655
v -0.119626 0.007971 -0.032653
v -0.110637 0.019834 -0.036541
v -0.116692 0.013521 -0.017913
v -0.125711 0.004973 -0.016228
v -0.136267 0.001069 -0.015311
v -0.119626 0.007913 -0.022047
v -0.110637 0.019756 -0.024903
v -0.140709 0.000487 -0.017524
v -0.129856 0.001856 -0.019542
v -0.122167 0.016510 -0.008727
v -0.130345 0.007526 -0.008479
v -0.139374 0.002797 -0.010104
v -0.142247 0.001343 -0.013321
v -0.132570 0.003357 -0.012119
v -0.123172 0.009835 -0.012328
v -0.114526 0.021857 -0.014202
v -0.130361 0.021028 -0.003031
v -0.137280 0.011368 -0.003601
v -0.144022 0.005384 -0.006728
v -0.121711 0.025808 -0.006315
v -0.145091 0.002926 -0.010162
v -0.137586 0.006142 -0.006618
v -0.129726 0.013442 -0.005220
v -0.140027 0.026393 -0.001192
v -0.145460 0.015915 -0.001998
v -0.149506 0.008436 -0.005578
v -0.151611 0.004788 -0.011745
v -0.148806 0.004994 -0.008485
v -0.144139 0.009785 -0.003781
v -0.138288 0.018186 -0.001683
v -0.131100 0.031004 -0.002356
v -0.149692 0.031789 -0.003031
v -0.153640 0.020475 -0.003618
v -0.154990 0.011489 -0.006737
v -0.152826 0.007232 -0.008488
v -0.151232 0.013734 -0.003790
v -0.147556 0.023345 -0.001691
v -0.141262 0.036660 -0.002349
v -0.157886 0.036393 -0.008728
v -0.160576 0.024354 -0.008490
v -0.159638 0.014077 -0.010111
v -0.156541 0.009300 -0.010167
v -0.157786 0.017386 -0.006632
v -0.156118 0.028134 -0.005233
v -0.150650 0.041916 -0.006305
v -0.163361 0.039499 -0.017913
v -0.165209 0.026960 -0.016231
v -0.162745 0.015807 -0.015314
v -0.159385 0.010883 -0.013325
v -0.162801 0.020185 -0.012125
v -0.162671 0.031822 -0.012333
v -0.157835 0.045965 -0.014199
v -0.165284 0.040644 -0.028962
v -0.166837 0.027897 -0.025565
v -0.163835 0.016416 -0.021561
v -0.160923 0.011739 -0.017525
v -0.165516 0.021706 -0.019543
v -0.166218 0.033849 -0.022047
v -0.161724 0.048194 -0.024902
v -0.163361 0.039651 -0.040030
v -0.165209 0.027022 -0.034927
v -0.162745 0.015810 -0.027834
v -0.160923 0.011739 -0.022116
v -0.165516 0.021716 -0.027655
v -0.166218 0.033907 -0.032653
v -0.161724 0.048272 -0.036540
v -0.157886 0.036664 -0.049411
v -0.160575 0.024468 -0.042865
v -0.159638 0.014082 -0.033155
v -0.162801 0.020215 -0.035155
v -0.162671 0.031985 -0.042454
v -0.157835 0.046178 -0.047292
v -0.159385 0.010883 -0.026367
v -0.149692 0.032141 -0.055679
v -0.153640 0.020625 -0.048168
v -0.154990 0.011495 -0.036710
v -0.156541 0.009300 -0.029621
v -0.157786 0.017430 -0.040895
v -0.156118 0.028376 -0.049955
v -0.150650 0.042226 -0.055519
v -0.151232 0.013786 -0.044002
v -0.145460 0.016077 -0.050031
v -0.149506 0.008442 -0.037958
v -0.151611 0.004788 -0.025583
v -0.149275 0.003488 -0.025051
v -0.144139 0.009837 -0.044002
v -0.147295 0.002386 -0.023537
v -0.145972 0.001650 -0.021271
v -0.145508 0.001391 -0.018600
v -0.145972 0.001650 -0.015945
v -0.147295 0.002386 -0.013721
v -0.149275 0.003488 -0.012254
v -0.153947 0.006089 -0.012256
v -0.155927 0.007191 -0.013723
v -0.157250 0.007927 -0.015946
v -0.157714 0.008186 -0.018601
v -0.157250 0.007927 -0.021271
v -0.155927 0.007191 -0.023537
v -0.153947 0.006089 -0.025051
v -0.147556 0.023630 -0.054014
v -0.141262 0.037026 -0.059972
v -0.152826 0.007232 -0.031382
v -0.157253 0.058602 -0.032813
v -0.144940 0.081071 -0.035526
v -0.132445 0.103099 -0.035759
v -0.093710 0.110171 -0.003636
v -0.106065 0.088414 -0.005611
v -0.118560 0.066382 -0.005361
v -0.106581 0.030445 -0.044356
v -0.094187 0.052822 -0.047082
v -0.081693 0.074847 -0.047314
v -0.067372 0.095509 -0.032650
v -0.079684 0.073729 -0.035759
v -0.092179 0.051702 -0.035527
v -0.083631 0.104560 -0.005412
v -0.095970 0.082795 -0.007889
v -0.108464 0.060762 -0.007650
v -0.118044 0.123716 -0.021090
v -0.130437 0.101981 -0.024204
v -0.142932 0.079952 -0.023972
v -0.140994 0.049444 -0.005336
v -0.128655 0.072002 -0.007648
v -0.116160 0.094034 -0.007887
v -0.112334 0.120538 -0.011406
v -0.124719 0.098798 -0.014412
v -0.137213 0.076767 -0.014180
v -0.130914 0.044060 -0.062970
v -0.118560 0.066392 -0.065719
v -0.106065 0.088414 -0.065952
v -0.155248 0.057536 -0.044355
v -0.142932 0.079956 -0.047080
v -0.130437 0.101981 -0.047314
v -0.120835 0.038441 -0.060675
v -0.108464 0.060772 -0.063421
v -0.095970 0.082795 -0.063654
v -0.075086 0.099803 -0.053982
v -0.087411 0.078031 -0.057109
v -0.099906 0.056006 -0.056877
v -0.149539 0.054396 -0.054138
v -0.137213 0.076774 -0.056876
v -0.124719 0.098798 -0.057109
v -0.103789 0.115781 -0.060518
v -0.116160 0.094034 -0.063653
v -0.128655 0.072011 -0.063421
v -0.106581 0.030349 -0.021280
v -0.094187 0.052818 -0.023973
v -0.081693 0.074847 -0.024204
v -0.075086 0.099803 -0.011434
v -0.087411 0.078031 -0.014414
v -0.099906 0.055999 -0.014182
v -0.077884 0.087205 -0.018087
v -0.090379 0.065206 -0.019038
v -0.102874 0.042953 -0.017853
v -0.114473 0.107572 -0.059967
v -0.126967 0.085573 -0.060913
v -0.139462 0.063377 -0.059723
v -0.085162 0.091256 -0.059967
v -0.097657 0.069257 -0.060913
v -0.110152 0.047061 -0.059725
v -0.121750 0.111623 -0.051638
v -0.134245 0.089624 -0.052583
v -0.146740 0.067417 -0.051393
v -0.094671 0.096549 -0.064475
v -0.107166 0.074550 -0.065421
v -0.119661 0.052359 -0.064232
v -0.114473 0.107572 -0.009837
v -0.126967 0.085573 -0.010708
v -0.139462 0.063310 -0.009585
v -0.121750 0.111623 -0.018082
v -0.134245 0.089624 -0.019037
v -0.146740 0.067372 -0.017850
v -0.104964 0.102278 -0.064475
v -0.117458 0.080280 -0.065420
v -0.129953 0.058089 -0.064232
v -0.085162 0.091256 -0.009850
v -0.097657 0.069257 -0.010708
v -0.110152 0.046994 -0.009589
v -0.073946 0.085012 -0.040753
v -0.086441 0.063013 -0.041701
v -0.098935 0.040791 -0.040510
v -0.077884 0.087205 -0.051637
v -0.090379 0.065206 -0.052583
v -0.102874 0.042999 -0.051395
v -0.094671 0.096549 -0.005551
v -0.107166 0.074550 -0.006201
v -0.119661 0.052281 -0.005182
v -0.125689 0.113815 -0.040753
v -0.138184 0.091817 -0.041700
v -0.150679 0.069595 -0.040508
v -0.125689 0.113815 -0.028965
v -0.138184 0.091817 -0.029920
v -0.150679 0.069578 -0.028726
v -0.104964 0.102278 -0.005543
v -0.117459 0.080280 -0.006201
v -0.129953 0.058010 -0.005180
v -0.073946 0.085012 -0.028966
v -0.086441 0.063013 -0.029921
v -0.098935 0.040774 -0.028729
v 0.075119 0.143336 -0.034424
v 0.079165 0.136068 -0.045838
v 0.084598 0.126316 -0.055612
v 0.069635 0.140284 -0.033176
v 0.070984 0.131514 -0.043967
v 0.074933 0.120936 -0.053403
v 0.083363 0.116644 -0.058952
v 0.077069 0.128928 -0.050534
v 0.073392 0.138092 -0.039786
v 0.071798 0.144570 -0.028747
v 0.064986 0.137696 -0.029620
v 0.064049 0.127654 -0.038637
v 0.066738 0.116375 -0.047110
v 0.068083 0.142502 -0.026986
v 0.073975 0.111418 -0.054496
v 0.068507 0.124162 -0.046450
v 0.066839 0.134444 -0.036673
v 0.061880 0.135967 -0.024306
v 0.059415 0.125074 -0.030663
v 0.061263 0.113327 -0.037690
v 0.066789 0.107418 -0.046260
v 0.061954 0.120514 -0.038902
v 0.061823 0.131652 -0.030922
v 0.065240 0.140920 -0.023734
v 0.060789 0.135359 -0.018081
v 0.057788 0.124168 -0.021292
v 0.059341 0.112257 -0.026577
v 0.062900 0.105253 -0.035492
v 0.058407 0.118540 -0.029042
v 0.059109 0.130141 -0.023428
v 0.063701 0.140063 -0.019506
v 0.061880 0.135967 -0.011948
v 0.059415 0.125074 -0.012070
v 0.061263 0.113327 -0.015532
v 0.062900 0.105253 -0.023827
v 0.058407 0.118540 -0.018429
v 0.059109 0.130141 -0.015401
v 0.063701 0.140063 -0.014968
v 0.064986 0.137696 -0.007030
v 0.064049 0.127654 -0.004842
v 0.066738 0.116375 -0.006638
v 0.066789 0.107418 -0.013141
v 0.061954 0.120514 -0.008866
v 0.061823 0.131652 -0.008209
v 0.065240 0.140920 -0.010835
v 0.069635 0.140284 -0.004401
v 0.070984 0.131514 -0.001555
v 0.074933 0.120936 -0.002092
v 0.073975 0.111418 -0.005572
v 0.068507 0.124162 -0.002809
v 0.066839 0.134444 -0.003595
v 0.068083 0.142502 -0.007906
v 0.075119 0.143336 -0.003684
v 0.079165 0.136068 -0.000990
v 0.084598 0.126316 -0.001233
v 0.083363 0.116644 -0.002403
v 0.077069 0.128928 -0.000980
v 0.073392 0.138092 -0.001962
v 0.071798 0.144570 -0.006546
v 0.075349 0.148418 -0.010479
v 0.080602 0.146389 -0.004344
v 0.087345 0.140621 -0.001453
v 0.094263 0.131697 -0.001993
v 0.086337 0.134087 -0.000915
v 0.080485 0.142041 -0.001916
v 0.075819 0.146809 -0.006527
v 0.093525 0.122301 -0.002358
v 0.085251 0.148976 -0.006960
v 0.094280 0.144482 -0.004734
v 0.102457 0.136258 -0.006553
v 0.102913 0.127527 -0.005498
v 0.094899 0.138854 -0.002688
v 0.087039 0.145688 -0.003497
v 0.079534 0.148876 -0.007862
v 0.088357 0.150705 -0.011904
v 0.098914 0.147061 -0.012018
v 0.107933 0.139306 -0.015503
v 0.092054 0.148480 -0.008132
v 0.082377 0.150459 -0.010795
v 0.110099 0.131527 -0.013108
v 0.101452 0.142502 -0.008791
v 0.089448 0.151313 -0.018066
v 0.100541 0.147967 -0.021280
v 0.109855 0.140376 -0.026574
v 0.113988 0.133691 -0.023822
v 0.104999 0.144476 -0.018409
v 0.094769 0.149991 -0.015370
v 0.083916 0.151316 -0.014947
v 0.088357 0.150705 -0.024304
v 0.098914 0.147061 -0.030662
v 0.107933 0.139306 -0.037689
v 0.083916 0.151316 -0.019500
v 0.113988 0.133691 -0.035492
v 0.104999 0.144476 -0.029040
v 0.094769 0.149991 -0.023423
v 0.085251 0.148976 -0.029620
v 0.094280 0.144482 -0.038637
v 0.102457 0.136258 -0.047110
v 0.110099 0.131527 -0.046260
v 0.101452 0.142502 -0.038902
v 0.092054 0.148480 -0.030922
v 0.082377 0.150459 -0.023734
v 0.080602 0.146389 -0.033176
v 0.087345 0.140621 -0.043967
v 0.094263 0.131697 -0.053403
v 0.102913 0.127527 -0.054496
v 0.094899 0.138854 -0.046450
v 0.087039 0.145688 -0.036673
v 0.079534 0.148876 -0.026986
v 0.073014 0.147117 -0.023623
v 0.070678 0.145817 -0.023091
v 0.120049 0.124832 -0.032650
v 0.068698 0.144715 -0.021578
v 0.130914 0.043824 -0.003243
v 0.067375 0.143979 -0.019318
v 0.069377 0.096625 -0.044199
v 0.066910 0.143720 -0.016672
v 0.104576 0.029279 -0.032815
v 0.067375 0.143979 -0.014043
v 0.120835 0.038223 -0.005346
v 0.068698 0.144715 -0.011854
v 0.155248 0.057440 -0.021277
v 0.070678 0.145817 -0.010496
v 0.103789 0.115781 -0.005372
v 0.073014 0.147117 -0.010052
v 0.149539 0.054227 -0.011579
v 0.077329 0.149520 -0.011830
v 0.093710 0.110171 -0.062813
v 0.078652 0.150256 -0.014025
v 0.118044 0.123716 -0.044199
v 0.079117 0.150515 -0.016664
v 0.083631 0.104560 -0.060518
v 0.078652 0.150256 -0.019317
v 0.112290 0.033661 -0.054139
v 0.077329 0.149520 -0.021577
v 0.112334 0.120538 -0.053982
v 0.075349 0.148418 -0.023091
v 0.140994 0.049663 -0.060675
v 0.069377 0.096625 -0.021095
v 0.093525 0.122301 -0.058952
v 0.086337 0.134087 -0.050534
v 0.080485 0.142041 -0.039786
v 0.075819 0.146809 -0.028747
v 0.112290 0.033493 -0.011586
v 0.140027 0.026774 -0.057880
v 0.130361 0.021381 -0.055679
v 0.137280 0.011517 -0.048168
v 0.144022 0.005390 -0.036710
v 0.148806 0.004994 -0.031382
v 0.138288 0.018471 -0.054014
v 0.131100 0.031369 -0.059972
v 0.122167 0.016781 -0.049411
v 0.130345 0.007640 -0.042865
v 0.139374 0.002801 -0.033155
v 0.145091 0.002926 -0.029621
v 0.137586 0.006185 -0.040895
v 0.129726 0.013684 -0.049955
v 0.121711 0.026118 -0.055520
v 0.116692 0.013672 -0.040030
v 0.125711 0.005035 -0.034927
v 0.136267 0.001071 -0.027834
v 0.132570 0.003386 -0.035155
v 0.123172 0.009998 -0.042454
v 0.114526 0.022069 -0.047292
v 0.142248 0.001343 -0.026367
v 0.114769 0.012525 -0.028962
v 0.124084 0.004099 -0.025565
v 0.135177 0.000463 -0.021560
v 0.140709 0.000487 -0.022115
v 0.129856 0.001866 -0.027655
v 0.119626 0.007971 -0.032653
v 0.110637 0.019834 -0.036541
v 0.116692 0.013521 -0.017913
v 0.125711 0.004973 -0.016228
v 0.136267 0.001069 -0.015311
v 0.119626 0.007913 -0.022047
v 0.110637 0.019756 -0.024903
v 0.140709 0.000487 -0.017524
v 0.129856 0.001856 -0.019542
v 0.122167 0.016510 -0.008727
v 0.130345 0.007526 -0.008479
v 0.139374 0.002797 -0.010104
v 0.142247 0.001343 -0.013321
v 0.132570 0.003357 -0.012119
v 0.123172 0.009835 -0.012328
v 0.114526 0.021857 -0.014202
v 0.130361 0.021028 -0.003031
v 0.137280 0.011368 -0.003601
v 0.144022 0.005384 -0.006728
v 0.121711 0.025808 -0.006315
v 0.145091 0.002926 -0.010162
v 0.137586 0.006142 -0.006618
v 0.129726 0.013442 -0.005220
v 0.140027 0.026393 -0.001192
v 0.145460 0.015915 -0.001998
v 0.149506 0.008436 -0.005578
v 0.151611 0.004788 -0.011745
v 0.148806 0.004994 -0.008485
v 0.144139 0.009785 -0.003781
v 0.138288 0.018186 -0.001683
v 0.131100 0.031004 -0.002356
v 0.149692 0.031789 -0.003031
v 0.153640 0.020475 -0.003618
v 0.154990 0.011489 -0.006737
v 0.152826 0.007232 -0.008488
v 0.151232 0.013734 -0.003790
v 0.147556 0.023345 -0.001691
v 0.141262 0.036660 -0.002349
v 0.157886 0.036393 -0.008728
v 0.160576 0.024354 -0.008490
v 0.159638 0.014077 -0.010111
v 0.156541 0.009300 -0.010167
v 0.157786 0.017386 -0.006632
v 0.156118 0.028134 -0.005233
v 0.150650 0.041916 -0.006305
v 0.163361 0.039499 -0.017913
v 0.165209 0.026960 -0.016231
v 0.162745 0.015807 -0.015314
v 0.159385 0.010883 -0.013325
v 0.162801 0.020185 -0.012125
v 0.162671 0.031822 -0.012333
v 0.157835 0.045965 -0.014199
v 0.165284 0.040644 -0.028962
v 0.166837 0.027897 -0.025565
v 0.163835 0.016416 -0.021561
v 0.160923 0.011739 -0.017525
v 0.165516 0.021706 -0.019543
v 0.166218 0.033849 -0.022047
v 0.161724 0.048194 -0.024902
v 0.163361 0.039651 -0.040030
v 0.165209 0.027022 -0.034927
v 0.162745 0.015810 -0.027834
v 0.160923 0.011739 -0.022116
v 0.165516 0.021716 -0.027655
v 0.166218 0.033907 -0.032653
v 0.161724 0.048272 -0.036540
v 0.157886 0.036664 -0.049411
v 0.160576 0.024468 -0.042865
v 0.159638 0.014082 -0.033155
v 0.162801 0.020215 -0.035155
v 0.162671 0.031985 -0.042454
v 0.157835 0.046178 -0.047292
v 0.159385 0.010883 -0.026367
v 0.149692 0.032141 -0.055679
v 0.153640 0.020625 -0.048168
v 0.154990 0.011495 -0.036710
v 0.156541 0.009300 -0.029621
v 0.157786 0.017430 -0.040895
v 0.156118 0.028376 -0.049955
v 0.150650 0.042226 -0.055519
v 0.151232 0.013786 -0.044002
v 0.145460 0.016077 -0.050031
v 0.149506 0.008442 -0.037958
v 0.151611 0.004788 -0.025583
v 0.149275 0.003488 -0.025051
v 0.144139 0.009837 -0.044002
v 0.147295 0.002386 -0.023537
v 0.145972 0.001650 -0.021271
v 0.145508 0.001391 -0.018600
v 0.145972 0.001650 -0.015945
v 0.147295 0.002386 -0.013721
v 0.149275 0.003488 -0.012254
v 0.153947 0.006089 -0.012256
v 0.155927 0.007191 -0.013723
v 0.157250 0.007927 -0.015946
v 0.157714 0.008186 -0.018601
v 0.157250 0.007927 -0.021271
v 0.155927 0.007191 -0.023537
v 0.153947 0.006089 -0.025051
v 0.147556 0.023630 -0.054014
v 0.141262 0.037026 -0.059972
v 0.152826 0.007232 -0.031382
v 0.157253 0.058602 -0.032813
v 0.144940 0.081071 -0.035526
v 0.132445 0.103099 -0.035759
v 0.093710 0.110171 -0.003636
v 0.106065 0.088414 -0.005611
v 0.118560 0.066382 -0.005361
v 0.106581 0.030445 -0.044356
v 0.094188 0.052822 -0.047082
v 0.081693 0.074847 -0.047314
v 0.067372 0.095509 -0.032650
v 0.079685 0.073729 -0.035759
v 0.092179 0.051702 -0.035527
v 0.083631 0.104560 -0.005412
v 0.095970 0.082795 -0.007889
v 0.108464 0.060762 -0.007650
v 0.118044 0.123716 -0.021090
v 0.130437 0.101981 -0.024204
v 0.142932 0.079952 -0.023972
v 0.140994 0.049444 -0.005336
v 0.128655 0.072002 -0.007648
v 0.116160 0.094034 -0.007887
v 0.112334 0.120538 -0.011406
v 0.124719 0.098798 -0.014412
v 0.137213 0.076767 -0.014180
v 0.130914 0.044060 -0.062970
v 0.118560 0.066392 -0.065719
v 0.106065 0.088414 -0.065952
v 0.155248 0.057536 -0.044355
v 0.142932 0.079956 -0.047080
v 0.130437 0.101981 -0.047314
v 0.120835 0.038441 -0.060675
v 0.108464 0.060772 -0.063421
v 0.095970 0.082795 -0.063654
v 0.075086 0.099803 -0.053982
v 0.087411 0.078031 -0.057109
v 0.099906 0.056006 -0.056877
v 0.149539 0.054396 -0.054138
v 0.137213 0.076774 -0.056876
v 0.124719 0.098798 -0.057109
v 0.103789 0.115781 -0.060518
v 0.116160 0.094034 -0.063653
v 0.128655 0.072011 -0.063421
v 0.106581 0.030349 -0.021280
v 0.094188 0.052818 -0.023973
v 0.081693 0.074847 -0.024204
v 0.075086 0.099803 -0.011434
v 0.087411 0.078031 -0.014414
v 0.099906 0.055999 -0.014182
v 0.077884 0.087205 -0.018087
v 0.090379 0.065206 -0.019038
v 0.102874 0.042953 -0.017853
v 0.114473 0.107572 -0.059967
v 0.126967 0.085573 -0.060913
v 0.139462 0.063377 -0.059723
v 0.085162 0.091256 -0.059967
v 0.097657 0.069257 -0.060913
v 0.110152 0.047061 -0.059725
v 0.121750 0.111623 -0.051638
v 0.134245 0.089624 -0.052583
v 0.146740 0.067417 -0.051393
v 0.094671 0.096549 -0.064475
v 0.107166 0.074550 -0.065421
v 0.119661 0.052359 -0.064232
v 0.114473 0.107572 -0.009837
v 0.126967 0.085573 -0.010708
v 0.139462 0.063310 -0.009585
v 0.121750 0.111623 -0.018082
v 0.134245 0.089624 -0.019037
v 0.146740 0.067372 -0.017850
v 0.104964 0.102278 -0.064475
v 0.117459 0.080280 -0.065420
v 0.129953 0.058089 -0.064232
v 0.085162 0.091256 -0.009850
v 0.097657 0.069257 -0.010708
v 0.110152 0.046994 -0.009589
v 0.073946 0.085012 -0.040753
v 0.086441 0.063013 -0.041701
v 0.098935 0.040791 -0.040510
v 0.077884 0.087205 -0.051637
v 0.090379 0.065206 -0.052583
v 0.102874 0.042999 -0.051395
v 0.094671 0.096549 -0.005551
v 0.107166 0.074550 -0.006201
v 0.119661 0.052281 -0.005182
v 0.125689 0.113815 -0.040753
v 0.138184 0.091817 -0.041700
v 0.150679 0.069595 -0.040508
v 0.125689 0.113815 -0.028965
v 0.138184 0.091817 -0.029920
v 0.150679 0.069578 -0.028726
v 0.104964 0.102278 -0.005543
v 0.117459 0.080280 -0.006201
v 0.129953 0.058010 -0.005180
v 0.073946 0.085012 -0.028966
v 0.086441 0.063013 -0.029921
v 0.098935 0.040774 -0.028729
v -0.075119 0.143336 0.034424
v -0.079165 0.136068 0.045838
v -0.084598 0.126316 0.055612
v -0.069635 0.140284 0.033176
v -0.070984 0.131514 0.043967
v -0.074932 0.120936 0.053403
v -0.083363 0.116644 0.058952
v -0.077069 0.128928 0.050534
v -0.073392 0.138092 0.039786
v -0.071798 0.144570 0.028747
v -0.064986 0.137696 0.029620
v -0.064049 0.127654 0.038637
v -0.066738 0.116375 0.047110
v -0.068083 0.142502 0.026986
v -0.073975 0.111418 0.054495
v -0.068507 0.124162 0.046450
v -0.066839 0.134444 0.036673
v -0.061880 0.135967 0.024306
v -0.059415 0.125074 0.030663
v -0.061263 0.113327 0.037690
v -0.066789 0.107418 0.046260
v -0.061953 0.120514 0.038902
v -0.061823 0.131652 0.030922
v -0.065240 0.140920 0.023734
v -0.060789 0.135359 0.018081
v -0.057788 0.124168 0.021292
v -0.059341 0.112257 0.026577
v -0.062900 0.105253 0.035492
v -0.058407 0.118540 0.029042
v -0.059109 0.130141 0.023428
v -0.063701 0.140063 0.019506
v -0.061880 0.135967 0.011948
v -0.059415 0.125074 0.012070
v -0.061263 0.113327 0.015532
v -0.062900 0.105253 0.023827
v -0.058407 0.118540 0.018429
v -0.059109 0.130141 0.015401
v -0.063701 0.140063 0.014968
v -0.064986 0.137696 0.007030
v -0.064049 0.127654 0.004842
v -0.066738 0.116375 0.006638
v -0.066789 0.107418 0.013141
v -0.061953 0.120514 0.008866
v -0.061823 0.131652 0.008209
v -0.065240 0.140920 0.010835
v -0.069635 0.140284 0.004401
v -0.070984 0.131514 0.001555
v -0.074932 0.120936 0.002092
v -0.073975 0.111418 0.005572
v -0.068507 0.124162 0.002809
v -0.066839 0.134444 0.003595
v -0.068083 0.142502 0.007906
v -0.075119 0.143336 0.003684
v -0.079165 0.136068 0.000990
v -0.084598 0.126316 0.001233
v -0.083363 0.116644 0.002403
v -0.077069 0.128928 0.000980
v -0.073392 0.138092 0.001962
v -0.071798 0.144570 0.006546
v -0.075349 0.148418 0.010479
v -0.080602 0.146389 0.004344
v -0.087345 0.140621 0.001453
v -0.094263 0.131697 0.001993
v -0.086337 0.134087 0.000915
v -0.080485 0.142041 0.001916
v -0.075819 0.146809 0.006527
v -0.093525 0.122301 0.002358
v -0.085251 0.148976 0.006960
v -0.094280 0.144482 0.004734
v -0.102457 0.136258 0.006553
v -0.102913 0.127527 0.005498
v -0.094899 0.138854 0.002688
v -0.087039 0.145688 0.003497
v -0.079534 0.148876 0.007862
v -0.088357 0.150705 0.011904
v -0.098914 0.147061 0.012018
v -0.107933 0.139306 0.015503
v -0.092054 0.148480 0.008132
v -0.082377 0.150459 0.010795
v -0.110099 0.131527 0.013108
v -0.101452 0.142502 0.008791
v -0.089448 0.151313 0.018066
v -0.100541 0.147967 0.021280
v -0.109855 0.140376 0.026574
v -0.113987 0.133691 0.023822
v -0.104999 0.144476 0.018409
v -0.094769 0.149991 0.015370
v -0.083916 0.151316 0.014947
v -0.088357 0.150705 0.024304
v -0.098914 0.147061 0.030662
v -0.107933 0.139306 0.037689
v -0.083916 0.151316 0.019500
v -0.113987 0.133691 0.035492
v -0.104999 0.144476 0.029040
v -0.094769 0.149991 0.023423
v -0.085251 0.148976 0.029620
v -0.094280 0.144482 0.038637
v -0.102457 0.136258 0.047110
v -0.110099 0.131527 0.046260
v -0.101452 0.142502 0.038902
v -0.092054 0.148480 0.030922
v -0.082377 0.150459 0.023734
v -0.080602 0.146389 0.033176
v -0.087345 0.140621 0.043967
v -0.094263 0.131697 0.053403
v -0.102913 0.127527 0.054495
v -0.094899 0.138854 0.046450
v -0.087039 0.145688 0.036673
v -0.079534 0.148876 0.026986
v -0.073014 0.147117 0.023623
v -0.070678 0.145817 0.023091
v -0.120049 0.124832 0.032650
v -0.068698 0.144715 0.021578
v -0.130914 0.043824 0.003243
v -0.067375 0.143979 0.019318
v -0.069377 0.096625 0.044199
v -0.066910 0.143720 0.016672
v -0.104576 0.029279 0.032815
v -0.067375 0.143979 0.014043
v -0.120835 0.038223 0.005346
v -0.068698 0.144715 0.011854
v -0.155248 0.057440 0.021277
v -0.070678 0.145817 0.010496
v -0.103789 0.115781 0.005372
v -0.073014 0.147117 0.010052
v -0.149539 0.054227 0.011579
v -0.077329 0.149520 0.011830
v -0.093710 0.110171 0.062813
v -0.078652 0.150256 0.014025
v -0.118044 0.123716 0.044199
v -0.079117 0.150515 0.016664
v -0.083631 0.104560 0.060518
v -0.078652 0.150256 0.019317
v -0.112290 0.033661 0.054139
v -0.077329 0.149520 0.021577
v -0.112334 0.120538 0.053982
v -0.075349 0.148418 0.023091
v -0.140994 0.049663 0.060675
v -0.069377 0.096625 0.021095
v -0.093525 0.122301 0.058952
v -0.086337 0.134087 0.050534
v -0.080485 0.142041 0.039786
v -0.075819 0.146809 0.028747
v -0.112290 0.033493 0.011586
v -0.140027 0.026774 0.057880
v -0.130361 0.021381 0.055679
v -0.137280 0.011517 0.048168
v -0.144022 0.005390 0.036710
v -0.148806 0.004994 0.031382
v -0.138288 0.018471 0.054014
v -0.131100 0.031369 0.059972
v -0.122167 0.016781 0.049411
v -0.130345 0.007640 0.042865
v -0.139374 0.002801 0.033155
v -0.145091 0.002926 0.029621
v -0.137586 0.006185 0.040895
v -0.129726 0.013684 0.049955
v -0.121711 0.026118 0.055519
v -0.116692 0.013672 0.040030
v -0.125711 0.005035 0.034927
v -0.136267 0.001071 0.027834
v -0.132570 0.003386 0.035155
v -0.123172 0.009998 0.042454
v -0.114526 0.022069 0.047292
v -0.142247 0.001343 0.026367
v -0.114769 0.012525 0.028962
v -0.124084 0.004099 0.025565
v -0.135177 0.000463 0.021560
v -0.140709 0.000487 0.022115
v -0.129856 0.001866 0.027655
v -0.119626 0.007971 0.032653
v -0.110637 0.019834 0.036541
v -0.116692 0.013521 0.017913
v -0.125711 0.004973 0.016228
v -0.136267 0.001069 0.015311
v -0.119626 0.007913 0.022047
v -0.110637 0.019756 0.024903
v -0.140709 0.000487 0.017524
v -0.129856 0.001856 0.019542
v -0.122167 0.016510 0.008727
v -0.130345 0.007526 0.008479
v -0.139374 0.002797 0.010104
v -0.142247 0.001343 0.013321
v -0.132570 0.003357 0.012119
v -0.123172 0.009835 0.012328
v -0.114526 0.021857 0.014202
v -0.130361 0.021028 0.003031
v -0.137280 0.011368 0.003601
v -0.144022 0.005384 0.006728
v -0.121711 0.025808 0.006315
v -0.145091 0.002926 0.010162
v -0.137586 0.006142 0.006618
v -0.129726 0.013442 0.005220
v -0.140027 0.026393 0.001192
v -0.145460 0.015915 0.001998
v -0.149506 0.008436 0.005578
v -0.151611 0.004788 0.011745
v -0.148806 0.004994 0.008485
v -0.144139 0.009785 0.003781
v -0.138288 0.018186 0.001683
v -0.131100 0.031004 0.002356
v -0.149692 0.031789 0.003031
v -0.153640 0.020475 0.003618
v -0.154990 0.011489 0.006737
v -0.152826 0.007232 0.008488
v -0.151232 0.013734 0.003790
v -0.147556 0.023345 0.001691
v -0.141262 0.036660 0.002349
v -0.157886 0.036393 0.008728
v -0.160576 0.024354 0.008490
v -0.159638 0.014077 0.010111
v -0.156541 0.009300 0.010167
v -0.157786 0.017386 0.006632
v -0.156118 0.028134 0.005233
v -0.150650 0.041916 0.006305
v -0.163361 0.039499 0.017913
v -0.165209 0.026960 0.016231
v -0.162745 0.015807 0.015314
v -0.159385 0.010883 0.013325
v -0.162801 0.020185 0.012125
v -0.162671 0.031822 0.012333
v -0.157835 0.045965 0.014199
v -0.165284 0.040644 0.028962
v -0.166837 0.027897 0.025565
v -0.163835 0.016416 0.021561
v -0.160923 0.011739 0.017525
v -0.165516 0.021706 0.019543
v -0.166218 0.033849 0.022047
v -0.161724 0.048194 0.024902
v -0.163361 0.039651 0.040030
v -0.165209 0.027022 0.034927
v -0.162745 0.015810 0.027834
v -0.160923 0.011739 0.022116
v -0.165516 0.021716 0.027655
v -0.166218 0.033907 0.032653
v -0.161724 0.048272 0.036540
v -0.157886 0.036664 0.049411
v -0.160575 0.024468 0.042865
v -0.159638 0.014082 0.033155
v -0.162801 0.020215 0.035155
v -0.162671 0.031985 0.042454
v -0.157835 0.046178 0.047292
v -0.159385 0.010883 0.026367
v -0.149692 0.032141 0.055679
v -0.153640 0.020625 0.048168
v -0.154990 0.011495 0.036710
v -0.156541 0.009300 0.029621
v -0.157786 0.017430 0.040895
v -0.156118 0.028376 0.049955
v -0.150650 0.042226 0.055519
v -0.151232 0.013786 0.044002
v -0.145460 0.016077 0.050031
v -0.149506 0.008442 0.037958
v -0.151611 0.004788 0.025583
v -0.149275 0.003488 0.025051
v -0.144139 0.009837 0.044002
v -0.147295 0.002386 0.023537
v -0.145972 0.001650 0.021271
v -0.145508 0.001391 0.018600
v -0.145972 0.001650 0.015945
v -0.147295 0.002386 0.013721
v -0.149275 0.003488 0.012254
v -0.153947 0.006089 0.012256
v -0.155927 0.007191 0.013723
v -0.157250 0.007927 0.015946
v -0.157714 0.008186 0.018601
v -0.157250 0.007927 0.021271
v -0.155927 0.007191 0.023537
v -0.153947 0.006089 0.025051
v -0.147556 0.023630 0.054014
v -0.141262 0.037026 0.059972
v -0.152826 0.007232 0.031382
v -0.157253 0.058602 0.032813
v -0.144940 0.081071 0.035526
v -0.132445 0.103099 0.035759
v -0.093710 0.110171 0.003636
v -0.106065 0.088414 0.005611
v -0.118560 0.066382 0.005361
v -0.106581 0.030445 0.044356
v -0.094187 0.052822 0.047082
v -0.081693 0.074847 0.047314
v -0.067372 0.095509 0.032650
v -0.079684 0.073729 0.035759
v -0.092179 0.051702 0.035527
v -0.083631 0.104560 0.005412
v -0.095970 0.082795 0.007889
v -0.108464 0.060762 0.007650
v -0.118044 0.123716 0.021090
v -0.130437 0.101981 0.024204
v -0.142932 0.079952 0.023972
v -0.140994 0.049444 0.005336
v -0.128655 0.072002 0.007648
v -0.116160 0.094034 0.007887
v -0.112334 0.120538 0.011406
v -0.124719 0.098798 0.014412
v -0.137213 0.076767 0.014180
v -0.130914 0.044060 0.062970
v -0.118560 0.066392 0.065719
v -0.106065 0.088414 0.065952
v -0.155248 0.057536 0.044355
v -0.142932 0.079956 0.047080
v -0.130437 0.101981 0.047314
v -0.120835 0.038441 0.060675
v -0.108464 0.060772 0.063421
v -0.095970 0.082795 0.063654
v -0.075086 0.099803 0.053982
v -0.087411 0.078031 0.057109
v -0.099906 0.056006 0.056877
v -0.149539 0.054396 0.054138
v -0.137213 0.076774 0.056876
v -0.124719 0.098798 0.057109
v -0.103789 0.115781 0.060518
v -0.116160 0.094034 0.063653
v -0.128655 0.072011 0.063421
v -0.106581 0.030349 0.021280
v -0.094187 0.052818 0.023973
v -0.081693 0.074847 0.024204
v -0.075086 0.099803 0.011434
v -0.087411 0.078031 0.014414
v -0.099906 0.055999 0.014182
v -0.077884 0.087205 0.018087
v -0.090379 0.065206 0.019038
v -0.102874 0.042953 0.017853
v -0.114473 0.107572 0.059967
v -0.126967 0.085573 0.060912
v -0.139462 0.063377 0.059723
v -0.085162 0.091256 0.059967
v -0.097657 0.069257 0.060913
v -0.110152 0.047061 0.059725
v -0.121750 0.111623 0.051638
v -0.134245 0.089624 0.052583
v -0.146740 0.067417 0.051393
v -0.094671 0.096549 0.064475
v -0.107166 0.074550 0.065421
v -0.119661 0.052359 0.064232
v -0.114473 0.107572 0.009837
v -0.126967 0.085573 0.010708
v -0.139462 0.063310 0.009585
v -0.121750 0.111623 0.018082
v -0.134245 0.089624 0.019037
v -0.146740 0.067372 0.017850
v -0.104964 0.102278 0.064475
v -0.117458 0.080280 0.065420
v -0.129953 0.058089 0.064232
v -0.085162 0.091256 0.009850
v -0.097657 0.069257 0.010708
v -0.110152 0.046994 0.009589
v -0.073946 0.085012 0.040753
v -0.086441 0.063013 0.041701
v -0.098935 0.040791 0.040510
v -0.077884 0.087205 0.051637
v -0.090379 0.065206 0.052583
v -0.102874 0.042999 0.051395
v -0.094671 0.096549 0.005551
v -0.107166 0.074550 0.006201
v -0.119661 0.052281 0.005182
v -0.125689 0.113815 0.040753
v -0.138184 0.091817 0.041700
v -0.150679 0.069595 0.040508
v -0.125689 0.113815 0.028965
v -0.138184 0.091817 0.029920
v -0.150679 0.069578 0.028726
v -0.104964 0.102278 0.005543
v -0.117458 0.080280 0.006201
v -0.129953 0.058010 0.005180
v -0.073946 0.085012 0.028966
v -0.086441 0.063013 0.029921
v -0.098935 0.040774 0.028729
v 0.075119 0.143336 0.034424
v 0.079165 0.136068 0.045838
v 0.084598 0.126316 0.055612
v 0.069635 0.140284 0.033176
v 0.070984 0.131514 0.043967
v 0.074933 0.120936 0.053403
v 0.083363 0.116644 0.058952
v 0.077069 0.128928 0.050534
v 0.073392 0.138092 0.039786
v 0.071798 0.144570 0.028747
v 0.064986 0.137696 0.029620
v 0.064049 0.127654 0.038637
v 0.066738 0.116375 0.047110
v 0.068083 0.142502 0.026986
v 0.073975 0.111418 0.054495
v 0.068507 0.124162 0.046450
v 0.066839 0.134444 0.036673
v 0.061880 0.135967 0.024306
v 0.059415 0.125074 0.030663
v 0.061263 0.113327 0.037690
v 0.066789 0.107418 0.046260
v 0.061954 0.120514 0.038902
v 0.061823 0.131652 0.030922
v 0.065240 0.140920 0.023734
v 0.060789 0.135359 0.018081
v 0.057788 0.124168 0.021292
v 0.059341 0.112257 0.026577
v 0.062900 0.105253 0.035492
v 0.058407 0.118540 0.029042
v 0.059109 0.130141 0.023428
v 0.063701 0.140063 0.019506
v 0.061880 0.135967 0.011948
v 0.059415 0.125074 0.012070
v 0.061263 0.113327 0.015532
v 0.062900 0.105253 0.023827
v 0.058407 0.118540 0.018429
v 0.059109 0.130141 0.015401
v 0.063701 0.140063 0.014968
v 0.064986 0.137696 0.007030
v 0.064049 0.127654 0.004842
v 0.066738 0.116375 0.006638
v 0.066789 0.107418 0.013141
v 0.061954 0.120514 0.008866
v 0.061823 0.131652 0.008209
v 0.065240 0.140920 0.010835
v 0.069635 0.140284 0.004401
v 0.070984 0.131514 0.001555
v 0.074933 0.120936 0.002092
v 0.073975 0.111418 0.005572
v 0.068507 0.124162 0.002809
v 0.066839 0.134444 0.003595
v 0.068083 0.142502 0.007906
v 0.075119 0.143336 0.003684
v 0.079165 0.136068 0.000990
v 0.084598 0.126316 0.001233
v 0.083363 0.116644 0.002403
v 0.077069 0.128928 0.000980
v 0.073392 0.138092 0.001962
v 0.071798 0.144570 0.006546
v 0.075349 0.148418 0.010479
v 0.080602 0.146389 0.004344
v 0.087345 0.140621 0.001453
v 0.094263 0.131697 0.001993
v 0.086337 0.134087 0.000915
v 0.080485 0.142041 0.001916
v 0.075819 0.146809 0.006527
v 0.093525 0.122301 0.002358
v 0.085251 0.148976 0.006960
v 0.094280 0.144482 0.004734
v 0.102457 0.136258 0.006553
v 0.102913 0.127527 0.005498
v 0.094899 0.138854 0.002688
v 0.087039 0.145688 0.003497
v 0.079534 0.148876 0.007862
v 0.088357 0.150705 0.011904
v 0.098914 0.147061 0.012018
v 0.107933 0.139306 0.015503
v 0.092054 0.148480 0.008132
v 0.082377 0.150459 0.010795
v 0.110099 0.131527 0.013108
v 0.101452 0.142502 0.008791
v 0.089448 0.151313 0.018066
v 0.100541 0.147967 0.021280
v 0.109855 0.140376 0.026574
v 0.113988 0.133691 0.023822
v 0.104999 0.144476 0.018409
v 0.094769 0.149991 0.015370
v 0.083916 0.151316 0.014947
v 0.088357 0.150705 0.024304
v 0.098914 0.147061 0.030662
v 0.107933 0.139306 0.037689
v 0.083916 0.151316 0.019500
v 0.113988 0.133691 0.035492
v 0.104999 0.144476 0.029040
v 0.094769 0.149991 0.023423
v 0.085251 0.148976 0.029620
v 0.094280 0.144482 0.038637
v 0.102457 0.136258 0.047110
v 0.110099 0.131527 0.046260
v 0.101452 0.142502 0.038902
v 0.092054 0.148480 0.030922
v 0.082377 0.150459 0.023734
v 0.080602 0.146389 0.033176
v 0.087345 0.140621 0.043967
v 0.094263 0.131697 0.053403
v 0.102913 0.127527 0.054495
v 0.094899 0.138854 0.046450
v 0.087039 0.145688 0.036673
v 0.079534 0.148876 0.026986
v 0.073014 0.147117 0.023623
v 0.070678 0.145817 0.023091
v 0.120049 0.124832 0.032650
v 0.068698 0.144715 0.021578
v 0.130914 0.043824 0.003243
v 0.067375 0.143979 0.019318
v 0.069377 0.096625 0.044199
v 0.066910 0.143720 0.016672
v 0.104576 0.029279 0.032815
v 0.067375 0.143979 0.014043
v 0.120835 0.038223 0.005346
v 0.068698 0.144715 0.011854
v 0.155248 0.057440 0.021277
v 0.070678 0.145817 0.010496
v 0.103789 0.115781 0.005372
v 0.073014 0.147117 0.010052
v 0.149539 0.054227 0.011579
v 0.077329 0.149520 0.011830
v 0.093710 0.110171 0.062813
v 0.078652 0.150256 0.014025
v 0.118044 0.123716 0.044199
v 0.079117 0.150515 0.016664
v 0.083631 0.104560 0.060518
v 0.078652 0.150256 0.019317
v 0.112290 0.033661 0.054139
v 0.077329 0.149520 0.021577
v 0.112334 0.120538 0.053982
v 0.075349 0.148418 0.023091
v 0.140994 0.049663 0.060675
v 0.069377 0.096625 0.021095
v 0.093525 0.122301 0.058952
v 0.086337 0.134087 0.050534
v 0.080485 0.142041 0.039786
v 0.075819 0.146809 0.028747
v 0.112290 0.033493 0.011586
v 0.140027 0.026774 0.057880
v 0.130361 0.021381 0.055679
v 0.137280 0.011517 0.048168
v 0.144022 0.005390 0.036710
v 0.148806 0.004994 0.031382
v 0.138288 0.018471 0.054014
v 0.131100 0.031369 0.059972
v 0.122167 0.016781 0.049411
v 0.130345 0.007640 0.042865
v 0.139374 0.002801 0.033155
v 0.145091 0.002926 0.029621
v 0.137586 0.006185 0.040895
v 0.129726 0.013684 0.049955
v 0.121711 0.026118 0.055519
v 0.116692 0.013672 0.040030
v 0.125711 0.005035 0.034927
v 0.136267 0.001071 0.027834
v 0.132570 0.003386 0.035155
v 0.123172 0.009998 0.042454
v 0.114526 0.022069 0.047292
v 0.142248 0.001343 0.026367
v 0.114769 0.012525 0.028962
v 0.124084 0.004099 0.025565
v 0.135177 0.000463 0.021560
v 0.140709 0.000487 0.022115
v 0.129856 0.001866 0.027655
v 0.119626 0.007971 0.032653
v 0.110637 0.019834 0.036541
v 0.116692 0.013521 0.017913
v 0.125711 0.004973 0.016228
v 0.136267 0.001069 0.015311
v 0.119626 0.007913 0.022047
v 0.110637 0.019756 0.024903
v 0.140709 0.000487 0.017524
v 0.129856 0.001856 0.019542
v 0.122167 0.016510 0.008727
v 0.130345 0.007526 0.008479
v 0.139374 0.002797 0.010104
v 0.142248 0.001343 0.013321
v 0.132570 0.003357 0.012119
v 0.123172 0.009835 0.012328
v 0.114526 0.021857 0.014202
v 0.130361 0.021028 0.003031
v 0.137280 0.011368 0.003601
v 0.144022 0.005384 0.006728
v 0.121711 0.025808 0.006315
v 0.145091 0.002926 0.010162
v 0.137586 0.006142 0.006618
v 0.129726 0.013442 0.005220
v 0.140027 0.026393 0.001192
v 0.145460 0.015915 0.001998
v 0.149506 0.008436 0.005578
v 0.151611 0.004788 0.011745
v 0.148806 0.004994 0.008485
v 0.144139 0.009785 0.003781
v 0.138288 0.018186 0.001683
v 0.131100 0.031004 0.002356
v 0.149692 0.031789 0.003031
v 0.153640 0.020475 0.003618
v 0.154990 0.011489 0.006737
v 0.152826 0.007232 0.008488
v 0.151232 0.013734 0.003790
v 0.147556 0.023345 0.001691
v 0.141262 0.036660 0.002349
v 0.157886 0.036393 0.008728
v 0.160576 0.024354 0.008490
v 0.159638 0.014077 0.010111
v 0.156541 0.009300 0.010167
v 0.157786 0.017386 0.006632
v 0.156118 0.028134 0.005233
v 0.150650 0.041916 0.006305
v 0.163361 0.039499 0.017913
v 0.165209 0.026960 0.016231
v 0.162745 0.015807 0.015314
v 0.159385 0.010883 0.013325
v 0.162801 0.020185 0.012125
v 0.162671 0.031822 0.012333
v 0.157835 0.045965 0.014199
v 0.165284 0.040644 0.028962
v 0.166837 0.027897 0.025565
v 0.163835 0.016416 0.021561
v 0.160923 0.011739 0.017525
v 0.165516 0.021706 0.019543
v 0.166218 0.033849 0.022047
v 0.161724 0.048194 0.024902
v 0.163361 0.039651 0.040030
v 0.165209 0.027022 0.034927
v 0.162745 0.015810 0.027834
v 0.160923 0.011739 0.022116
v 0.165516 0.021716 0.027655
v 0.166218 0.033907 0.032653
v 0.161724 0.048272 0.036540
v 0.157886 0.036664 0.049411
v 0.160576 0.024468 0.042865
v 0.159638 0.014082 0.033155
v 0.162801 0.020215 0.035155
v 0.162671 0.031985 0.042454
v 0.157835 0.046178 0.047292
v 0.159385 0.010883 0.026367
v 0.149692 0.032141 0.055679
v 0.153640 0.020625 0.048168
v 0.154990 0.011495 0.036710
v 0.156541 0.009300 0.029621
v 0.157786 0.017430 0.040895
v 0.156118 0.028376 0.049955
v 0.150650 0.042226 0.055519
v 0.151232 0.013786 0.044002
v 0.145460 0.016077 0.050031
v 0.149506 0.008442 0.037958
v 0.151611 0.004788 0.025583
v 0.149275 0.003488 0.025051
v 0.144139 0.009837 0.044002
v 0.147295 0.002386 0.023537
v 0.145972 0.001650 0.021271
v 0.145508 0.001391 0.018600
v 0.145972 0.001650 0.015945
v 0.147295 0.002386 0.013721
v 0.149275 0.003488 0.012254
v 0.153947 0.006089 0.012256
v 0.155927 0.007191 0.013723
v 0.157250 0.007927 0.015946
v 0.157714 0.008186 0.018601
v 0.157250 0.007927 0.021271
v 0.155927 0.007191 0.023537
v 0.153947 0.006089 0.025051
v 0.147556 0.023630 0.054014
v 0.141262 0.037026 0.059972
v 0.152826 0.007232 0.031382
v 0.157253 0.058602 0.032813
v 0.144940 0.081071 0.035526
v 0.132445 0.103099 0.035759
v 0.093710 0.110171 0.003636
v 0.106065 0.088414 0.005611
v 0.118560 0.066382 0.005361
v 0.106581 0.030445 0.044356
v 0.094188 0.052822 0.047082
v 0.081693 0.074847 0.047314
v 0.067372 0.095509 0.032650
v 0.079685 0.073729 0.035759
v 0.092179 0.051702 0.035527
v 0.083631 0.104560 0.005412
v 0.095970 0.082795 0.007889
v 0.108464 0.060762 0.007650
v 0.118044 0.123716 0.021090
v 0.130437 0.101981 0.024204
v 0.142932 0.079952 0.023972
v 0.140994 0.049444 0.005336
v 0.128655 0.072002 0.007648
v 0.116160 0.094034 0.007887
v 0.112334 0.120538 0.011406
v 0.124719 0.098798 0.014412
v 0.137213 0.076767 0.014180
v 0.130915 0.044060 0.062970
v 0.118560 0.066392 0.065719
v 0.106065 0.088414 0.065952
v 0.155248 0.057536 0.044355
v 0.142932 0.079956 0.047080
v 0.130437 0.101981 0.047314
v 0.120835 0.038441 0.060675
v 0.108464 0.060772 0.063421
v 0.095970 0.082795 0.063654
v 0.075086 0.099803 0.053982
v 0.087411 0.078031 0.057109
v 0.099906 0.056006 0.056877
v 0.149539 0.054396 0.054138
v 0.137213 0.076774 0.056876
v 0.124719 0.098798 0.057109
v 0.103789 0.115781 0.060518
v 0.116160 0.094034 0.063653
v 0.128655 0.072011 0.063421
v 0.106581 0.030349 0.021280
v 0.094188 0.052818 0.023973
v 0.081693 0.074847 0.024204
v 0.075086 0.099803 0.011434
v 0.087411 0.078031 0.014414
v 0.099906 0.055999 0.014182
v 0.077884 0.087205 0.018087
v 0.090379 0.065206 0.019038
v 0.102874 0.042953 0.017853
v 0.114473 0.107572 0.059967
v 0.126967 0.085573 0.060912
v 0.139462 0.063377 0.059723
v 0.085162 0.091256 0.059967
v 0.097657 0.069257 0.060913
v 0.110152 0.047061 0.059725
v 0.121750 0.111623 0.051638
v 0.134245 0.089624 0.052583
v 0.146740 0.067417 0.051393
v 0.094671 0.096549 0.064475
v 0.107166 0.074550 0.065421
v 0.119661 0.052359 0.064232
v 0.114473 0.107572 0.009837
v 0.126968 0.085573 0.010708
v 0.139462 0.063310 0.009585
v 0.121750 0.111623 0.018082
v 0.134245 0.089624 0.019037
v 0.146740 0.067372 0.017850
v 0.104964 0.102278 0.064475
v 0.117458 0.080280 0.065420
v 0.129953 0.058089 0.064232
v 0.085162 0.091256 0.009850
v 0.097657 0.069257 0.010708
v 0.110152 0.046994 0.009589
v 0.073946 0.085012 0.040753
v 0.086441 0.063013 0.041701
v 0.098935 0.040791 0.040510
v 0.077884 0.087205 0.051637
v 0.090379 0.065206 0.052583
v 0.102874 0.042999 0.051395
v 0.094671 0.096549 0.005551
v 0.107166 0.074550 0.006201
v 0.119661 0.052281 0.005182
v 0.125689 0.113815 0.040753
v 0.138184 0.091817 0.041700
v 0.150679 0.069595 0.040508
v 0.125689 0.113815 0.028965
v 0.138184 0.091817 0.029920
v 0.150679 0.069578 0.028726
v 0.104964 0.102278 0.005543
v 0.117459 0.080280 0.006201
v 0.129953 0.058010 0.005180
v 0.073946 0.085012 0.028966
v 0.086441 0.063013 0.029921
v 0.098935 0.040774 0.028729
v -0.074994 0.133746 -0.045364
v -0.071760 0.146139 -0.024624
v -0.079671 0.123574 -0.055052
v -0.072322 0.141776 -0.034123
v -0.069224 0.144727 -0.023422
v -0.070567 0.118506 -0.050719
v -0.067153 0.138899 -0.031672
v -0.067289 0.129457 -0.041694
v -0.063599 0.114627 -0.042710
v -0.063196 0.136696 -0.027144
v -0.061392 0.126174 -0.034910
v -0.067283 0.143647 -0.021202
v -0.058200 0.124398 -0.026059
v -0.066233 0.143062 -0.018317
v -0.059828 0.112528 -0.032240
v -0.061055 0.135504 -0.021250
v -0.058200 0.124398 -0.016561
v -0.066233 0.143062 -0.015218
v -0.059828 0.112528 -0.020929
v -0.061055 0.135504 -0.014937
v -0.063599 0.114627 -0.010651
v -0.063196 0.136696 -0.009245
v -0.061392 0.126174 -0.008048
v -0.067283 0.143647 -0.012377
v -0.070567 0.118506 -0.003790
v -0.067153 0.138899 -0.005418
v -0.067289 0.129457 -0.002721
v -0.069224 0.144727 -0.010303
v -0.074994 0.133746 -0.001088
v -0.071760 0.146139 -0.009282
v -0.079671 0.123574 -0.001382
v -0.072322 0.141776 -0.003842
v -0.083335 0.138389 -0.001029
v -0.074506 0.147667 -0.009270
v -0.089525 0.129059 -0.001322
v -0.077918 0.144891 -0.003810
v -0.098629 0.134127 -0.003686
v -0.083087 0.147769 -0.005348
v -0.091040 0.142678 -0.002605
v -0.077042 0.149079 -0.010277
v -0.087044 0.149971 -0.009185
v -0.096937 0.145961 -0.007966
v -0.078983 0.150159 -0.012351
v -0.105597 0.138006 -0.010595
v -0.100129 0.147738 -0.016534
v -0.080033 0.150744 -0.015203
v -0.109368 0.140105 -0.020917
v -0.089185 0.151163 -0.014909
v -0.080033 0.150744 -0.018313
v -0.105084 0.029537 -0.026932
v -0.136053 0.046686 -0.003762
v -0.109368 0.140105 -0.032239
v -0.089185 0.151163 -0.021244
v -0.156745 0.058295 -0.026930
v -0.156745 0.058345 -0.038697
v -0.100129 0.147738 -0.026055
v -0.125776 0.040966 -0.003769
v -0.105597 0.138006 -0.042710
v -0.087044 0.149971 -0.027143
v -0.109016 0.031822 -0.049569
v -0.105084 0.029587 -0.038698
v -0.096937 0.145961 -0.034910
v -0.078983 0.150159 -0.021202
v -0.116283 0.035700 -0.007972
v -0.136052 0.046918 -0.062389
v -0.152813 0.056066 -0.016085
v -0.091040 0.142678 -0.041694
v -0.077042 0.149079 -0.023422
v -0.145546 0.051990 -0.007962
v -0.125776 0.041198 -0.062389
v -0.098629 0.134127 -0.050719
v -0.083087 0.147769 -0.031672
v -0.152813 0.056201 -0.049567
v -0.083335 0.138389 -0.045364
v -0.074506 0.147667 -0.024624
v -0.116283 0.035897 -0.057887
v -0.145546 0.052187 -0.057887
v -0.089525 0.129059 -0.055052
v -0.077918 0.144891 -0.034123
v -0.109016 0.031686 -0.016088
v -0.146707 0.006887 -0.037658
v -0.135099 0.024028 -0.057323
v -0.150119 0.004211 -0.026696
v -0.141290 0.013754 -0.049559
v -0.147583 0.002799 -0.025494
v -0.133585 0.009453 -0.045906
v -0.141537 0.004009 -0.035207
v -0.125995 0.018934 -0.053006
v -0.127687 0.006149 -0.039156
v -0.137581 0.001805 -0.030679
v -0.119027 0.015005 -0.045028
v -0.145642 0.001719 -0.023272
v -0.135439 0.000612 -0.024763
v -0.115256 0.012835 -0.034604
v -0.144591 0.001134 -0.020370
v -0.124496 0.004344 -0.030338
v -0.115256 0.012757 -0.023322
v -0.144591 0.001134 -0.017237
v -0.124496 0.004312 -0.020796
v -0.135439 0.000611 -0.018367
v -0.145642 0.001719 -0.014370
v -0.127687 0.006059 -0.012061
v -0.137581 0.001802 -0.012516
v -0.119027 0.014789 -0.012968
v -0.141537 0.004003 -0.008145
v -0.125995 0.018617 -0.005395
v -0.147583 0.002799 -0.012205
v -0.133585 0.009319 -0.005639
v -0.146707 0.006880 -0.005854
v -0.135099 0.023654 -0.001643
v -0.150119 0.004211 -0.011049
v -0.141290 0.013595 -0.002392
v -0.152864 0.005739 -0.011050
v -0.149630 0.018238 -0.002403
v -0.152302 0.009995 -0.005860
v -0.144954 0.029139 -0.001643
v -0.155400 0.007151 -0.012208
v -0.157335 0.022540 -0.005655
v -0.157472 0.012873 -0.008155
v -0.154058 0.034238 -0.005396
v -0.161429 0.015077 -0.012520
v -0.161026 0.038168 -0.012969
v -0.157341 0.008231 -0.014372
v -0.163233 0.025846 -0.012067
v -0.163570 0.016270 -0.018368
v -0.164797 0.040334 -0.023322
v -0.158392 0.008816 -0.017238
v -0.166424 0.027652 -0.020796
v -0.158392 0.008816 -0.020370
v -0.166424 0.027684 -0.030338
v -0.163570 0.016271 -0.024763
v -0.164797 0.040413 -0.034604
v -0.163233 0.025936 -0.039156
v -0.161429 0.015081 -0.030679
v -0.161026 0.038384 -0.045028
v -0.157341 0.008231 -0.023272
v -0.157472 0.012879 -0.035207
v -0.154058 0.034555 -0.053006
v -0.155400 0.007151 -0.025494
v -0.157335 0.022674 -0.045906
v -0.144954 0.029514 -0.057323
v -0.152864 0.005739 -0.026696
v -0.149630 0.018397 -0.049559
v -0.152302 0.010002 -0.037658
v -0.071812 0.097981 -0.015908
v -0.084132 0.076205 -0.018986
v -0.096627 0.054175 -0.018755
v -0.108342 0.118316 -0.057730
v -0.120720 0.096572 -0.060862
v -0.133215 0.074549 -0.060629
v -0.079078 0.102026 -0.057730
v -0.091410 0.080256 -0.060862
v -0.103905 0.058233 -0.060630
v -0.115608 0.122360 -0.049412
v -0.127998 0.100624 -0.052532
v -0.140493 0.078599 -0.052299
v -0.088572 0.107311 -0.062231
v -0.100919 0.085550 -0.065370
v -0.113414 0.063527 -0.065137
v -0.108342 0.118316 -0.007852
v -0.120720 0.096572 -0.010667
v -0.133215 0.074540 -0.010433
v -0.115608 0.122360 -0.015893
v -0.127998 0.100624 -0.018986
v -0.140493 0.078593 -0.018754
v -0.098848 0.113031 -0.062231
v -0.111211 0.091279 -0.065370
v -0.123706 0.069256 -0.065137
v -0.079078 0.102026 -0.007892
v -0.091410 0.080256 -0.010668
v -0.103905 0.058225 -0.010434
v -0.067879 0.095792 -0.038540
v -0.080193 0.074013 -0.041649
v -0.092688 0.051986 -0.041417
v -0.071812 0.097981 -0.049412
v -0.084132 0.076205 -0.052532
v -0.096627 0.054180 -0.052300
v -0.088572 0.107311 -0.004049
v -0.100919 0.085550 -0.006187
v -0.113414 0.063517 -0.005940
v -0.119541 0.124550 -0.038540
v -0.131937 0.102816 -0.041649
v -0.144432 0.080789 -0.041416
v -0.119541 0.124550 -0.026755
v -0.131937 0.102816 -0.029869
v -0.144432 0.080787 -0.029636
v -0.098848 0.113031 -0.004024
v -0.111211 0.091279 -0.006186
v -0.123706 0.069246 -0.005939
v -0.067879 0.095792 -0.026756
v -0.080193 0.074013 -0.029869
v -0.092688 0.051984 -0.029638
v 0.074994 0.133746 -0.045364
v 0.071760 0.146139 -0.024624
v 0.079671 0.123574 -0.055052
v 0.072322 0.141776 -0.034123
v 0.069224 0.144727 -0.023422
v 0.070567 0.118506 -0.050719
v 0.067153 0.138899 -0.031672
v 0.067289 0.129457 -0.041694
v 0.063599 0.114627 -0.042710
v 0.063196 0.136696 -0.027144
v 0.061392 0.126174 -0.034910
v 0.067283 0.143647 -0.021202
v 0.058200 0.124398 -0.026059
v 0.066233 0.143062 -0.018317
v 0.059828 0.112528 -0.032240
v 0.061055 0.135504 -0.021250
v 0.058200 0.124398 -0.016561
v 0.066233 0.143062 -0.015218
v 0.059828 0.112528 -0.020929
v 0.061055 0.135504 -0.014937
v 0.063599 0.114627 -0.010651
v 0.063196 0.136696 -0.009245
v 0.061392 0.126174 -0.008048
v 0.067283 0.143647 -0.012377
v 0.070567 0.118506 -0.003790
v 0.067153 0.138899 -0.005418
v 0.067289 0.129457 -0.002721
v 0.069224 0.144727 -0.010303
v 0.074994 0.133746 -0.001088
v 0.071760 0.146139 -0.009282
v 0.079671 0.123574 -0.001382
v 0.072322 0.141776 -0.003842
v 0.083335 0.138389 -0.001029
v 0.074506 0.147667 -0.009270
v 0.089525 0.129059 -0.001322
v 0.077918 0.144891 -0.003810
v 0.098629 0.134127 -0.003686
v 0.083087 0.147769 -0.005348
v 0.091040 0.142678 -0.002605
v 0.077042 0.149079 -0.010277
v 0.087044 0.149971 -0.009185
v 0.096937 0.145961 -0.007966
v 0.078983 0.150159 -0.012351
v 0.105597 0.138006 -0.010595
v 0.100129 0.147738 -0.016534
v 0.080033 0.150744 -0.015203
v 0.109368 0.140105 -0.020917
v 0.089185 0.151163 -0.014909
v 0.080033 0.150744 -0.018313
v 0.105084 0.029537 -0.026932
v 0.136053 0.046686 -0.003762
v 0.109368 0.140105 -0.032239
v 0.089185 0.151163 -0.021244
v 0.156745 0.058295 -0.026930
v 0.156745 0.058345 -0.038697
v 0.100129 0.147738 -0.026055
v 0.125776 0.040966 -0.003769
v 0.105597 0.138006 -0.042710
v 0.087044 0.149971 -0.027143
v 0.109016 0.031822 -0.049569
v 0.105084 0.029587 -0.038698
v 0.096937 0.145961 -0.034910
v 0.078983 0.150159 -0.021202
v 0.116283 0.035700 -0.007972
v 0.136053 0.046918 -0.062389
v 0.152813 0.056066 -0.016085
v 0.091040 0.142678 -0.041694
v 0.077042 0.149079 -0.023422
v 0.145546 0.051990 -0.007962
v 0.125776 0.041198 -0.062389
v 0.098629 0.134127 -0.050719
v 0.083087 0.147769 -0.031672
v 0.152813 0.056201 -0.049567
v 0.083335 0.138389 -0.045364
v 0.074506 0.147667 -0.024624
v 0.116283 0.035897 -0.057887
v 0.145546 0.052187 -0.057887
v 0.089525 0.129059 -0.055052
v 0.077918 0.144891 -0.034123
v 0.109016 0.031686 -0.016088
v 0.146707 0.006887 -0.037658
v 0.135100 0.024028 -0.057323
v 0.150119 0.004211 -0.026696
v 0.141290 0.013754 -0.049559
v 0.147583 0.002799 -0.025494
v 0.133585 0.009453 -0.045906
v 0.141537 0.004009 -0.035207
v 0.125995 0.018934 -0.053006
v 0.127687 0.006149 -0.039156
v 0.137581 0.001805 -0.030679
v 0.119027 0.015005 -0.045028
v 0.145642 0.001719 -0.023272
v 0.135440 0.000612 -0.024763
v 0.115256 0.012835 -0.034604
v 0.144591 0.001134 -0.020370
v 0.124496 0.004344 -0.030338
v 0.115256 0.012757 -0.023322
v 0.144591 0.001134 -0.017237
v 0.124496 0.004312 -0.020796
v 0.135440 0.000611 -0.018367
v 0.145642 0.001719 -0.014370
v 0.127687 0.006059 -0.012061
v 0.137581 0.001802 -0.012516
v 0.119027 0.014789 -0.012968
v 0.141537 0.004003 -0.008145
v 0.125995 0.018617 -0.005395
v 0.147583 0.002799 -0.012205
v 0.133585 0.009319 -0.005639
v 0.146707 0.006880 -0.005854
v 0.135100 0.023654 -0.001643
v 0.150119 0.004211 -0.011049
v 0.141290 0.013595 -0.002392
v 0.152864 0.005739 -0.011050
v 0.149630 0.018238 -0.002403
v 0.152302 0.009995 -0.005860
v 0.144954 0.029139 -0.001643
v 0.155400 0.007151 -0.012208
v 0.157335 0.022540 -0.005655
v 0.157472 0.012873 -0.008155
v 0.154058 0.034238 -0.005396
v 0.161429 0.015077 -0.012520
v 0.161026 0.038168 -0.012969
v 0.157341 0.008231 -0.014372
v 0.163233 0.025846 -0.012067
v 0.163570 0.016270 -0.018368
v 0.164797 0.040334 -0.023322
v 0.158392 0.008816 -0.017238
v 0.166424 0.027652 -0.020796
v 0.158392 0.008816 -0.020370
v 0.166424 0.027684 -0.030338
v 0.163570 0.016271 -0.024763
v 0.164797 0.040413 -0.034604
v 0.163233 0.025936 -0.039156
v 0.161429 0.015081 -0.030679
v 0.161026 0.038384 -0.045028
v 0.157341 0.008231 -0.023272
v 0.157472 0.012879 -0.035207
v 0.154058 0.034555 -0.053006
v 0.155400 0.007151 -0.025494
v 0.157335 0.022674 -0.045906
v 0.144954 0.029514 -0.057323
v 0.152864 0.005739 -0.026696
v 0.149630 0.018397 -0.049559
v 0.152302 0.010002 -0.037658
v 0.071812 0.097981 -0.015908
v 0.084132 0.076205 -0.018986
v 0.096627 0.054175 -0.018755
v 0.108342 0.118316 -0.057730
v 0.120720 0.096572 -0.060862
v 0.133215 0.074549 -0.060629
v 0.079078 0.102026 -0.057730
v 0.091410 0.080256 -0.060862
v 0.103905 0.058233 -0.060630
v 0.115608 0.122360 -0.049412
v 0.127998 0.100624 -0.052532
v 0.140493 0.078599 -0.052299
v 0.088572 0.107311 -0.062231
v 0.100919 0.085550 -0.065370
v 0.113414 0.063527 -0.065137
v 0.108342 0.118316 -0.007852
v 0.120720 0.096572 -0.010667
v 0.133215 0.074540 -0.010433
v 0.115608 0.122360 -0.015893
v 0.127998 0.100624 -0.018986
v 0.140493 0.078593 -0.018754
v 0.098848 0.113031 -0.062231
v 0.111211 0.091279 -0.065370
v 0.123706 0.069256 -0.065137
v 0.079078 0.102026 -0.007892
v 0.091410 0.080256 -0.010668
v 0.103905 0.058225 -0.010434
v 0.067879 0.095792 -0.038540
v 0.080193 0.074013 -0.041649
v 0.092688 0.051986 -0.041417
v 0.071812 0.097981 -0.049412
v 0.084132 0.076205 -0.052532
v 0.096627 0.054180 -0.052300
v 0.088572 0.107311 -0.004049
v 0.100919 0.085550 -0.006187
v 0.113414 0.063517 -0.005940
v 0.119541 0.124550 -0.038540
v 0.131937 0.102816 -0.041649
v 0.144432 0.080789 -0.041416
v 0.119541 0.124550 -0.026755
v 0.131937 0.102816 -0.029869
v 0.144432 0.080787 -0.029636
v 0.098848 0.113031 -0.004024
v 0.111211 0.091279 -0.006186
v 0.123706 0.069246 -0.005939
v 0.067879 0.095792 -0.026756
v 0.080193 0.074013 -0.029869
v 0.092688 0.051984 -0.029638
v -0.074994 0.133746 0.045364
v -0.071760 0.146139 0.024624
v -0.079671 0.123574 0.055052
v -0.072322 0.141776 0.034123
v -0.069224 0.144727 0.023422
v -0.070567 0.118506 0.050719
v -0.067153 0.138899 0.031672
v -0.067289 0.129457 0.041694
v -0.063599 0.114627 0.042710
v -0.063196 0.136696 0.027144
v -0.061392 0.126174 0.034910
v -0.067283 0.143647 0.021202
v -0.058200 0.124398 0.026059
v -0.066233 0.143062 0.018317
v -0.059828 0.112528 0.032240
v -0.061055 0.135504 0.021250
v -0.058200 0.124398 0.016561
v -0.066233 0.143062 0.015218
v -0.059828 0.112528 0.020929
v -0.061055 0.135504 0.014937
v -0.063599 0.114627 0.010651
v -0.063196 0.136696 0.009245
v -0.061392 0.126174 0.008048
v -0.067283 0.143647 0.012377
v -0.070567 0.118506 0.003790
v -0.067153 0.138899 0.005418
v -0.067289 0.129457 0.002721
v -0.069224 0.144727 0.010303
v -0.074994 0.133746 0.001088
v -0.071760 0.146139 0.009282
v -0.079671 0.123574 0.001382
v -0.072322 0.141776 0.003842
v -0.083335 0.138389 0.001029
v -0.074505 0.147667 0.009270
v -0.089525 0.129059 0.001322
v -0.077918 0.144891 0.003810
v -0.098629 0.134127 0.003686
v -0.083087 0.147769 0.005348
v -0.091040 0.142678 0.002605
v -0.077042 0.149079 0.010277
v -0.087044 0.149971 0.009185
v -0.096937 0.145961 0.007966
v -0.078983 0.150159 0.012351
v -0.105597 0.138006 0.010595
v -0.100129 0.147738 0.016534
v -0.080033 0.150744 0.015203
v -0.109368 0.140105 0.020917
v -0.089185 0.151163 0.014909
v -0.080033 0.150744 0.018313
v -0.105084 0.029537 0.026932
v -0.136053 0.046686 0.003762
v -0.109368 0.140105 0.032239
v -0.089185 0.151163 0.021244
v -0.156745 0.058295 0.026930
v -0.156745 0.058345 0.038697
v -0.100129 0.147738 0.026055
v -0.125776 0.040966 0.003769
v -0.105597 0.138006 0.042710
v -0.087044 0.149971 0.027143
v -0.109016 0.031822 0.049569
v -0.105084 0.029587 0.038698
v -0.096937 0.145961 0.034910
v -0.078983 0.150159 0.021202
v -0.116283 0.035700 0.007972
v -0.136052 0.046918 0.062389
v -0.152813 0.056066 0.016085
v -0.091040 0.142678 0.041694
v -0.077042 0.149079 0.023422
v -0.145546 0.051990 0.007962
v -0.125776 0.041198 0.062389
v -0.098629 0.134127 0.050719
v -0.083087 0.147769 0.031672
v -0.152813 0.056201 0.049567
v -0.083335 0.138389 0.045364
v -0.074506 0.147667 0.024624
v -0.116283 0.035897 0.057887
v -0.145546 0.052187 0.057887
v -0.089525 0.129059 0.055052
v -0.077918 0.144891 0.034123
v -0.109016 0.031686 0.016088
v -0.146707 0.006887 0.037658
v -0.135099 0.024028 0.057323
v -0.150119 0.004211 0.026696
v -0.141290 0.013754 0.049559
v -0.147583 0.002799 0.025494
v -0.133585 0.009453 0.045906
v -0.141537 0.004009 0.035207
v -0.125995 0.018934 0.053006
v -0.127687 0.006149 0.039156
v -0.137581 0.001805 0.030679
v -0.119027 0.015005 0.045028
v -0.145642 0.001719 0.023272
v -0.135439 0.000612 0.024763
v -0.115256 0.012835 0.034604
v -0.144591 0.001134 0.020370
v -0.124496 0.004344 0.030338
v -0.115256 0.012757 0.023322
v -0.144591 0.001134 0.017237
v -0.124496 0.004312 0.020796
v -0.135439 0.000611 0.018367
v -0.145642 0.001719 0.014370
v -0.127687 0.006059 0.012061
v -0.137581 0.001802 0.012516
v -0.119027 0.014789 0.012968
v -0.141537 0.004003 0.008145
v -0.125995 0.018617 0.005395
v -0.147583 0.002799 0.012205
v -0.133585 0.009319 0.005639
v -0.146707 0.006880 0.005854
v -0.135099 0.023654 0.001643
v -0.150119 0.004211 0.011049
v -0.141290 0.013595 0.002392
v -0.152864 0.005739 0.011050
v -0.149630 0.018238 0.002403
v -0.152302 0.009995 0.005860
v -0.144954 0.029139 0.001643
v -0.155400 0.007151 0.012208
v -0.157335 0.022540 0.005655
v -0.157472 0.012873 0.008155
v -0.154058 0.034238 0.005396
v -0.161429 0.015077 0.012520
v -0.161026 0.038168 0.012969
v -0.157341 0.008231 0.014372
v -0.163233 0.025846 0.012067
v -0.163570 0.016270 0.018368
v -0.164797 0.040334 0.023322
v -0.158392 0.008816 0.017238
v -0.166424 0.027652 0.020796
v -0.158392 0.008816 0.020370
v -0.166424 0.027684 0.030338
v -0.163570 0.016271 0.024763
v -0.164797 0.040413 0.034604
v -0.163233 0.025936 0.039156
v -0.161429 0.015081 0.030679
v -0.161026 0.038384 0.045028
v -0.157341 0.008231 0.023272
v -0.157472 0.012879 0.035207
v -0.154058 0.034555 0.053006
v -0.155400 0.007151 0.025494
v -0.157335 0.022674 0.045906
v -0.144954 0.029514 0.057323
v -0.152864 0.005739 0.026696
v -0.149630 0.018397 0.049559
v -0.152302 0.010002 0.037658
v -0.071812 0.097981 0.015908
v -0.084132 0.076205 0.018986
v -0.096627 0.054175 0.018755
v -0.108342 0.118316 0.057730
v -0.120720 0.096572 0.060862
v -0.133215 0.074549 0.060629
v -0.079078 0.102026 0.057730
v -0.091410 0.080256 0.060862
v -0.103905 0.058233 0.060630
v -0.115608 0.122360 0.049412
v -0.127998 0.100624 0.052532
v -0.140493 0.078599 0.052299
v -0.088572 0.107311 0.062231
v -0.100919 0.085550 0.065370
v -0.113414 0.063527 0.065137
v -0.108342 0.118316 0.007852
v -0.120720 0.096572 0.010667
v -0.133215 0.074540 0.010433
v -0.115608 0.122360 0.015893
v -0.127998 0.100624 0.018986
v -0.140493 0.078593 0.018754
v -0.098848 0.113031 0.062231
v -0.111211 0.091279 0.065370
v -0.123706 0.069256 0.065137
v -0.079078 0.102026 0.007892
v -0.091410 0.080256 0.010668
v -0.103905 0.058225 0.010434
v -0.067879 0.095792 0.038540
v -0.080193 0.074013 0.041649
v -0.092688 0.051986 0.041417
v -0.071812 0.097981 0.049412
v -0.084132 0.076205 0.052532
v -0.096627 0.054180 0.052300
v -0.088572 0.107311 0.004049
v -0.100919 0.085550 0.006187
v -0.113414 0.063517 0.005940
v -0.119541 0.124550 0.038540
v -0.131937 0.102816 0.041649
v -0.144432 0.080789 0.041416
v -0.119541 0.124550 0.026755
v -0.131937 0.102816 0.029869
v -0.144432 0.080787 0.029636
v -0.098848 0.113031 0.004024
v -0.111211 0.091279 0.006186
v -0.123706 0.069246 0.005939
v -0.067879 0.095792 0.026756
v -0.080193 0.074013 0.029869
v -0.092688 0.051984 0.029638
v 0.074994 0.133746 0.045364
v 0.071760 0.146139 0.024624
v 0.079671 0.123574 0.055052
v 0.072322 0.141776 0.034123
v 0.069224 0.144727 0.023422
v 0.070567 0.118506 0.050719
v 0.067153 0.138899 0.031672
v 0.067289 0.129457 0.041694
v 0.063599 0.114627 0.042710
v 0.063196 0.136696 0.027144
v 0.061392 0.126174 0.034910
v 0.067283 0.143647 0.021202
v 0.058200 0.124398 0.026059
v 0.066233 0.143062 0.018317
v 0.059828 0.112528 0.032240
v 0.061055 0.135504 0.021250
v 0.058200 0.124398 0.016561
v 0.066233 0.143062 0.015218
v 0.059828 0.112528 0.020929
v 0.061055 0.135504 0.014937
v 0.063599 0.114627 0.010651
v 0.063196 0.136696 0.009245
v 0.061392 0.126174 0.008048
v 0.067283 0.143647 0.012377
v 0.070567 0.118506 0.003790
v 0.067153 0.138899 0.005418
v 0.067289 0.129457 0.002721
v 0.069224 0.144727 0.010303
v 0.074994 0.133746 0.001088
v 0.071760 0.146139 0.009282
v 0.079671 0.123574 0.001382
v 0.072322 0.141776 0.003842
v 0.083335 0.138389 0.001029
v 0.074506 0.147667 0.009270
v 0.089525 0.129059 0.001322
v 0.077918 0.144891 0.003810
v 0.098629 0.134127 0.003686
v 0.083087 0.147769 0.005348
v 0.091040 0.142678 0.002605
v 0.077042 0.149079 0.010277
v 0.087044 0.149971 0.009185
v 0.096937 0.145961 0.007966
v 0.078983 0.150159 0.012351
v 0.105597 0.138006 0.010595
v 0.100129 0.147738 0.016534
v 0.080033 0.150744 0.015203
v 0.109368 0.140105 0.020917
v 0.089185 0.151163 0.014909
v 0.080033 0.150744 0.018313
v 0.105084 0.029537 0.026932
v 0.136053 0.046686 0.003762
v 0.109368 0.140105 0.032239
v 0.089185 0.151163 0.021244
v 0.156745 0.058295 0.026930
v 0.156745 0.058345 0.038697
v 0.100129 0.147738 0.026055
v 0.125776 0.040966 0.003769
v 0.105597 0.138006 0.042710
v 0.087044 0.149971 0.027143
v 0.109016 0.031822 0.049569
v 0.105084 0.029587 0.038698
v 0.096937 0.145961 0.034910
v 0.078983 0.150159 0.021202
v 0.116283 0.035700 0.007972
v 0.136053 0.046918 0.062389
v 0.152813 0.056066 0.016085
v 0.091040 0.142678 0.041694
v 0.077042 0.149079 0.023422
v 0.145546 0.051990 0.007962
v 0.125776 0.041198 0.062389
v 0.098629 0.134127 0.050719
v 0.083087 0.147769 0.031672
v 0.152813 0.056201 0.049567
v 0.083335 0.138389 0.045364
v 0.074506 0.147667 0.024624
v 0.116283 0.035897 0.057887
v 0.145546 0.052187 0.057887
v 0.089525 0.129059 0.055052
v 0.077918 0.144891 0.034123
v 0.109016 0.031686 0.016088
v 0.146707 0.006887 0.037658
v 0.135100 0.024028 0.057323
v 0.150119 0.004211 0.026696
v 0.141290 0.013754 0.049559
v 0.147583 0.002799 0.025494
v 0.133585 0.009453 0.045906
v 0.141537 0.004009 0.035207
v 0.125995 0.018934 0.053006
v 0.127687 0.006149 0.039156
v 0.137581 0.001805 0.030679
v 0.119027 0.015005 0.045028
v 0.145642 0.001719 0.023272
v 0.135440 0.000612 0.024763
v 0.115256 0.012835 0.034604
v 0.144591 0.001134 0.020370
v 0.124496 0.004344 0.030338
v 0.115256 0.012757 0.023322
v 0.144591 0.001134 0.017237
v 0.124496 0.004312 0.020796
v 0.135439 0.000611 0.018367
v 0.145642 0.001719 0.014370
v 0.127687 0.006059 0.012061
v 0.137581 0.001802 0.012516
v 0.119027 0.014789 0.012968
v 0.141537 0.004003 0.008145
v 0.125995 0.018617 0.005395
v 0.147583 0.002799 0.012205
v 0.133585 0.009319 0.005639
v 0.146707 0.006880 0.005854
v 0.135100 0.023654 0.001643
v 0.150119 0.004211 0.011049
v 0.141290 0.013595 0.002392
v 0.152864 0.005739 0.011050
v 0.149630 0.018238 0.002403
v 0.152302 0.009995 0.005860
v 0.144954 0.029139 0.001643
v 0.155400 0.007151 0.012208
v 0.157335 0.022540 0.005655
v 0.157472 0.012873 0.008155
v 0.154058 0.034238 0.005396
v 0.161429 0.015077 0.012520
v 0.161026 0.038168 0.012969
v 0.157341 0.008231 0.014372
v 0.163233 0.025846 0.012067
v 0.163570 0.016270 0.018368
v 0.164797 0.040334 0.023322
v 0.158392 0.008816 0.017238
v 0.166424 0.027652 0.020796
v 0.158392 0.008816 0.020370
v 0.166424 0.027684 0.030338
v 0.163570 0.016271 0.024763
v 0.164797 0.040413 0.034604
v 0.163233 0.025936 0.039156
v 0.161429 0.015081 0.030679
v 0.161026 0.038384 0.045028
v 0.157341 0.008231 0.023272
v 0.157472 0.012879 0.035207
v 0.154058 0.034555 0.053006
v 0.155400 0.007151 0.025494
v 0.157335 0.022674 0.045906
v 0.144954 0.029514 0.057323
v 0.152864 0.005739 0.026696
v 0.149630 0.018397 0.049559
v 0.152302 0.010002 0.037658
v 0.071812 0.097981 0.015908
v 0.084132 0.076205 0.018986
v 0.096627 0.054175 0.018755
v 0.108342 0.118316 0.057730
v 0.120720 0.096572 0.060862
v 0.133215 0.074549 0.060629
v 0.079078 0.102026 0.057730
v 0.091410 0.080256 0.060862
v 0.103905 0.058233 0.060630
v 0.115608 0.122360 0.049412
v 0.127998 0.100624 0.052532
v 0.140493 0.078599 0.052299
v 0.088572 0.107311 0.062231
v 0.100919 0.085550 0.065370
v 0.113414 0.063527 0.065137
v 0.108342 0.118316 0.007852
v 0.120720 0.096572 0.010667
v 0.133215 0.074540 0.010433
v 0.115608 0.122360 0.015893
v 0.127998 0.100624 0.018986
v 0.140493 0.078593 0.018754
v 0.098848 0.113031 0.062231
v 0.111211 0.091279 0.065370
v 0.123706 0.069256 0.065137
v 0.079078 0.102026 0.007892
v 0.091410 0.080256 0.010668
v 0.103905 0.058225 0.010434
v 0.067879 0.095792 0.038540
v 0.080193 0.074013 0.041649
v 0.092688 0.051986 0.041417
v 0.071812 0.097981 0.049412
v 0.084132 0.076205 0.052532
v 0.096627 0.054180 0.052300
v 0.088572 0.107311 0.004049
v 0.100919 0.085550 0.006187
v 0.113414 0.063517 0.005940
v 0.119541 0.124550 0.038540
v 0.131937 0.102816 0.041649
v 0.144432 0.080789 0.041416
v 0.119541 0.124550 0.026755
v 0.131937 0.102816 0.029869
v 0.144432 0.080787 0.029636
v 0.098848 0.113031 0.004024
v 0.111211 0.091279 0.006186
v 0.123706 0.069246 0.005939
v 0.067879 0.095792 0.026756
v 0.080193 0.074013 0.029869
v 0.092688 0.051984 0.029638
vn 0.3196 0.5741 -0.7539
vn 0.3607 0.6480 -0.6709
vn 0.4753 0.5809 -0.6608
vn 0.4479 0.4980 -0.7425
vn 0.3927 0.7054 -0.5902
vn 0.4935 0.6473 -0.5809
vn 0.5912 0.5870 -0.5531
vn 0.5856 0.5097 -0.6302
vn 0.5706 0.4157 -0.7082
vn 0.4507 0.8096 -0.3760
vn 0.4769 0.8565 -0.1972
vn 0.5144 0.8180 -0.2573
vn 0.5148 0.7728 -0.3710
vn 0.4864 0.8736 0.0122
vn 0.5430 0.8195 -0.1834
vn 0.5775 0.7375 -0.3501
vn 0.1799 0.3229 -0.9292
vn 0.2564 0.4603 -0.8499
vn 0.4000 0.3744 -0.8365
vn 0.3359 0.2294 -0.9135
vn 0.5361 0.2813 -0.7959
vn 0.4830 0.1297 -0.8659
vn 0.4222 0.7585 -0.4964
vn 0.5070 0.7104 -0.4881
vn 0.5894 0.6615 -0.4637
vn 0.5989 0.7700 -0.2203
vn 0.6362 0.7021 -0.3197
vn 0.6010 0.7863 -0.1432
vn 0.6893 0.6706 -0.2742
vn 0.6613 0.1824 -0.7276
vn 0.6167 0.0264 -0.7868
vn 0.6853 0.3279 -0.6503
vn 0.7888 0.2357 -0.5677
vn 0.7714 0.0797 -0.6314
vn 0.7318 -0.0775 -0.6771
vn 0.6668 0.6137 -0.4228
vn 0.6834 0.5258 -0.5064
vn 0.7378 0.5672 -0.3660
vn 0.7682 0.4644 -0.4407
vn 0.6898 0.4351 -0.5787
vn 0.7851 0.3580 -0.5054
vn 0.8612 -0.0245 -0.5077
vn 0.8230 -0.1788 -0.5391
vn 0.8768 0.1407 -0.4598
vn 0.9440 0.0452 -0.3269
vn 0.9250 -0.1268 -0.3582
vn 0.8852 -0.2733 -0.3766
vn 0.7992 0.5243 -0.2940
vn 0.8424 0.4046 -0.3560
vn 0.7354 0.6407 -0.2204
vn 0.7718 0.6170 -0.1535
vn 0.8494 0.4854 -0.2073
vn 0.9028 0.3480 -0.2526
vn 0.8681 0.2799 -0.4099
vn 0.9347 0.2027 -0.2919
vn 0.6666 0.7302 -0.1498
vn 0.6433 0.7615 -0.0800
vn 0.9797 0.1295 -0.1529
vn 0.9841 -0.0471 -0.1711
vn 0.9458 0.2969 -0.1319
vn 0.9673 0.2535 0.0048
vn 0.9980 0.0637 0.0051
vn 0.9914 -0.1311 0.0038
vn 0.7080 0.7042 -0.0526
vn 0.7986 0.5965 -0.0803
vn 0.6628 0.7488 -0.0001
vn 0.8112 0.5848 0.0026
vn 0.9568 -0.2227 -0.1870
vn 0.9136 -0.3568 -0.1952
vn 0.9517 -0.3070 -0.0005
vn 0.9053 -0.4248 -0.0028
vn 0.8849 0.4531 -0.1080
vn 0.9038 0.4280 0.0035
vn 0.9840 0.0099 0.1779
vn 0.9608 -0.2008 0.1913
vn 0.9630 0.2210 0.1541
vn 0.9281 0.2012 0.3134
vn 0.9323 -0.0274 0.3606
vn 0.8887 -0.2499 0.3844
vn 0.7147 0.6968 0.0611
vn 0.8116 0.5775 0.0886
vn 0.6542 0.7512 0.0875
vn 0.7940 0.5809 0.1791
vn 0.9072 -0.3739 0.1931
vn 0.8596 -0.4736 0.1921
vn 0.8227 -0.4175 0.3857
vn 0.7778 -0.4995 0.3815
vn 0.9026 0.4125 0.1229
vn 0.8787 0.4066 0.2499
vn 0.6959 -0.4312 0.5743
vn 0.6607 -0.4983 0.5614
vn 0.7667 -0.2713 0.5818
vn 0.5811 -0.2520 0.7738
vn 0.5222 -0.4016 0.7524
vn 0.5087 -0.4615 0.7268
vn 0.8265 0.4113 0.3844
vn 0.8525 0.1956 0.4848
vn 0.7610 0.5888 0.2724
vn 0.7034 0.6079 0.3684
vn 0.7343 0.4253 0.5291
vn 0.7172 0.2045 0.6662
vn 0.8308 -0.0443 0.5547
vn 0.6587 -0.0344 0.7517
vn 0.6802 0.7110 0.1786
vn 0.6131 0.7707 0.1737
vn 0.3227 -0.3217 0.8901
vn 0.3346 -0.3838 0.8607
vn 0.3579 -0.1889 0.9145
vn 0.1651 -0.1092 0.9802
vn 0.1443 -0.2159 0.9657
vn 0.1647 -0.2788 0.9461
vn 0.6085 0.4441 0.6576
vn 0.5348 0.2229 0.8150
vn 0.6281 0.6289 0.4582
vn 0.5436 0.6562 0.5234
vn 0.4771 0.4627 0.7472
vn 0.3595 0.2404 0.9016
vn 0.4374 0.0003 0.8993
vn 0.2397 0.0400 0.9700
vn 0.5988 0.7475 0.2875
vn 0.5443 0.8034 0.2413
vn 0.1127 0.0684 0.9913
vn 0.0454 -0.0490 0.9978
vn 0.2332 0.2559 0.9382
vn 0.1606 0.2775 0.9472
vn 0.0553 0.0871 0.9947
vn -0.0049 -0.0210 0.9998
vn 0.5005 0.7941 0.3448
vn 0.4669 0.6818 0.5632
vn 0.4697 0.8418 0.2660
vn 0.4006 0.7144 0.5737
vn 0.0229 -0.1276 0.9916
vn 0.0299 -0.1809 0.9830
vn -0.0401 -0.0826 0.9958
vn -0.0617 -0.1187 0.9910
vn 0.3693 0.4834 0.7937
vn 0.2902 0.5129 0.8079
vn 0.0082 0.1273 0.9918
vn -0.0570 0.0073 0.9983
vn 0.1035 0.3295 0.9385
vn 0.0213 0.4314 0.9019
vn -0.0865 0.2230 0.9710
vn -0.1757 0.0795 0.9812
vn 0.4136 0.8426 0.3448
vn 0.3377 0.7543 0.5630
vn 0.3971 0.8856 0.2409
vn 0.2747 0.8070 0.5228
vn -0.1135 -0.0531 0.9921
vn -0.1643 -0.0735 0.9837
vn -0.2567 0.0056 0.9665
vn -0.3213 -0.0080 0.9469
vn 0.2232 0.5660 0.7936
vn 0.1473 0.6485 0.7468
vn -0.4443 0.1047 0.8897
vn -0.5022 0.0850 0.8606
vn -0.3495 0.2044 0.9144
vn -0.5225 0.3624 0.7718
vn -0.6178 0.2346 0.7505
vn -0.6596 0.1953 0.7258
vn 0.0600 0.7521 0.6563
vn -0.0892 0.5736 0.8143
vn 0.2059 0.8652 0.4572
vn 0.1472 0.9186 0.3667
vn -0.0240 0.8496 0.5269
vn -0.2032 0.7197 0.6639
vn -0.2287 0.3731 0.8992
vn -0.3770 0.5439 0.7497
vn 0.3213 0.9025 0.2869
vn 0.3325 0.9271 0.1730
vn -0.0852 0.9201 0.3822
vn -0.2828 0.8292 0.4822
vn 0.1000 0.9574 0.2709
vn 0.0756 0.9811 0.1783
vn -0.1170 0.9615 0.2485
vn -0.3179 0.8955 0.3116
vn -0.4763 0.6844 0.5519
vn -0.6359 0.5101 0.5791
vn -0.5149 0.7786 0.3587
vn -0.6808 0.6246 0.3826
vn 0.2462 0.9528 0.1778
vn 0.2939 0.9519 0.0872
vn -0.7331 0.3677 0.5721
vn -0.7692 0.3071 0.5604
vn -0.7867 0.4830 0.3843
vn -0.8302 0.4071 0.3809
vn -0.5101 0.8417 0.1771
vn -0.6765 0.7114 0.1906
vn -0.3196 0.9351 0.1534
vn -0.2942 0.9557 0.0048
vn -0.4716 0.8818 0.0050
vn -0.6332 0.7740 0.0037
vn 0.2159 0.9745 0.0609
vn 0.0636 0.9941 0.0880
vn 0.2871 0.9579 -0.0001
vn 0.0698 0.9976 0.0026
vn -0.7932 0.5778 0.1926
vn -0.8500 0.4906 0.1919
vn -0.7594 0.6507 -0.0006
vn -0.8319 0.5549 -0.0028
vn -0.1248 0.9846 0.1224
vn -0.1123 0.9937 0.0034
vn 0.2256 0.9728 -0.0526
vn 0.0863 0.9930 -0.0803
vn 0.3082 0.9480 -0.0799
vn 0.1178 0.9811 -0.1534
vn 0.8749 -0.4844 -0.0030
vn 0.8686 -0.4568 0.1923
vn 0.8716 -0.4509 0.1921
vn 0.8726 -0.4884 -0.0034
vn 0.8282 -0.4115 0.3803
vn 0.8356 -0.3963 0.3804
vn 0.8219 -0.4231 0.3814
vn 0.8546 -0.4825 0.1919
vn 0.8513 -0.5246 -0.0038
vn 0.0404 0.0728 0.9965
vn -0.1242 0.1633 0.9787
vn -0.1009 0.1847 0.9776
vn 0.0561 0.1004 0.9934
vn -0.2866 0.2518 0.9244
vn -0.2608 0.2694 0.9270
vn -0.2601 0.2459 0.9338
vn -0.1010 0.1668 0.9808
vn 0.0498 0.0889 0.9948
vn -0.6902 0.6991 -0.1868
vn -0.7781 0.5972 -0.1949
vn -0.5580 0.8121 -0.1710
vn -0.4585 0.8265 -0.3268
vn -0.5921 0.7222 -0.3577
vn -0.6923 0.6161 -0.3758
vn -0.0811 0.9908 -0.1079
vn -0.2460 0.9603 -0.1318
vn -0.0350 0.9777 -0.2072
vn -0.1800 0.9507 -0.2525
vn -0.7911 0.4782 0.3814
vn -0.8506 0.4888 0.1938
vn -0.8572 0.4765 0.1956
vn -0.7918 0.4755 0.3834
vn -0.8771 0.4803 -0.0013
vn -0.8889 0.4580 0.0006
vn -0.9152 0.4030 0.0020
vn -0.8820 0.4283 0.1967
vn -0.8143 0.4340 0.3854
vn -0.8696 0.4531 -0.1962
vn -0.8860 0.4211 -0.1941
vn -0.8285 0.4083 -0.3833
vn -0.8487 0.3672 -0.3806
vn -0.8768 0.3000 -0.3759
vn -0.9133 0.3596 -0.1915
vn -0.4061 0.9009 -0.1528
vn -0.3202 0.9013 -0.2919
vn 0.3669 -0.1066 0.9241
vn 0.2051 -0.0173 0.9786
vn 0.2133 0.0168 0.9768
vn 0.3721 -0.0688 0.9256
vn 0.1998 0.0101 0.9798
vn 0.3550 -0.0750 0.9319
vn -0.4718 0.7214 -0.5070
vn -0.5797 0.6119 -0.5380
vn -0.3420 0.8196 -0.4597
vn -0.2149 0.7948 -0.5675
vn -0.3364 0.6994 -0.6306
vn -0.4466 0.5865 -0.6757
vn 0.0245 0.9555 -0.2939
vn -0.0999 0.9292 -0.3559
vn 0.1569 0.9627 -0.2202
vn 0.2068 0.9392 -0.2741
vn 0.0933 0.9259 -0.3660
vn -0.0101 0.8976 -0.4407
vn 0.5786 -0.4073 -0.7066
vn 0.6959 -0.4538 -0.5567
vn 0.6749 -0.4862 -0.5551
vn 0.5523 -0.4478 -0.7032
vn 0.7866 -0.4828 -0.3850
vn 0.7719 -0.5063 -0.3846
vn 0.7410 -0.5516 -0.3829
vn 0.6398 -0.5358 -0.5509
vn 0.5138 -0.5018 -0.6959
vn 0.8471 -0.4931 -0.1980
vn 0.8388 -0.5071 -0.1983
vn 0.8127 -0.5479 -0.1981
vn -0.2195 0.8854 -0.4098
vn -0.1093 0.8559 -0.5054
vn 0.2693 0.9514 -0.1496
vn 0.3515 0.9252 -0.1430
vn 0.6501 -0.2766 0.7077
vn 0.5181 -0.1939 0.8330
vn 0.5247 -0.1569 0.8367
vn 0.6594 -0.2450 0.7108
vn 0.5084 -0.1666 0.8449
vn 0.6459 -0.2607 0.7175
vn -0.3810 0.0977 -0.9194
vn -0.2207 0.0023 -0.9753
vn -0.2538 -0.0609 -0.9653
vn -0.4122 0.0349 -0.9104
vn -0.0522 -0.0932 -0.9943
vn -0.0865 -0.1549 -0.9841
vn -0.1255 -0.2248 -0.9663
vn -0.2904 -0.1338 -0.9475
vn -0.4464 -0.0398 -0.8940
vn -0.5821 0.3995 0.7082
vn -0.7006 0.4485 0.5550
vn -0.6946 0.4541 0.5580
vn -0.5680 0.4112 0.7130
vn -0.7132 0.4186 0.5623
vn -0.5799 0.3801 0.7206
vn 0.0064 0.8155 -0.5787
vn -0.0821 0.7554 -0.6501
vn 0.0867 0.8579 -0.5064
vn 0.1874 0.8118 -0.5531
vn 0.1247 0.7663 -0.6302
vn 0.0528 0.7041 -0.7081
vn 0.3389 0.9147 -0.2203
vn 0.2616 0.9107 -0.3197
vn 0.4105 0.8932 -0.1834
vn 0.3226 0.8794 -0.3501
vn -0.4415 0.3325 0.8334
vn -0.4195 0.3476 0.8386
vn -0.4235 0.3200 0.8475
vn 0.1181 -0.1852 -0.9756
vn 0.0836 -0.2436 -0.9663
vn 0.2841 -0.2703 -0.9199
vn 0.2509 -0.3239 -0.9122
vn 0.2096 -0.3864 -0.8982
vn 0.0430 -0.3100 -0.9498
vn -0.1918 0.6596 -0.7268
vn -0.2988 0.5422 -0.7853
vn -0.0423 0.6048 -0.7953
vn -0.1418 0.4817 -0.8648
vn 0.1702 0.8901 -0.4228
vn 0.2517 0.8495 -0.4637
vn -0.7555 0.3478 -0.5553
vn -0.7790 0.2985 -0.5514
vn -0.6537 0.2738 -0.7055
vn -0.6800 0.2180 -0.7000
vn -0.7102 0.1439 -0.6892
vn -0.8079 0.2270 -0.5439
vn 0.2433 0.7101 -0.6608
vn 0.1873 0.6432 -0.7425
vn 0.2901 0.7605 -0.5809
vn 0.4243 0.8682 -0.2573
vn 0.3856 0.8448 -0.3710
vn 0.4396 -0.3453 -0.8292
vn 0.4090 -0.3929 -0.8236
vn 0.3684 -0.4512 -0.8128
vn -0.5272 0.1893 -0.8284
vn -0.5561 0.1290 -0.8210
vn -0.5880 0.0538 -0.8071
vn 0.1080 0.5377 -0.8362
vn 0.0192 0.4078 -0.9129
vn 0.3367 0.8052 -0.4881
vn 0.7549 -0.3506 0.5543
vn 0.7647 -0.3267 0.5554
vn 0.7525 -0.3484 0.5588
vn -0.4600 -0.8262 -0.3253
vn -0.4336 -0.7790 -0.4529
vn -0.3550 -0.8214 -0.4464
vn -0.4030 -0.8567 -0.3220
vn -0.3939 -0.7081 -0.5860
vn -0.2919 -0.7619 -0.5782
vn -0.1893 -0.8119 -0.5522
vn -0.2762 -0.8615 -0.4261
vn -0.3475 -0.8867 -0.3049
vn -0.2648 -0.4766 -0.8383
vn -0.1862 -0.3343 -0.9239
vn -0.0241 -0.4146 -0.9097
vn -0.1177 -0.5499 -0.8269
vn 0.1370 -0.4867 -0.8628
vn 0.0297 -0.6162 -0.7870
vn -0.4875 -0.8729 0.0196
vn -0.4799 -0.8620 -0.1633
vn -0.4351 -0.8732 -0.2195
vn -0.4246 -0.8924 -0.1524
vn -0.3374 -0.6069 -0.7196
vn -0.2115 -0.6713 -0.7103
vn -0.0850 -0.7304 -0.6777
vn -0.3603 -0.9134 -0.1895
vn -0.3737 -0.9196 -0.1210
vn -0.2924 -0.9139 -0.2815
vn -0.2401 -0.9397 -0.2435
vn 0.0396 -0.7825 -0.6214
vn -0.0879 -0.8571 -0.5076
vn 0.1734 -0.6736 -0.7185
vn 0.3091 -0.7194 -0.6220
vn 0.1592 -0.8258 -0.5411
vn 0.0108 -0.8961 -0.4438
vn -0.1989 -0.8982 -0.3920
vn -0.1229 -0.9313 -0.3429
vn 0.2923 -0.5480 -0.7838
vn 0.4362 -0.5960 -0.6742
vn 0.2702 -0.8579 -0.4372
vn 0.1038 -0.9270 -0.3606
vn 0.4317 -0.7515 -0.4989
vn 0.5360 -0.7675 -0.3517
vn 0.3679 -0.8764 -0.3107
vn 0.1883 -0.9477 -0.2577
vn -0.0515 -0.9588 -0.2794
vn -0.1903 -0.9612 -0.1995
vn 0.0149 -0.9798 -0.1996
vn -0.1466 -0.9793 -0.1399
vn 0.5632 -0.6284 -0.5366
vn 0.6675 -0.6432 -0.3752
vn -0.2949 -0.9466 -0.1305
vn -0.3320 -0.9407 -0.0698
vn 0.0715 -0.9918 -0.1059
vn -0.1080 -0.9913 -0.0749
vn 0.2600 -0.9559 -0.1365
vn 0.3151 -0.9491 0.0013
vn 0.1170 -0.9931 0.0037
vn -0.0805 -0.9967 0.0052
vn 0.7441 -0.6388 -0.1955
vn 0.6166 -0.7653 -0.1848
vn 0.7886 -0.6148 -0.0045
vn 0.6687 -0.7435 -0.0038
vn -0.2475 -0.9679 -0.0450
vn -0.3057 -0.9521 -0.0005
vn 0.4477 -0.8790 -0.1641
vn 0.5044 -0.8634 -0.0015
vn 0.7983 -0.5715 0.1901
vn 0.6881 -0.7019 0.1841
vn 0.7713 -0.5102 0.3805
vn 0.6718 -0.6408 0.3715
vn -0.2278 -0.9717 0.0618
vn -0.3024 -0.9496 0.0822
vn -0.0617 -0.9941 0.0888
vn -0.0608 -0.9810 0.1843
vn 0.5332 -0.8284 0.1716
vn 0.3480 -0.9251 0.1516
vn 0.5298 -0.7730 0.3490
vn 0.3546 -0.8819 0.3105
vn 0.1456 -0.9816 0.1237
vn 0.1546 -0.9543 0.2556
vn -0.2465 -0.9527 0.1778
vn -0.3294 -0.9292 0.1673
vn -0.0727 -0.9578 0.2782
vn -0.1085 -0.9213 0.3734
vn 0.4905 -0.6967 0.5234
vn 0.3300 -0.8184 0.4705
vn 0.6174 -0.5607 0.5518
vn 0.5237 -0.4625 0.7154
vn 0.4139 -0.6001 0.6845
vn 0.2722 -0.7339 0.6223
vn 0.1386 -0.9108 0.3889
vn 0.0956 -0.8484 0.5206
vn 0.7063 -0.4320 0.5608
vn 0.6022 -0.3386 0.7230
vn 0.0261 -0.7730 0.6339
vn -0.1578 -0.8763 0.4552
vn 0.1837 -0.6339 0.7513
vn 0.0719 -0.5281 0.8462
vn -0.0664 -0.6880 0.7227
vn -0.2288 -0.8223 0.5210
vn 0.4662 -0.2366 0.8524
vn 0.3979 -0.3525 0.8470
vn 0.3152 -0.1373 0.9390
vn 0.2553 -0.2437 0.9356
vn -0.3082 -0.9093 0.2798
vn -0.3883 -0.8911 0.2348
vn 0.3054 -0.4889 0.8171
vn 0.1767 -0.3758 0.9097
vn -0.1754 -0.6055 0.7763
vn -0.3078 -0.7674 0.5625
vn -0.0551 -0.4284 0.9019
vn -0.1912 -0.3429 0.9197
vn -0.2955 -0.5297 0.7950
vn -0.3979 -0.7136 0.5766
vn 0.1636 -0.0476 0.9854
vn 0.1091 -0.1459 0.9833
vn 0.0172 0.0310 0.9994
vn -0.0359 -0.0636 0.9973
vn -0.4029 -0.8503 0.3386
vn -0.4695 -0.8433 0.2616
vn 0.0384 -0.2725 0.9614
vn -0.1045 -0.1863 0.9769
vn -0.5107 -0.7897 0.3398
vn -0.5534 -0.7984 0.2375
vn -0.4899 -0.6648 0.5640
vn -0.5787 -0.6255 0.5233
vn -0.2556 -0.1166 0.9597
vn -0.3370 -0.2747 0.9005
vn -0.1867 0.0068 0.9824
vn -0.3505 0.0695 0.9340
vn -0.4175 -0.0605 0.9067
vn -0.4884 -0.2227 0.8437
vn -0.4227 -0.4677 0.7762
vn -0.5498 -0.4191 0.7226
vn -0.1322 0.1039 0.9858
vn -0.2936 0.1752 0.9397
vn -0.6116 -0.7389 0.2826
vn -0.6183 -0.7672 0.1708
vn -0.6620 -0.5930 0.4584
vn -0.7271 -0.5741 0.3765
vn -0.5818 -0.0178 0.8131
vn -0.6366 -0.1871 0.7482
vn -0.5208 0.1233 0.8447
vn -0.6822 0.1630 0.7128
vn -0.7332 0.0093 0.6799
vn -0.7674 -0.1679 0.6188
vn -0.6704 -0.3859 0.6338
vn -0.7709 -0.3673 0.5204
vn -0.4623 0.2409 0.8534
vn -0.6243 0.2932 0.7241
vn -0.8464 -0.3641 0.3886
vn -0.7775 -0.5627 0.2810
vn -0.8686 -0.1658 0.4669
vn -0.9342 -0.1801 0.3079
vn -0.8917 -0.3740 0.2552
vn -0.8041 -0.5645 0.1862
vn -0.7607 0.3245 0.5622
vn -0.8154 0.1829 0.5493
vn -0.8618 0.3327 0.3829
vn -0.9110 0.1811 0.3704
vn -0.6825 -0.7082 0.1806
vn -0.6512 -0.7542 0.0842
vn -0.8547 0.0180 0.5188
vn -0.9383 0.0072 0.3459
vn -0.9098 -0.3963 0.1235
vn -0.8149 -0.5726 0.0899
vn -0.9662 -0.2092 0.1505
vn -0.9683 -0.2497 0.0023
vn -0.9044 -0.4266 0.0038
vn -0.8074 -0.5900 0.0053
vn -0.9274 0.3197 0.1940
vn -0.9696 0.1593 0.1855
vn -0.9577 0.2877 0.0016
vn -0.9928 0.1200 0.0010
vn -0.7093 -0.7021 0.0630
vn -0.6517 -0.7585 -0.0005
vn -0.9850 -0.0211 0.1711
vn -0.9979 -0.0641 0.0013
vn -0.6953 -0.7173 -0.0455
vn -0.6271 -0.7757 -0.0712
vn -0.7878 -0.6112 -0.0757
vn -0.7570 -0.6380 -0.1411
vn -0.9803 -0.1186 -0.1578
vn -0.9449 -0.2988 -0.1335
vn -0.9821 0.0662 -0.1762
vn -0.9405 0.0009 -0.3398
vn -0.9361 -0.1815 -0.3013
vn -0.9006 -0.3536 -0.2529
vn -0.8793 -0.4645 -0.1054
vn -0.8393 -0.5060 -0.1988
vn -0.9529 0.2387 -0.1871
vn -0.9144 0.1754 -0.3649
vn -0.8696 -0.2500 -0.4257
vn -0.8393 -0.4121 -0.3546
vn -0.8716 -0.0727 -0.4848
vn -0.7798 -0.1519 -0.6074
vn -0.7852 -0.3217 -0.5292
vn -0.7652 -0.4722 -0.4375
vn -0.7867 -0.5510 -0.2783
vn -0.7179 -0.6665 -0.2010
vn -0.7261 -0.5966 -0.3417
vn -0.6731 -0.6978 -0.2450
vn -0.8450 0.1009 -0.5251
vn -0.7489 0.0183 -0.6625
vn -0.6510 -0.7475 -0.1323
vn -0.5859 -0.8010 -0.1229
vn -0.6583 -0.6434 -0.3908
vn -0.6230 -0.7293 -0.2828
vn -0.6812 -0.5329 -0.5020
vn -0.5901 -0.5928 -0.5480
vn -0.5864 -0.6894 -0.4253
vn -0.5708 -0.7620 -0.3058
vn -0.6302 -0.0694 -0.7733
vn -0.6692 -0.2340 -0.7053
vn -0.4938 -0.1592 -0.8549
vn -0.5441 -0.3168 -0.7769
vn -0.5872 -0.7866 -0.1911
vn -0.5351 -0.8307 -0.1536
vn -0.6866 -0.3946 -0.6106
vn -0.5773 -0.4673 -0.6696
vn -0.3443 -0.2484 -0.9054
vn -0.4082 -0.3982 -0.8215
vn -0.5131 -0.8296 -0.2201
vn -0.5156 -0.7939 -0.3225
vn -0.4601 -0.5385 -0.7060
vn -0.4938 -0.6515 -0.5759
vn -0.5109 -0.7349 -0.4459
vn 0.6644 -0.5002 0.5553
vn 0.7686 -0.5149 0.3798
vn 0.5306 -0.4585 0.7129
vn 0.5689 -0.4185 0.7080
vn 0.6889 -0.4677 0.5537
vn 0.7812 -0.4957 0.3795
vn 0.7132 -0.4289 0.5544
vn 0.7968 -0.4691 0.3808
vn 0.6020 -0.3712 0.7070
vn 0.6184 -0.3433 0.7069
vn 0.7260 -0.4059 0.5551
vn 0.8056 -0.4529 0.3820
vn 0.7376 -0.3849 0.5548
vn 0.8145 -0.4372 0.3814
vn 0.6317 -0.3180 0.7070
vn -0.3745 0.4434 -0.8143
vn -0.5190 0.4954 -0.6965
vn -0.2168 0.3760 -0.9009
vn -0.2734 0.2878 -0.9178
vn -0.4283 0.3631 -0.8275
vn -0.5673 0.4249 -0.7054
vn -0.4669 0.3008 -0.8316
vn -0.6008 0.3716 -0.7078
vn -0.3152 0.2186 -0.9235
vn -0.3367 0.1813 -0.9240
vn -0.4866 0.2673 -0.8317
vn -0.6179 0.3431 -0.7075
vn -0.5022 0.2383 -0.8313
vn -0.6315 0.3176 -0.7074
vn -0.3538 0.1499 -0.9232
vn 0.5711 -0.0922 -0.8157
vn 0.4316 0.0087 -0.9020
vn 0.6906 -0.1900 -0.6978
vn 0.6550 -0.2690 -0.7062
vn 0.5303 -0.1811 -0.8282
vn 0.3859 -0.0864 -0.9185
vn 0.4972 -0.2467 -0.8318
vn 0.3487 -0.1585 -0.9237
vn 0.6267 -0.3255 -0.7080
vn 0.6115 -0.3543 -0.7075
vn 0.4791 -0.2806 -0.8317
vn 0.3284 -0.1961 -0.9240
vn 0.4641 -0.3056 -0.8314
vn 0.3116 -0.2247 -0.9233
vn 0.5990 -0.3749 -0.7075
vn -0.6450 0.5296 -0.5509
vn -0.7469 0.5440 -0.3823
vn -0.6850 0.4707 -0.5560
vn -0.7768 0.4986 -0.3847
vn -0.7118 0.4282 -0.5568
vn -0.7955 0.4684 -0.3844
vn -0.7254 0.4056 -0.5561
vn -0.8051 0.4526 -0.3834
vn -0.7366 0.3847 -0.5562
vn -0.8135 0.4370 -0.3837
vn 0.2777 0.1092 -0.9544
vn 0.1147 0.2059 -0.9718
vn 0.2273 0.0113 -0.9738
vn 0.0605 0.1086 -0.9922
vn 0.1870 -0.0642 -0.9803
vn 0.0181 0.0325 -0.9993
vn 0.1652 -0.1041 -0.9808
vn -0.0045 -0.0080 -1.0000
vn 0.1473 -0.1352 -0.9798
vn -0.0228 -0.0405 -0.9989
vn -0.5246 0.1205 0.8427
vn -0.3573 0.0279 0.9336
vn -0.6664 0.2187 0.7128
vn -0.6509 0.2734 0.7082
vn -0.5170 0.1866 0.8354
vn -0.3596 0.0972 0.9280
vn -0.4950 0.2486 0.8326
vn -0.3427 0.1622 0.9253
vn -0.6272 0.3266 0.7071
vn -0.6121 0.3546 0.7069
vn -0.4794 0.2807 0.8315
vn -0.3282 0.1962 0.9240
vn -0.4655 0.3030 0.8316
vn -0.3132 0.2200 0.9239
vn -0.6005 0.3739 0.7068
vn -0.7707 0.3126 0.5552
vn -0.8366 0.3949 0.3797
vn -0.8259 0.4168 0.3796
vn -0.7547 0.3517 0.5539
vn -0.7337 0.3929 0.5544
vn -0.8110 0.4441 0.3809
vn -0.8021 0.4590 0.3820
vn -0.7210 0.4148 0.5550
vn -0.7126 0.4295 0.5547
vn -0.7971 0.4680 0.3815
vn -0.0520 0.2959 -0.9538
vn -0.1085 0.2019 -0.9734
vn -0.1515 0.1280 -0.9801
vn -0.1740 0.0884 -0.9808
vn -0.1919 0.0558 -0.9798
vn 0.3749 -0.3870 0.8424
vn 0.2116 -0.2919 0.9327
vn 0.2700 -0.2588 0.9274
vn 0.4264 -0.3477 0.8350
vn 0.4675 -0.2977 0.8324
vn 0.3155 -0.2111 0.9251
vn 0.3367 -0.1809 0.9241
vn 0.4869 -0.2673 0.8316
vn 0.5007 -0.2394 0.8319
vn 0.3504 -0.1525 0.9241
vn 0.8822 -0.4275 -0.1973
vn 0.8502 -0.3613 -0.3829
vn 0.8791 -0.4766 -0.0030
vn 0.8709 -0.4914 -0.0033
vn 0.8653 -0.4604 -0.1981
vn 0.8261 -0.4115 -0.3850
vn 0.8561 -0.4777 -0.1971
vn 0.8097 -0.4433 -0.3844
vn 0.8696 -0.4937 -0.0021
vn 0.8698 -0.4934 -0.0008
vn 0.8521 -0.4854 -0.1959
vn 0.8016 -0.4588 -0.3834
vn 0.8501 -0.4886 -0.1967
vn 0.7958 -0.4682 -0.3841
vn 0.8717 -0.4901 -0.0017
vn 0.7852 -0.2809 -0.5518
vn 0.7550 -0.3468 -0.5565
vn 0.7323 -0.3919 -0.5569
vn 0.7204 -0.4145 -0.5561
vn 0.7110 -0.4298 -0.5565
vn 0.0628 -0.1939 0.9790
vn -0.0619 -0.1158 0.9913
vn -0.0394 -0.0726 0.9966
vn 0.1122 -0.1625 0.9803
vn 0.1536 -0.1169 0.9812
vn -0.0118 -0.0217 0.9997
vn 0.0048 0.0086 1.0000
vn 0.1739 -0.0877 0.9809
vn 0.1876 -0.0602 0.9804
vn 0.0190 0.0345 0.9992
vn -0.8200 0.5374 -0.1971
vn -0.8604 0.5096 -0.0030
vn -0.8387 0.5073 -0.1980
vn -0.8682 0.4962 -0.0033
vn -0.8488 0.4907 -0.1970
vn -0.8695 0.4940 -0.0021
vn -0.8538 0.4823 -0.1958
vn -0.8698 0.4934 -0.0008
vn -0.8592 0.4725 -0.1963
vn -0.8718 0.4899 -0.0013
vn -0.8662 0.4614 0.1919
vn -0.8640 0.4656 0.1917
vn -0.8567 0.4783 0.1930
vn -0.8524 0.4855 0.1943
vn -0.8508 0.4884 0.1938
vn -0.1944 -0.0498 0.9797
vn -0.1949 0.0109 0.9808
vn -0.1786 0.0714 0.9813
vn -0.1646 0.1043 0.9808
vn -0.1496 0.1291 0.9803
vn 0.8407 -0.5063 0.1918
vn 0.8425 -0.5034 0.1917
vn 0.8496 -0.4909 0.1931
vn 0.8541 -0.4824 0.1943
vn 0.8597 -0.4728 0.1935
vn -0.3196 0.5741 -0.7539
vn -0.4480 0.4980 -0.7425
vn -0.4753 0.5809 -0.6608
vn -0.3607 0.6480 -0.6709
vn -0.5706 0.4157 -0.7082
vn -0.5856 0.5097 -0.6302
vn -0.5912 0.5870 -0.5531
vn -0.4935 0.6473 -0.5809
vn -0.3927 0.7054 -0.5902
vn -0.4507 0.8096 -0.3760
vn -0.5148 0.7728 -0.3710
vn -0.5144 0.8180 -0.2573
vn -0.4769 0.8565 -0.1972
vn -0.5775 0.7375 -0.3501
vn -0.5430 0.8195 -0.1834
vn -0.4864 0.8736 0.0122
vn -0.1799 0.3229 -0.9292
vn -0.3360 0.2294 -0.9135
vn -0.4000 0.3744 -0.8365
vn -0.2564 0.4603 -0.8499
vn -0.4831 0.1297 -0.8659
vn -0.5361 0.2813 -0.7959
vn -0.5070 0.7104 -0.4881
vn -0.4222 0.7585 -0.4964
vn -0.5894 0.6615 -0.4637
vn -0.6362 0.7021 -0.3197
vn -0.5989 0.7700 -0.2203
vn -0.6893 0.6706 -0.2742
vn -0.6010 0.7863 -0.1432
vn -0.6167 0.0264 -0.7868
vn -0.6613 0.1824 -0.7276
vn -0.7318 -0.0775 -0.6771
vn -0.7714 0.0797 -0.6314
vn -0.7888 0.2357 -0.5676
vn -0.6853 0.3279 -0.6503
vn -0.6834 0.5258 -0.5064
vn -0.6668 0.6137 -0.4228
vn -0.7682 0.4644 -0.4407
vn -0.7378 0.5672 -0.3660
vn -0.6898 0.4351 -0.5787
vn -0.7851 0.3580 -0.5054
vn -0.8230 -0.1788 -0.5391
vn -0.8612 -0.0245 -0.5077
vn -0.8852 -0.2733 -0.3766
vn -0.9250 -0.1267 -0.3582
vn -0.9440 0.0452 -0.3270
vn -0.8768 0.1407 -0.4598
vn -0.8424 0.4046 -0.3560
vn -0.7992 0.5243 -0.2940
vn -0.9028 0.3480 -0.2526
vn -0.8494 0.4854 -0.2073
vn -0.7718 0.6170 -0.1535
vn -0.7354 0.6407 -0.2204
vn -0.8681 0.2799 -0.4099
vn -0.9347 0.2027 -0.2920
vn -0.6666 0.7302 -0.1498
vn -0.6433 0.7615 -0.0800
vn -0.9841 -0.0471 -0.1711
vn -0.9797 0.1295 -0.1529
vn -0.9914 -0.1311 0.0038
vn -0.9980 0.0637 0.0051
vn -0.9673 0.2535 0.0048
vn -0.9458 0.2969 -0.1319
vn -0.7986 0.5965 -0.0803
vn -0.7080 0.7042 -0.0526
vn -0.8112 0.5848 0.0026
vn -0.6628 0.7488 -0.0001
vn -0.9136 -0.3568 -0.1952
vn -0.9568 -0.2227 -0.1870
vn -0.9053 -0.4248 -0.0028
vn -0.9517 -0.3070 -0.0005
vn -0.8849 0.4531 -0.1080
vn -0.9038 0.4280 0.0035
vn -0.9608 -0.2008 0.1913
vn -0.9840 0.0099 0.1779
vn -0.8887 -0.2499 0.3844
vn -0.9323 -0.0275 0.3606
vn -0.9281 0.2012 0.3134
vn -0.9630 0.2210 0.1541
vn -0.8116 0.5775 0.0886
vn -0.7147 0.6968 0.0611
vn -0.7940 0.5809 0.1791
vn -0.6542 0.7512 0.0875
vn -0.8596 -0.4736 0.1921
vn -0.9072 -0.3739 0.1931
vn -0.7778 -0.4995 0.3815
vn -0.8227 -0.4175 0.3857
vn -0.9026 0.4125 0.1229
vn -0.8787 0.4066 0.2499
vn -0.6607 -0.4983 0.5614
vn -0.6959 -0.4312 0.5743
vn -0.5087 -0.4615 0.7268
vn -0.5222 -0.4016 0.7524
vn -0.5811 -0.2520 0.7738
vn -0.7667 -0.2713 0.5818
vn -0.8525 0.1956 0.4848
vn -0.8265 0.4113 0.3844
vn -0.7172 0.2045 0.6662
vn -0.7343 0.4253 0.5291
vn -0.7034 0.6079 0.3684
vn -0.7610 0.5888 0.2724
vn -0.8308 -0.0444 0.5547
vn -0.6587 -0.0344 0.7517
vn -0.6800 0.7110 0.1789
vn -0.6131 0.7707 0.1737
vn -0.3346 -0.3838 0.8607
vn -0.3227 -0.3217 0.8901
vn -0.1647 -0.2788 0.9461
vn -0.1442 -0.2159 0.9657
vn -0.1651 -0.1092 0.9802
vn -0.3579 -0.1889 0.9145
vn -0.5348 0.2229 0.8151
vn -0.6085 0.4441 0.6576
vn -0.3595 0.2404 0.9016
vn -0.4771 0.4627 0.7472
vn -0.5436 0.6562 0.5234
vn -0.6281 0.6289 0.4582
vn -0.4374 0.0003 0.8993
vn -0.2397 0.0400 0.9700
vn -0.5988 0.7475 0.2875
vn -0.5443 0.8034 0.2413
vn -0.0454 -0.0490 0.9978
vn -0.1127 0.0684 0.9913
vn 0.0049 -0.0210 0.9998
vn -0.0553 0.0871 0.9947
vn -0.1606 0.2775 0.9472
vn -0.2332 0.2559 0.9382
vn -0.4669 0.6818 0.5632
vn -0.5005 0.7941 0.3448
vn -0.4006 0.7144 0.5737
vn -0.4697 0.8418 0.2660
vn -0.0299 -0.1809 0.9830
vn -0.0229 -0.1276 0.9916
vn 0.0617 -0.1187 0.9910
vn 0.0401 -0.0826 0.9958
vn -0.3693 0.4834 0.7937
vn -0.2902 0.5129 0.8079
vn 0.0570 0.0073 0.9983
vn -0.0082 0.1273 0.9918
vn 0.1757 0.0795 0.9812
vn 0.0865 0.2230 0.9710
vn -0.0213 0.4314 0.9019
vn -0.1035 0.3295 0.9385
vn -0.3377 0.7543 0.5630
vn -0.4136 0.8426 0.3448
vn -0.2747 0.8070 0.5228
vn -0.3974 0.8854 0.2409
vn 0.1643 -0.0735 0.9837
vn 0.1135 -0.0531 0.9921
vn 0.3213 -0.0080 0.9469
vn 0.2567 0.0056 0.9665
vn -0.2232 0.5660 0.7936
vn -0.1473 0.6485 0.7468
vn 0.5022 0.0850 0.8606
vn 0.4443 0.1047 0.8897
vn 0.6596 0.1953 0.7258
vn 0.6178 0.2346 0.7505
vn 0.5225 0.3624 0.7718
vn 0.3495 0.2044 0.9144
vn 0.0892 0.5736 0.8143
vn -0.0600 0.7521 0.6563
vn 0.2032 0.7197 0.6639
vn 0.0240 0.8496 0.5269
vn -0.1472 0.9186 0.3667
vn -0.2059 0.8652 0.4572
vn 0.2287 0.3731 0.8992
vn 0.3770 0.5439 0.7497
vn -0.3210 0.9025 0.2871
vn -0.3325 0.9271 0.1730
vn 0.2828 0.8292 0.4822
vn 0.0852 0.9201 0.3822
vn 0.3179 0.8955 0.3116
vn 0.1170 0.9615 0.2485
vn -0.0756 0.9811 0.1783
vn -0.1000 0.9574 0.2709
vn 0.6359 0.5101 0.5791
vn 0.4763 0.6844 0.5520
vn 0.6808 0.6246 0.3826
vn 0.5149 0.7786 0.3587
vn -0.2464 0.9527 0.1782
vn -0.2939 0.9519 0.0872
vn 0.7692 0.3071 0.5604
vn 0.7331 0.3677 0.5721
vn 0.8302 0.4071 0.3809
vn 0.7867 0.4830 0.3843
vn 0.6765 0.7114 0.1906
vn 0.5101 0.8417 0.1771
vn 0.6332 0.7740 0.0037
vn 0.4716 0.8818 0.0050
vn 0.2942 0.9557 0.0048
vn 0.3196 0.9351 0.1534
vn -0.0636 0.9941 0.0880
vn -0.2157 0.9746 0.0606
vn -0.0698 0.9976 0.0026
vn -0.2871 0.9579 -0.0001
vn 0.8500 0.4906 0.1919
vn 0.7932 0.5778 0.1926
vn 0.8319 0.5549 -0.0028
vn 0.7593 0.6507 -0.0006
vn 0.1248 0.9846 0.1224
vn 0.1123 0.9937 0.0034
vn -0.0863 0.9931 -0.0800
vn -0.2256 0.9728 -0.0526
vn -0.1178 0.9811 -0.1534
vn -0.3082 0.9480 -0.0799
vn -0.8749 -0.4844 -0.0030
vn -0.8726 -0.4884 -0.0034
vn -0.8716 -0.4509 0.1921
vn -0.8686 -0.4567 0.1923
vn -0.8513 -0.5246 -0.0038
vn -0.8546 -0.4825 0.1919
vn -0.8219 -0.4231 0.3814
vn -0.8356 -0.3963 0.3804
vn -0.8282 -0.4115 0.3803
vn -0.0404 0.0728 0.9965
vn -0.0561 0.1004 0.9934
vn 0.1009 0.1847 0.9776
vn 0.1242 0.1633 0.9787
vn -0.0498 0.0889 0.9948
vn 0.1010 0.1668 0.9808
vn 0.2601 0.2459 0.9338
vn 0.2608 0.2694 0.9270
vn 0.2866 0.2518 0.9244
vn 0.7781 0.5972 -0.1949
vn 0.6902 0.6991 -0.1868
vn 0.6923 0.6161 -0.3758
vn 0.5920 0.7222 -0.3577
vn 0.4585 0.8264 -0.3268
vn 0.5580 0.8121 -0.1710
vn 0.2460 0.9603 -0.1318
vn 0.0811 0.9909 -0.1076
vn 0.1800 0.9507 -0.2525
vn 0.0350 0.9777 -0.2072
vn 0.7911 0.4782 0.3814
vn 0.7918 0.4755 0.3834
vn 0.8572 0.4765 0.1956
vn 0.8506 0.4888 0.1938
vn 0.8143 0.4340 0.3854
vn 0.8820 0.4283 0.1967
vn 0.9152 0.4030 0.0020
vn 0.8889 0.4580 0.0006
vn 0.8771 0.4803 -0.0013
vn 0.8860 0.4211 -0.1941
vn 0.8696 0.4531 -0.1962
vn 0.9133 0.3596 -0.1915
vn 0.8768 0.3000 -0.3759
vn 0.8487 0.3672 -0.3806
vn 0.8285 0.4083 -0.3833
vn 0.4061 0.9010 -0.1528
vn 0.3201 0.9013 -0.2919
vn -0.3669 -0.1066 0.9241
vn -0.3721 -0.0688 0.9256
vn -0.2133 0.0168 0.9768
vn -0.2051 -0.0173 0.9786
vn -0.3550 -0.0750 0.9319
vn -0.1998 0.0101 0.9798
vn 0.5797 0.6119 -0.5380
vn 0.4718 0.7214 -0.5070
vn 0.4466 0.5865 -0.6757
vn 0.3364 0.6994 -0.6306
vn 0.2149 0.7948 -0.5675
vn 0.3420 0.8196 -0.4597
vn 0.0999 0.9292 -0.3559
vn -0.0245 0.9555 -0.2939
vn 0.0101 0.8976 -0.4407
vn -0.0933 0.9259 -0.3660
vn -0.2068 0.9392 -0.2741
vn -0.1569 0.9627 -0.2202
vn -0.5786 -0.4073 -0.7066
vn -0.5523 -0.4478 -0.7032
vn -0.6749 -0.4862 -0.5551
vn -0.6959 -0.4537 -0.5567
vn -0.5138 -0.5018 -0.6959
vn -0.6398 -0.5358 -0.5509
vn -0.7410 -0.5516 -0.3829
vn -0.7719 -0.5063 -0.3846
vn -0.7866 -0.4828 -0.3850
vn -0.8388 -0.5071 -0.1983
vn -0.8471 -0.4931 -0.1980
vn -0.8127 -0.5479 -0.1981
vn 0.2195 0.8854 -0.4098
vn 0.1093 0.8559 -0.5054
vn -0.2693 0.9514 -0.1496
vn -0.3515 0.9252 -0.1430
vn -0.6501 -0.2766 0.7077
vn -0.6594 -0.2450 0.7108
vn -0.5247 -0.1569 0.8367
vn -0.5181 -0.1939 0.8330
vn -0.6459 -0.2607 0.7175
vn -0.5084 -0.1666 0.8449
vn 0.3810 0.0977 -0.9194
vn 0.4123 0.0348 -0.9104
vn 0.2538 -0.0609 -0.9653
vn 0.2207 0.0023 -0.9753
vn 0.4464 -0.0398 -0.8939
vn 0.2904 -0.1338 -0.9475
vn 0.1255 -0.2248 -0.9663
vn 0.0865 -0.1549 -0.9841
vn 0.0522 -0.0932 -0.9943
vn 0.5821 0.3995 0.7082
vn 0.5680 0.4112 0.7130
vn 0.6946 0.4541 0.5580
vn 0.7006 0.4485 0.5550
vn 0.5799 0.3801 0.7206
vn 0.7132 0.4186 0.5623
vn 0.0821 0.7554 -0.6501
vn -0.0064 0.8155 -0.5787
vn -0.0528 0.7041 -0.7081
vn -0.1247 0.7663 -0.6302
vn -0.1874 0.8118 -0.5531
vn -0.0867 0.8579 -0.5064
vn -0.2616 0.9107 -0.3197
vn -0.3389 0.9147 -0.2203
vn -0.3226 0.8794 -0.3501
vn -0.4105 0.8932 -0.1834
vn 0.4195 0.3476 0.8386
vn 0.4415 0.3325 0.8334
vn 0.4235 0.3200 0.8475
vn -0.0836 -0.2436 -0.9663
vn -0.1181 -0.1852 -0.9756
vn -0.0430 -0.3100 -0.9498
vn -0.2096 -0.3864 -0.8982
vn -0.2509 -0.3239 -0.9122
vn -0.2841 -0.2703 -0.9199
vn 0.2988 0.5422 -0.7853
vn 0.1918 0.6596 -0.7268
vn 0.1418 0.4817 -0.8648
vn 0.0423 0.6048 -0.7953
vn -0.1702 0.8901 -0.4228
vn -0.2517 0.8495 -0.4637
vn 0.7790 0.2985 -0.5514
vn 0.7555 0.3478 -0.5553
vn 0.8079 0.2270 -0.5439
vn 0.7102 0.1439 -0.6892
vn 0.6800 0.2180 -0.7000
vn 0.6537 0.2738 -0.7055
vn -0.1873 0.6432 -0.7425
vn -0.2433 0.7101 -0.6608
vn -0.2901 0.7605 -0.5809
vn -0.3856 0.8448 -0.3710
vn -0.4243 0.8682 -0.2573
vn -0.4090 -0.3929 -0.8236
vn -0.4396 -0.3453 -0.8292
vn -0.3684 -0.4512 -0.8128
vn 0.5561 0.1290 -0.8210
vn 0.5272 0.1893 -0.8284
vn 0.5880 0.0538 -0.8071
vn -0.0192 0.4078 -0.9129
vn -0.1080 0.5377 -0.8362
vn -0.3367 0.8052 -0.4881
vn -0.7647 -0.3267 0.5554
vn -0.7549 -0.3505 0.5543
vn -0.7525 -0.3484 0.5588
vn 0.4600 -0.8262 -0.3253
vn 0.4030 -0.8567 -0.3220
vn 0.3550 -0.8214 -0.4464
vn 0.4336 -0.7790 -0.4529
vn 0.3475 -0.8867 -0.3049
vn 0.2762 -0.8615 -0.4261
vn 0.1893 -0.8119 -0.5522
vn 0.2919 -0.7619 -0.5782
vn 0.3939 -0.7081 -0.5860
vn 0.2648 -0.4766 -0.8383
vn 0.1177 -0.5499 -0.8269
vn 0.0241 -0.4146 -0.9097
vn 0.1862 -0.3343 -0.9239
vn -0.0297 -0.6162 -0.7870
vn -0.1370 -0.4867 -0.8628
vn 0.4875 -0.8729 0.0196
vn 0.4246 -0.8924 -0.1524
vn 0.4351 -0.8732 -0.2195
vn 0.4799 -0.8620 -0.1633
vn 0.2115 -0.6713 -0.7103
vn 0.3374 -0.6069 -0.7196
vn 0.0850 -0.7304 -0.6777
vn 0.3737 -0.9196 -0.1210
vn 0.3603 -0.9134 -0.1895
vn 0.2402 -0.9397 -0.2436
vn 0.2924 -0.9139 -0.2815
vn 0.0879 -0.8571 -0.5076
vn -0.0396 -0.7825 -0.6214
vn -0.0108 -0.8961 -0.4438
vn -0.1592 -0.8258 -0.5411
vn -0.3091 -0.7194 -0.6220
vn -0.1734 -0.6736 -0.7185
vn 0.1989 -0.8982 -0.3919
vn 0.1229 -0.9313 -0.3429
vn -0.2923 -0.5480 -0.7838
vn -0.4362 -0.5960 -0.6742
vn -0.1038 -0.9270 -0.3606
vn -0.2702 -0.8579 -0.4372
vn -0.1883 -0.9477 -0.2577
vn -0.3679 -0.8764 -0.3107
vn -0.5360 -0.7675 -0.3517
vn -0.4317 -0.7515 -0.4989
vn 0.1904 -0.9612 -0.1995
vn 0.0515 -0.9588 -0.2794
vn 0.1466 -0.9793 -0.1399
vn -0.0150 -0.9798 -0.1996
vn -0.5632 -0.6284 -0.5366
vn -0.6675 -0.6432 -0.3752
vn 0.3320 -0.9407 -0.0698
vn 0.2950 -0.9465 -0.1306
vn 0.1080 -0.9913 -0.0749
vn -0.0715 -0.9918 -0.1059
vn 0.0805 -0.9967 0.0052
vn -0.1171 -0.9931 0.0037
vn -0.3151 -0.9491 0.0013
vn -0.2600 -0.9559 -0.1365
vn -0.6166 -0.7653 -0.1848
vn -0.7441 -0.6388 -0.1955
vn -0.6687 -0.7436 -0.0038
vn -0.7886 -0.6148 -0.0045
vn 0.3057 -0.9521 -0.0005
vn 0.2474 -0.9679 -0.0450
vn -0.4477 -0.8790 -0.1641
vn -0.5044 -0.8634 -0.0015
vn -0.6881 -0.7019 0.1841
vn -0.7983 -0.5715 0.1901
vn -0.6718 -0.6408 0.3715
vn -0.7713 -0.5102 0.3805
vn 0.3025 -0.9496 0.0822
vn 0.2278 -0.9717 0.0618
vn 0.0609 -0.9810 0.1843
vn 0.0617 -0.9941 0.0888
vn -0.3480 -0.9252 0.1516
vn -0.5332 -0.8284 0.1716
vn -0.3546 -0.8820 0.3105
vn -0.5298 -0.7730 0.3490
vn -0.1455 -0.9816 0.1237
vn -0.1546 -0.9543 0.2556
vn 0.3294 -0.9292 0.1673
vn 0.2463 -0.9527 0.1782
vn 0.1085 -0.9213 0.3734
vn 0.0727 -0.9578 0.2782
vn -0.3300 -0.8184 0.4705
vn -0.4905 -0.6967 0.5234
vn -0.2722 -0.7339 0.6223
vn -0.4139 -0.6001 0.6845
vn -0.5237 -0.4625 0.7154
vn -0.6174 -0.5607 0.5518
vn -0.1386 -0.9108 0.3889
vn -0.0956 -0.8484 0.5206
vn -0.7063 -0.4320 0.5608
vn -0.6022 -0.3386 0.7230
vn 0.1578 -0.8763 0.4552
vn -0.0261 -0.7730 0.6339
vn 0.2288 -0.8223 0.5210
vn 0.0664 -0.6880 0.7227
vn -0.0719 -0.5281 0.8462
vn -0.1837 -0.6339 0.7513
vn -0.3979 -0.3525 0.8470
vn -0.4662 -0.2366 0.8524
vn -0.2553 -0.2437 0.9356
vn -0.3152 -0.1373 0.9390
vn 0.3883 -0.8911 0.2348
vn 0.3082 -0.9093 0.2798
vn -0.3054 -0.4889 0.8171
vn -0.1767 -0.3758 0.9097
vn 0.3078 -0.7674 0.5625
vn 0.1754 -0.6055 0.7763
vn 0.3979 -0.7136 0.5766
vn 0.2955 -0.5297 0.7950
vn 0.1914 -0.3429 0.9197
vn 0.0551 -0.4284 0.9019
vn -0.1091 -0.1459 0.9833
vn -0.1636 -0.0476 0.9854
vn 0.0359 -0.0636 0.9973
vn -0.0172 0.0310 0.9994
vn 0.4695 -0.8433 0.2616
vn 0.4029 -0.8503 0.3386
vn -0.0384 -0.2725 0.9614
vn 0.1045 -0.1863 0.9769
vn 0.5534 -0.7984 0.2375
vn 0.5110 -0.7895 0.3398
vn 0.5787 -0.6255 0.5233
vn 0.4899 -0.6648 0.5640
vn 0.3370 -0.2747 0.9005
vn 0.2556 -0.1166 0.9597
vn 0.4884 -0.2227 0.8437
vn 0.4175 -0.0605 0.9067
vn 0.3505 0.0695 0.9340
vn 0.1867 0.0068 0.9824
vn 0.4227 -0.4677 0.7762
vn 0.5498 -0.4191 0.7226
vn 0.1322 0.1039 0.9858
vn 0.2936 0.1752 0.9397
vn 0.6183 -0.7672 0.1708
vn 0.6116 -0.7389 0.2826
vn 0.7271 -0.5741 0.3765
vn 0.6620 -0.5930 0.4584
vn 0.6366 -0.1871 0.7482
vn 0.5818 -0.0178 0.8131
vn 0.7674 -0.1679 0.6188
vn 0.7332 0.0093 0.6799
vn 0.6822 0.1630 0.7128
vn 0.5208 0.1233 0.8447
vn 0.6704 -0.3859 0.6338
vn 0.7709 -0.3673 0.5204
vn 0.4623 0.2409 0.8534
vn 0.6243 0.2932 0.7241
vn 0.7775 -0.5627 0.2810
vn 0.8464 -0.3641 0.3886
vn 0.8041 -0.5645 0.1862
vn 0.8917 -0.3740 0.2552
vn 0.9342 -0.1801 0.3079
vn 0.8686 -0.1658 0.4669
vn 0.8154 0.1829 0.5493
vn 0.7607 0.3245 0.5622
vn 0.9110 0.1811 0.3704
vn 0.8618 0.3327 0.3829
vn 0.6512 -0.7542 0.0842
vn 0.6825 -0.7082 0.1806
vn 0.8547 0.0180 0.5188
vn 0.9383 0.0072 0.3459
vn 0.8149 -0.5726 0.0895
vn 0.9098 -0.3963 0.1235
vn 0.8074 -0.5900 0.0053
vn 0.9044 -0.4266 0.0038
vn 0.9683 -0.2497 0.0023
vn 0.9662 -0.2092 0.1505
vn 0.9696 0.1593 0.1855
vn 0.9274 0.3197 0.1940
vn 0.9928 0.1200 0.0010
vn 0.9577 0.2877 0.0016
vn 0.6517 -0.7585 -0.0005
vn 0.7093 -0.7021 0.0626
vn 0.9850 -0.0211 0.1711
vn 0.9979 -0.0641 0.0013
vn 0.6271 -0.7757 -0.0712
vn 0.6953 -0.7173 -0.0455
vn 0.7570 -0.6380 -0.1411
vn 0.7878 -0.6112 -0.0757
vn 0.9449 -0.2988 -0.1335
vn 0.9803 -0.1186 -0.1578
vn 0.9006 -0.3536 -0.2529
vn 0.9361 -0.1815 -0.3013
vn 0.9405 0.0009 -0.3398
vn 0.9821 0.0662 -0.1762
vn 0.8793 -0.4645 -0.1054
vn 0.8393 -0.5060 -0.1988
vn 0.9529 0.2387 -0.1871
vn 0.9144 0.1754 -0.3649
vn 0.8393 -0.4121 -0.3546
vn 0.8697 -0.2500 -0.4257
vn 0.7652 -0.4722 -0.4375
vn 0.7852 -0.3217 -0.5292
vn 0.7797 -0.1518 -0.6074
vn 0.8716 -0.0727 -0.4848
vn 0.7179 -0.6665 -0.2010
vn 0.7867 -0.5510 -0.2783
vn 0.6731 -0.6978 -0.2450
vn 0.7261 -0.5966 -0.3417
vn 0.8450 0.1009 -0.5251
vn 0.7489 0.0183 -0.6625
vn 0.5859 -0.8010 -0.1229
vn 0.6510 -0.7475 -0.1323
vn 0.6230 -0.7293 -0.2828
vn 0.6583 -0.6434 -0.3908
vn 0.5708 -0.7620 -0.3058
vn 0.5864 -0.6894 -0.4253
vn 0.5901 -0.5928 -0.5480
vn 0.6812 -0.5329 -0.5020
vn 0.6692 -0.2340 -0.7053
vn 0.6302 -0.0694 -0.7733
vn 0.5441 -0.3168 -0.7769
vn 0.4938 -0.1592 -0.8549
vn 0.5351 -0.8307 -0.1536
vn 0.5872 -0.7866 -0.1911
vn 0.6866 -0.3947 -0.6106
vn 0.5773 -0.4673 -0.6696
vn 0.4082 -0.3982 -0.8215
vn 0.3443 -0.2483 -0.9054
vn 0.5131 -0.8296 -0.2201
vn 0.5156 -0.7939 -0.3225
vn 0.4938 -0.6515 -0.5759
vn 0.4601 -0.5385 -0.7060
vn 0.5109 -0.7349 -0.4459
vn -0.7686 -0.5149 0.3798
vn -0.6644 -0.5002 0.5553
vn -0.7812 -0.4957 0.3795
vn -0.6889 -0.4677 0.5537
vn -0.5689 -0.4185 0.7080
vn -0.5306 -0.4585 0.7129
vn -0.7968 -0.4691 0.3808
vn -0.7132 -0.4289 0.5544
vn -0.8056 -0.4529 0.3820
vn -0.7260 -0.4060 0.5551
vn -0.6184 -0.3433 0.7069
vn -0.6020 -0.3712 0.7070
vn -0.8145 -0.4372 0.3814
vn -0.7376 -0.3849 0.5548
vn -0.6317 -0.3180 0.7070
vn 0.5190 0.4954 -0.6965
vn 0.3745 0.4434 -0.8143
vn 0.5673 0.4249 -0.7054
vn 0.4283 0.3631 -0.8275
vn 0.2734 0.2878 -0.9178
vn 0.2168 0.3760 -0.9009
vn 0.6008 0.3716 -0.7078
vn 0.4669 0.3008 -0.8316
vn 0.6179 0.3431 -0.7075
vn 0.4866 0.2673 -0.8317
vn 0.3367 0.1813 -0.9240
vn 0.3152 0.2186 -0.9235
vn 0.6315 0.3176 -0.7074
vn 0.5022 0.2383 -0.8313
vn 0.3538 0.1499 -0.9232
vn -0.4316 0.0087 -0.9020
vn -0.5711 -0.0922 -0.8157
vn -0.3859 -0.0864 -0.9185
vn -0.5303 -0.1811 -0.8282
vn -0.6550 -0.2690 -0.7062
vn -0.6906 -0.1900 -0.6978
vn -0.3487 -0.1585 -0.9237
vn -0.4972 -0.2467 -0.8318
vn -0.3284 -0.1961 -0.9240
vn -0.4791 -0.2806 -0.8317
vn -0.6115 -0.3543 -0.7075
vn -0.6267 -0.3255 -0.7080
vn -0.3116 -0.2247 -0.9233
vn -0.4641 -0.3056 -0.8314
vn -0.5990 -0.3749 -0.7075
vn 0.7469 0.5440 -0.3823
vn 0.6450 0.5296 -0.5509
vn 0.7768 0.4986 -0.3847
vn 0.6850 0.4707 -0.5560
vn 0.7955 0.4684 -0.3844
vn 0.7118 0.4282 -0.5568
vn 0.8051 0.4526 -0.3834
vn 0.7254 0.4056 -0.5561
vn 0.8135 0.4370 -0.3837
vn 0.7366 0.3847 -0.5562
vn -0.1147 0.2059 -0.9718
vn -0.2777 0.1092 -0.9544
vn -0.0605 0.1086 -0.9922
vn -0.2273 0.0113 -0.9738
vn -0.0181 0.0325 -0.9993
vn -0.1870 -0.0642 -0.9803
vn 0.0045 -0.0080 -1.0000
vn -0.1652 -0.1041 -0.9808
vn 0.0227 -0.0405 -0.9989
vn -0.1473 -0.1352 -0.9798
vn 0.3573 0.0279 0.9336
vn 0.5246 0.1205 0.8427
vn 0.3596 0.0972 0.9280
vn 0.5170 0.1866 0.8354
vn 0.6509 0.2734 0.7082
vn 0.6664 0.2187 0.7128
vn 0.3427 0.1622 0.9253
vn 0.4950 0.2486 0.8326
vn 0.3282 0.1962 0.9240
vn 0.4794 0.2807 0.8315
vn 0.6121 0.3546 0.7069
vn 0.6272 0.3266 0.7071
vn 0.3132 0.2200 0.9239
vn 0.4655 0.3030 0.8316
vn 0.6005 0.3739 0.7068
vn 0.7707 0.3126 0.5552
vn 0.7547 0.3517 0.5539
vn 0.8259 0.4168 0.3796
vn 0.8366 0.3949 0.3797
vn 0.7337 0.3929 0.5544
vn 0.7210 0.4148 0.5550
vn 0.8021 0.4590 0.3820
vn 0.8110 0.4441 0.3809
vn 0.7126 0.4295 0.5547
vn 0.7971 0.4680 0.3815
vn 0.0520 0.2959 -0.9538
vn 0.1085 0.2019 -0.9734
vn 0.1515 0.1280 -0.9801
vn 0.1740 0.0884 -0.9808
vn 0.1919 0.0558 -0.9798
vn -0.3749 -0.3870 0.8424
vn -0.4264 -0.3477 0.8350
vn -0.2700 -0.2588 0.9274
vn -0.2116 -0.2919 0.9327
vn -0.4675 -0.2977 0.8324
vn -0.4869 -0.2673 0.8316
vn -0.3367 -0.1809 0.9241
vn -0.3155 -0.2111 0.9251
vn -0.5007 -0.2395 0.8318
vn -0.3504 -0.1525 0.9241
vn -0.8502 -0.3613 -0.3829
vn -0.8822 -0.4275 -0.1973
vn -0.8261 -0.4115 -0.3850
vn -0.8653 -0.4604 -0.1981
vn -0.8709 -0.4914 -0.0033
vn -0.8791 -0.4766 -0.0030
vn -0.8097 -0.4433 -0.3844
vn -0.8561 -0.4777 -0.1971
vn -0.8016 -0.4588 -0.3834
vn -0.8521 -0.4854 -0.1959
vn -0.8698 -0.4934 -0.0008
vn -0.8696 -0.4937 -0.0021
vn -0.7958 -0.4682 -0.3841
vn -0.8501 -0.4886 -0.1968
vn -0.8717 -0.4901 -0.0017
vn -0.7852 -0.2809 -0.5518
vn -0.7550 -0.3468 -0.5565
vn -0.7323 -0.3919 -0.5569
vn -0.7204 -0.4145 -0.5561
vn -0.7110 -0.4298 -0.5565
vn -0.0628 -0.1939 0.9790
vn -0.1122 -0.1625 0.9803
vn 0.0394 -0.0726 0.9966
vn 0.0619 -0.1158 0.9913
vn -0.1536 -0.1169 0.9812
vn -0.1739 -0.0877 0.9809
vn -0.0048 0.0086 1.0000
vn 0.0118 -0.0217 0.9997
vn -0.1876 -0.0602 0.9804
vn -0.0190 0.0345 0.9992
vn 0.8604 0.5096 -0.0029
vn 0.8200 0.5374 -0.1971
vn 0.8682 0.4962 -0.0033
vn 0.8387 0.5073 -0.1980
vn 0.8695 0.4940 -0.0021
vn 0.8488 0.4907 -0.1970
vn 0.8698 0.4934 -0.0008
vn 0.8538 0.4823 -0.1958
vn 0.8718 0.4899 -0.0013
vn 0.8592 0.4725 -0.1963
vn 0.8662 0.4614 0.1919
vn 0.8640 0.4656 0.1917
vn 0.8567 0.4783 0.1930
vn 0.8524 0.4855 0.1943
vn 0.8508 0.4884 0.1938
vn 0.1944 -0.0498 0.9797
vn 0.1949 0.0109 0.9808
vn 0.1786 0.0714 0.9813
vn 0.1646 0.1043 0.9808
vn 0.1496 0.1291 0.9803
vn -0.8407 -0.5063 0.1918
vn -0.8425 -0.5034 0.1917
vn -0.8496 -0.4909 0.1930
vn -0.8541 -0.4824 0.1943
vn -0.8597 -0.4728 0.1935
vn 0.3196 0.5741 0.7539
vn 0.4479 0.4980 0.7425
vn 0.4753 0.5809 0.6608
vn 0.3607 0.6480 0.6709
vn 0.5706 0.4157 0.7082
vn 0.5856 0.5097 0.6302
vn 0.5912 0.5870 0.5531
vn 0.4935 0.6473 0.5809
vn 0.3927 0.7054 0.5902
vn 0.4507 0.8096 0.3760
vn 0.5148 0.7728 0.3710
vn 0.5144 0.8180 0.2573
vn 0.4769 0.8565 0.1972
vn 0.5775 0.7375 0.3501
vn 0.5430 0.8195 0.1834
vn 0.4864 0.8736 -0.0122
vn 0.1799 0.3229 0.9292
vn 0.3359 0.2294 0.9135
vn 0.4000 0.3744 0.8365
vn 0.2564 0.4603 0.8499
vn 0.4831 0.1297 0.8659
vn 0.5361 0.2812 0.7959
vn 0.5070 0.7104 0.4881
vn 0.4222 0.7585 0.4964
vn 0.5894 0.6615 0.4637
vn 0.6362 0.7021 0.3197
vn 0.5989 0.7700 0.2203
vn 0.6893 0.6706 0.2742
vn 0.6010 0.7863 0.1432
vn 0.6167 0.0264 0.7868
vn 0.6613 0.1824 0.7276
vn 0.7317 -0.0775 0.6772
vn 0.7713 0.0797 0.6314
vn 0.7888 0.2357 0.5677
vn 0.6853 0.3279 0.6503
vn 0.6834 0.5258 0.5064
vn 0.6668 0.6137 0.4228
vn 0.7682 0.4644 0.4407
vn 0.7378 0.5672 0.3660
vn 0.6898 0.4351 0.5787
vn 0.7851 0.3580 0.5054
vn 0.8230 -0.1788 0.5391
vn 0.8612 -0.0245 0.5077
vn 0.8852 -0.2733 0.3766
vn 0.9250 -0.1268 0.3582
vn 0.9440 0.0452 0.3269
vn 0.8768 0.1407 0.4598
vn 0.8424 0.4046 0.3560
vn 0.7992 0.5243 0.2940
vn 0.9028 0.3480 0.2526
vn 0.8494 0.4854 0.2073
vn 0.7718 0.6170 0.1535
vn 0.7354 0.6407 0.2204
vn 0.8681 0.2799 0.4099
vn 0.9347 0.2027 0.2919
vn 0.6666 0.7302 0.1498
vn 0.6433 0.7615 0.0800
vn 0.9841 -0.0471 0.1711
vn 0.9797 0.1295 0.1529
vn 0.9914 -0.1311 -0.0038
vn 0.9980 0.0637 -0.0051
vn 0.9673 0.2535 -0.0048
vn 0.9458 0.2969 0.1319
vn 0.7986 0.5965 0.0803
vn 0.7080 0.7042 0.0526
vn 0.8112 0.5848 -0.0026
vn 0.6628 0.7488 0.0001
vn 0.9136 -0.3568 0.1952
vn 0.9568 -0.2227 0.1870
vn 0.9053 -0.4248 0.0028
vn 0.9517 -0.3070 0.0005
vn 0.8849 0.4531 0.1080
vn 0.9038 0.4280 -0.0035
vn 0.9608 -0.2008 -0.1913
vn 0.9840 0.0099 -0.1779
vn 0.8887 -0.2499 -0.3844
vn 0.9323 -0.0274 -0.3606
vn 0.9281 0.2012 -0.3134
vn 0.9630 0.2210 -0.1541
vn 0.8116 0.5775 -0.0886
vn 0.7147 0.6968 -0.0611
vn 0.7940 0.5809 -0.1791
vn 0.6542 0.7512 -0.0875
vn 0.8596 -0.4736 -0.1921
vn 0.9072 -0.3739 -0.1931
vn 0.7778 -0.4995 -0.3815
vn 0.8227 -0.4175 -0.3857
vn 0.9026 0.4125 -0.1229
vn 0.8787 0.4066 -0.2499
vn 0.6607 -0.4983 -0.5614
vn 0.6959 -0.4312 -0.5743
vn 0.5087 -0.4615 -0.7268
vn 0.5222 -0.4016 -0.7524
vn 0.5811 -0.2520 -0.7738
vn 0.7667 -0.2713 -0.5818
vn 0.8525 0.1956 -0.4848
vn 0.8265 0.4113 -0.3844
vn 0.7172 0.2045 -0.6662
vn 0.7343 0.4253 -0.5291
vn 0.7034 0.6079 -0.3684
vn 0.7610 0.5888 -0.2724
vn 0.8308 -0.0443 -0.5547
vn 0.6586 -0.0344 -0.7517
vn 0.6800 0.7110 -0.1789
vn 0.6131 0.7707 -0.1737
vn 0.3346 -0.3838 -0.8607
vn 0.3227 -0.3217 -0.8901
vn 0.1647 -0.2788 -0.9461
vn 0.1443 -0.2159 -0.9657
vn 0.1651 -0.1092 -0.9802
vn 0.3579 -0.1889 -0.9145
vn 0.5348 0.2229 -0.8151
vn 0.6085 0.4441 -0.6576
vn 0.3595 0.2404 -0.9016
vn 0.4771 0.4627 -0.7472
vn 0.5436 0.6562 -0.5234
vn 0.6281 0.6289 -0.4582
vn 0.4374 0.0003 -0.8993
vn 0.2397 0.0400 -0.9700
vn 0.5988 0.7475 -0.2875
vn 0.5443 0.8034 -0.2413
vn 0.0454 -0.0490 -0.9978
vn 0.1127 0.0684 -0.9913
vn -0.0049 -0.0210 -0.9998
vn 0.0553 0.0871 -0.9947
vn 0.1606 0.2775 -0.9472
vn 0.2332 0.2559 -0.9382
vn 0.4669 0.6818 -0.5632
vn 0.5005 0.7941 -0.3448
vn 0.4007 0.7144 -0.5737
vn 0.4698 0.8418 -0.2660
vn 0.0299 -0.1809 -0.9830
vn 0.0229 -0.1276 -0.9916
vn -0.0617 -0.1187 -0.9910
vn -0.0401 -0.0826 -0.9958
vn 0.3693 0.4834 -0.7937
vn 0.2902 0.5129 -0.8079
vn -0.0570 0.0073 -0.9983
vn 0.0082 0.1273 -0.9918
vn -0.1757 0.0795 -0.9812
vn -0.0865 0.2230 -0.9710
vn 0.0213 0.4314 -0.9019
vn 0.1035 0.3295 -0.9385
vn 0.3377 0.7543 -0.5630
vn 0.4137 0.8426 -0.3448
vn 0.2747 0.8070 -0.5228
vn 0.3970 0.8857 -0.2408
vn -0.1643 -0.0735 -0.9837
vn -0.1135 -0.0531 -0.9921
vn -0.3213 -0.0080 -0.9469
vn -0.2567 0.0056 -0.9665
vn 0.2232 0.5660 -0.7936
vn 0.1473 0.6485 -0.7468
vn -0.5022 0.0850 -0.8606
vn -0.4443 0.1047 -0.8897
vn -0.6596 0.1953 -0.7258
vn -0.6178 0.2346 -0.7505
vn -0.5225 0.3624 -0.7718
vn -0.3495 0.2044 -0.9144
vn -0.0892 0.5736 -0.8143
vn 0.0600 0.7521 -0.6563
vn -0.2032 0.7197 -0.6639
vn -0.0240 0.8496 -0.5269
vn 0.1472 0.9186 -0.3667
vn 0.2059 0.8652 -0.4572
vn -0.2287 0.3731 -0.8992
vn -0.3770 0.5439 -0.7497
vn 0.3210 0.9025 -0.2871
vn 0.3325 0.9271 -0.1730
vn -0.2828 0.8292 -0.4822
vn -0.0852 0.9201 -0.3822
vn -0.3179 0.8955 -0.3116
vn -0.1170 0.9615 -0.2485
vn 0.0756 0.9811 -0.1783
vn 0.1000 0.9574 -0.2709
vn -0.6359 0.5101 -0.5791
vn -0.4763 0.6844 -0.5520
vn -0.6808 0.6246 -0.3826
vn -0.5149 0.7786 -0.3587
vn 0.2464 0.9527 -0.1782
vn 0.2939 0.9519 -0.0872
vn -0.7692 0.3071 -0.5604
vn -0.7331 0.3677 -0.5721
vn -0.8302 0.4071 -0.3809
vn -0.7867 0.4830 -0.3843
vn -0.6765 0.7114 -0.1906
vn -0.5101 0.8417 -0.1771
vn -0.6332 0.7740 -0.0037
vn -0.4716 0.8818 -0.0050
vn -0.2942 0.9557 -0.0048
vn -0.3196 0.9351 -0.1534
vn 0.0636 0.9941 -0.0880
vn 0.2157 0.9746 -0.0606
vn 0.0698 0.9976 -0.0026
vn 0.2871 0.9579 0.0001
vn -0.8500 0.4906 -0.1919
vn -0.7932 0.5778 -0.1926
vn -0.8319 0.5549 0.0028
vn -0.7594 0.6507 0.0006
vn -0.1248 0.9846 -0.1224
vn -0.1123 0.9937 -0.0034
vn 0.0863 0.9931 0.0800
vn 0.2256 0.9728 0.0526
vn 0.1178 0.9811 0.1534
vn 0.3082 0.9480 0.0799
vn 0.8749 -0.4844 0.0030
vn 0.8726 -0.4884 0.0034
vn 0.8716 -0.4509 -0.1921
vn 0.8686 -0.4568 -0.1923
vn 0.8513 -0.5246 0.0038
vn 0.8546 -0.4825 -0.1919
vn 0.8219 -0.4231 -0.3814
vn 0.8356 -0.3963 -0.3804
vn 0.8282 -0.4115 -0.3803
vn 0.0404 0.0728 -0.9965
vn 0.0561 0.1004 -0.9934
vn -0.1009 0.1847 -0.9776
vn -0.1242 0.1633 -0.9787
vn 0.0498 0.0889 -0.9948
vn -0.1010 0.1668 -0.9808
vn -0.2601 0.2459 -0.9338
vn -0.2608 0.2694 -0.9270
vn -0.2866 0.2518 -0.9244
vn -0.7781 0.5972 0.1949
vn -0.6902 0.6991 0.1868
vn -0.6923 0.6161 0.3758
vn -0.5921 0.7222 0.3577
vn -0.4585 0.8265 0.3268
vn -0.5580 0.8121 0.1710
vn -0.2460 0.9603 0.1318
vn -0.0811 0.9909 0.1076
vn -0.1800 0.9507 0.2525
vn -0.0350 0.9777 0.2072
vn -0.7911 0.4782 -0.3814
vn -0.7918 0.4755 -0.3834
vn -0.8572 0.4765 -0.1956
vn -0.8506 0.4888 -0.1938
vn -0.8143 0.4340 -0.3854
vn -0.8820 0.4283 -0.1967
vn -0.9152 0.4030 -0.0020
vn -0.8889 0.4580 -0.0006
vn -0.8771 0.4803 0.0013
vn -0.8860 0.4211 0.1941
vn -0.8696 0.4531 0.1962
vn -0.9133 0.3596 0.1915
vn -0.8768 0.3000 0.3759
vn -0.8487 0.3672 0.3806
vn -0.8285 0.4083 0.3833
vn -0.4061 0.9009 0.1528
vn -0.3202 0.9013 0.2919
vn 0.3669 -0.1066 -0.9241
vn 0.3721 -0.0688 -0.9256
vn 0.2133 0.0168 -0.9768
vn 0.2051 -0.0173 -0.9786
vn 0.3550 -0.0750 -0.9319
vn 0.1998 0.0101 -0.9798
vn -0.5797 0.6119 0.5380
vn -0.4718 0.7214 0.5070
vn -0.4466 0.5865 0.6757
vn -0.3364 0.6994 0.6306
vn -0.2149 0.7948 0.5675
vn -0.3420 0.8196 0.4597
vn -0.0999 0.9292 0.3559
vn 0.0245 0.9555 0.2939
vn -0.0101 0.8976 0.4407
vn 0.0933 0.9259 0.3660
vn 0.2068 0.9392 0.2741
vn 0.1569 0.9627 0.2202
vn 0.5786 -0.4073 0.7066
vn 0.5523 -0.4478 0.7032
vn 0.6749 -0.4862 0.5551
vn 0.6959 -0.4538 0.5567
vn 0.5138 -0.5018 0.6959
vn 0.6398 -0.5358 0.5509
vn 0.7410 -0.5516 0.3829
vn 0.7719 -0.5063 0.3846
vn 0.7866 -0.4828 0.3850
vn 0.8388 -0.5071 0.1983
vn 0.8471 -0.4931 0.1980
vn 0.8127 -0.5479 0.1981
vn -0.2195 0.8854 0.4098
vn -0.1093 0.8559 0.5054
vn 0.2693 0.9514 0.1496
vn 0.3515 0.9252 0.1430
vn 0.6501 -0.2766 -0.7077
vn 0.6594 -0.2450 -0.7108
vn 0.5247 -0.1569 -0.8367
vn 0.5181 -0.1939 -0.8330
vn 0.6459 -0.2607 -0.7175
vn 0.5084 -0.1666 -0.8449
vn -0.3810 0.0977 0.9194
vn -0.4122 0.0348 0.9104
vn -0.2538 -0.0609 0.9653
vn -0.2207 0.0023 0.9753
vn -0.4464 -0.0398 0.8940
vn -0.2904 -0.1337 0.9475
vn -0.1255 -0.2248 0.9663
vn -0.0865 -0.1549 0.9841
vn -0.0522 -0.0932 0.9943
vn -0.5821 0.3995 -0.7082
vn -0.5680 0.4112 -0.7130
vn -0.6946 0.4541 -0.5580
vn -0.7006 0.4485 -0.5550
vn -0.5799 0.3801 -0.7206
vn -0.7132 0.4186 -0.5623
vn -0.0821 0.7554 0.6501
vn 0.0064 0.8155 0.5787
vn 0.0528 0.7041 0.7081
vn 0.1247 0.7663 0.6302
vn 0.1874 0.8118 0.5531
vn 0.0867 0.8579 0.5064
vn 0.2616 0.9107 0.3197
vn 0.3389 0.9147 0.2203
vn 0.3226 0.8794 0.3501
vn 0.4105 0.8932 0.1834
vn -0.4195 0.3476 -0.8386
vn -0.4415 0.3325 -0.8334
vn -0.4235 0.3200 -0.8475
vn 0.0836 -0.2436 0.9663
vn 0.1181 -0.1852 0.9756
vn 0.0430 -0.3100 0.9498
vn 0.2096 -0.3864 0.8982
vn 0.2509 -0.3240 0.9122
vn 0.2841 -0.2703 0.9199
vn -0.2988 0.5422 0.7853
vn -0.1918 0.6596 0.7268
vn -0.1419 0.4817 0.8648
vn -0.0424 0.6048 0.7953
vn 0.1702 0.8901 0.4228
vn 0.2517 0.8495 0.4637
vn -0.7790 0.2985 0.5514
vn -0.7555 0.3478 0.5553
vn -0.8079 0.2270 0.5439
vn -0.7102 0.1439 0.6892
vn -0.6800 0.2180 0.7000
vn -0.6537 0.2738 0.7055
vn 0.1873 0.6432 0.7425
vn 0.2433 0.7101 0.6608
vn 0.2901 0.7605 0.5809
vn 0.3856 0.8448 0.3710
vn 0.4243 0.8682 0.2573
vn 0.4090 -0.3929 0.8236
vn 0.4396 -0.3453 0.8292
vn 0.3685 -0.4512 0.8128
vn -0.5561 0.1290 0.8211
vn -0.5272 0.1893 0.8284
vn -0.5880 0.0538 0.8071
vn 0.0192 0.4078 0.9129
vn 0.1080 0.5377 0.8362
vn 0.3367 0.8052 0.4881
vn 0.7647 -0.3267 -0.5554
vn 0.7549 -0.3506 -0.5543
vn 0.7525 -0.3484 -0.5588
vn -0.4600 -0.8262 0.3253
vn -0.4030 -0.8567 0.3220
vn -0.3550 -0.8214 0.4464
vn -0.4336 -0.7790 0.4529
vn -0.3475 -0.8867 0.3049
vn -0.2762 -0.8615 0.4261
vn -0.1893 -0.8119 0.5522
vn -0.2919 -0.7619 0.5782
vn -0.3939 -0.7081 0.5860
vn -0.2648 -0.4766 0.8383
vn -0.1177 -0.5499 0.8269
vn -0.0241 -0.4146 0.9097
vn -0.1862 -0.3343 0.9239
vn 0.0297 -0.6162 0.7870
vn 0.1370 -0.4867 0.8628
vn -0.4875 -0.8729 -0.0196
vn -0.4246 -0.8924 0.1524
vn -0.4351 -0.8732 0.2195
vn -0.4799 -0.8620 0.1633
vn -0.2115 -0.6713 0.7103
vn -0.3374 -0.6069 0.7196
vn -0.0850 -0.7304 0.6777
vn -0.3737 -0.9196 0.1210
vn -0.3603 -0.9134 0.1895
vn -0.2401 -0.9397 0.2435
vn -0.2924 -0.9139 0.2815
vn -0.0879 -0.8571 0.5076
vn 0.0396 -0.7825 0.6214
vn 0.0108 -0.8961 0.4438
vn 0.1592 -0.8258 0.5411
vn 0.3091 -0.7194 0.6220
vn 0.1734 -0.6736 0.7185
vn -0.1989 -0.8982 0.3919
vn -0.1229 -0.9313 0.3429
vn 0.2923 -0.5480 0.7838
vn 0.4362 -0.5960 0.6742
vn 0.1038 -0.9270 0.3606
vn 0.2702 -0.8579 0.4372
vn 0.1883 -0.9477 0.2577
vn 0.3679 -0.8764 0.3107
vn 0.5360 -0.7675 0.3517
vn 0.4317 -0.7515 0.4989
vn -0.1903 -0.9612 0.1995
vn -0.0515 -0.9588 0.2794
vn -0.1466 -0.9793 0.1399
vn 0.0149 -0.9798 0.1996
vn 0.5632 -0.6284 0.5366
vn 0.6675 -0.6432 0.3752
vn -0.3320 -0.9407 0.0698
vn -0.2949 -0.9466 0.1305
vn -0.1080 -0.9913 0.0749
vn 0.0715 -0.9918 0.1059
vn -0.0805 -0.9967 -0.0052
vn 0.1170 -0.9931 -0.0037
vn 0.3151 -0.9491 -0.0013
vn 0.2600 -0.9559 0.1365
vn 0.6166 -0.7653 0.1848
vn 0.7441 -0.6388 0.1955
vn 0.6687 -0.7436 0.0038
vn 0.7886 -0.6148 0.0045
vn -0.3057 -0.9521 0.0005
vn -0.2475 -0.9679 0.0450
vn 0.4477 -0.8790 0.1641
vn 0.5044 -0.8634 0.0015
vn 0.6881 -0.7019 -0.1841
vn 0.7983 -0.5715 -0.1901
vn 0.6718 -0.6408 -0.3715
vn 0.7713 -0.5102 -0.3805
vn -0.3024 -0.9496 -0.0822
vn -0.2278 -0.9717 -0.0618
vn -0.0608 -0.9810 -0.1843
vn -0.0617 -0.9941 -0.0888
vn 0.3480 -0.9251 -0.1516
vn 0.5332 -0.8284 -0.1716
vn 0.3546 -0.8819 -0.3105
vn 0.5298 -0.7730 -0.3490
vn 0.1456 -0.9816 -0.1237
vn 0.1546 -0.9543 -0.2556
vn -0.3294 -0.9292 -0.1673
vn -0.2465 -0.9527 -0.1778
vn -0.1085 -0.9213 -0.3734
vn -0.0727 -0.9578 -0.2782
vn 0.3300 -0.8184 -0.4705
vn 0.4905 -0.6967 -0.5234
vn 0.2722 -0.7339 -0.6223
vn 0.4139 -0.6001 -0.6845
vn 0.5237 -0.4625 -0.7154
vn 0.6174 -0.5607 -0.5518
vn 0.1386 -0.9108 -0.3889
vn 0.0956 -0.8484 -0.5206
vn 0.7063 -0.4320 -0.5608
vn 0.6022 -0.3386 -0.7230
vn -0.1578 -0.8763 -0.4552
vn 0.0261 -0.7730 -0.6339
vn -0.2288 -0.8223 -0.5210
vn -0.0664 -0.6880 -0.7227
vn 0.0719 -0.5281 -0.8462
vn 0.1837 -0.6339 -0.7513
vn 0.3979 -0.3525 -0.8470
vn 0.4662 -0.2366 -0.8524
vn 0.2553 -0.2437 -0.9356
vn 0.3152 -0.1373 -0.9390
vn -0.3883 -0.8911 -0.2348
vn -0.3082 -0.9093 -0.2798
vn 0.3054 -0.4889 -0.8171
vn 0.1767 -0.3758 -0.9097
vn -0.3078 -0.7674 -0.5625
vn -0.1754 -0.6055 -0.7763
vn -0.3979 -0.7136 -0.5766
vn -0.2955 -0.5297 -0.7950
vn -0.1914 -0.3429 -0.9197
vn -0.0551 -0.4284 -0.9019
vn 0.1091 -0.1459 -0.9833
vn 0.1636 -0.0476 -0.9854
vn -0.0359 -0.0636 -0.9973
vn 0.0172 0.0310 -0.9994
vn -0.4695 -0.8433 -0.2616
vn -0.4029 -0.8503 -0.3386
vn 0.0384 -0.2725 -0.9614
vn -0.1045 -0.1863 -0.9769
vn -0.5534 -0.7984 -0.2375
vn -0.5110 -0.7895 -0.3398
vn -0.5787 -0.6255 -0.5233
vn -0.4899 -0.6648 -0.5640
vn -0.3370 -0.2747 -0.9005
vn -0.2556 -0.1166 -0.9597
vn -0.4884 -0.2227 -0.8437
vn -0.4175 -0.0605 -0.9067
vn -0.3505 0.0695 -0.9340
vn -0.1867 0.0068 -0.9824
vn -0.4227 -0.4677 -0.7762
vn -0.5498 -0.4191 -0.7226
vn -0.1322 0.1039 -0.9858
vn -0.2936 0.1752 -0.9397
vn -0.6183 -0.7672 -0.1708
vn -0.6116 -0.7389 -0.2826
vn -0.7271 -0.5741 -0.3765
vn -0.6620 -0.5930 -0.4584
vn -0.6366 -0.1871 -0.7482
vn -0.5818 -0.0178 -0.8131
vn -0.7674 -0.1679 -0.6188
vn -0.7332 0.0093 -0.6799
vn -0.6822 0.1630 -0.7128
vn -0.5208 0.1233 -0.8447
vn -0.6704 -0.3859 -0.6338
vn -0.7709 -0.3673 -0.5204
vn -0.4623 0.2409 -0.8534
vn -0.6243 0.2932 -0.7241
vn -0.7775 -0.5627 -0.2810
vn -0.8464 -0.3641 -0.3886
vn -0.8041 -0.5645 -0.1862
vn -0.8917 -0.3740 -0.2552
vn -0.9342 -0.1801 -0.3079
vn -0.8686 -0.1658 -0.4669
vn -0.8154 0.1829 -0.5493
vn -0.7607 0.3245 -0.5622
vn -0.9110 0.1811 -0.3704
vn -0.8618 0.3327 -0.3829
vn -0.6512 -0.7542 -0.0842
vn -0.6825 -0.7082 -0.1806
vn -0.8547 0.0180 -0.5188
vn -0.9383 0.0072 -0.3459
vn -0.8149 -0.5726 -0.0895
vn -0.9098 -0.3963 -0.1235
vn -0.8074 -0.5900 -0.0053
vn -0.9044 -0.4266 -0.0038
vn -0.9683 -0.2497 -0.0023
vn -0.9662 -0.2092 -0.1505
vn -0.9696 0.1593 -0.1855
vn -0.9274 0.3197 -0.1940
vn -0.9928 0.1200 -0.0010
vn -0.9577 0.2877 -0.0016
vn -0.6517 -0.7585 0.0005
vn -0.7093 -0.7021 -0.0626
vn -0.9850 -0.0211 -0.1711
vn -0.9979 -0.0641 -0.0013
vn -0.6271 -0.7757 0.0712
vn -0.6953 -0.7173 0.0455
vn -0.7570 -0.6380 0.1411
vn -0.7878 -0.6112 0.0757
vn -0.9449 -0.2988 0.1335
vn -0.9803 -0.1186 0.1578
vn -0.9006 -0.3536 0.2529
vn -0.9361 -0.1815 0.3013
vn -0.9405 0.0009 0.3398
vn -0.9821 0.0662 0.1762
vn -0.8793 -0.4645 0.1054
vn -0.8393 -0.5060 0.1988
vn -0.9529 0.2387 0.1871
vn -0.9144 0.1754 0.3649
vn -0.8393 -0.4121 0.3546
vn -0.8696 -0.2500 0.4257
vn -0.7652 -0.4722 0.4375
vn -0.7852 -0.3217 0.5292
vn -0.7798 -0.1519 0.6074
vn -0.8716 -0.0727 0.4848
vn -0.7179 -0.6665 0.2010
vn -0.7867 -0.5510 0.2783
vn -0.6731 -0.6978 0.2450
vn -0.7261 -0.5966 0.3417
vn -0.8450 0.1009 0.5251
vn -0.7489 0.0183 0.6625
vn -0.5859 -0.8010 0.1229
vn -0.6510 -0.7475 0.1323
vn -0.6230 -0.7293 0.2828
vn -0.6583 -0.6434 0.3908
vn -0.5708 -0.7620 0.3058
vn -0.5864 -0.6894 0.4253
vn -0.5901 -0.5928 0.5480
vn -0.6812 -0.5329 0.5020
vn -0.6692 -0.2340 0.7053
vn -0.6302 -0.0694 0.7733
vn -0.5441 -0.3168 0.7769
vn -0.4938 -0.1592 0.8549
vn -0.5351 -0.8307 0.1536
vn -0.5872 -0.7866 0.1911
vn -0.6866 -0.3946 0.6106
vn -0.5773 -0.4673 0.6696
vn -0.4082 -0.3982 0.8215
vn -0.3443 -0.2483 0.9054
vn -0.5131 -0.8296 0.2201
vn -0.5156 -0.7939 0.3225
vn -0.4938 -0.6515 0.5759
vn -0.4601 -0.5385 0.7060
vn -0.5109 -0.7349 0.4459
vn 0.7686 -0.5149 -0.3798
vn 0.6644 -0.5002 -0.5553
vn 0.7812 -0.4957 -0.3795
vn 0.6889 -0.4677 -0.5537
vn 0.5689 -0.4185 -0.7080
vn 0.5306 -0.4585 -0.7129
vn 0.7968 -0.4691 -0.3808
vn 0.7132 -0.4289 -0.5544
vn 0.8056 -0.4529 -0.3820
vn 0.7260 -0.4059 -0.5551
vn 0.6184 -0.3433 -0.7069
vn 0.6020 -0.3712 -0.7070
vn 0.8145 -0.4372 -0.3814
vn 0.7376 -0.3849 -0.5548
vn 0.6317 -0.3180 -0.7070
vn -0.5190 0.4954 0.6965
vn -0.3745 0.4434 0.8143
vn -0.5673 0.4249 0.7054
vn -0.4283 0.3631 0.8275
vn -0.2734 0.2878 0.9178
vn -0.2168 0.3760 0.9009
vn -0.6008 0.3716 0.7078
vn -0.4669 0.3008 0.8316
vn -0.6179 0.3430 0.7075
vn -0.4866 0.2673 0.8317
vn -0.3368 0.1813 0.9240
vn -0.3152 0.2186 0.9235
vn -0.6314 0.3176 0.7074
vn -0.5022 0.2383 0.8313
vn -0.3538 0.1499 0.9232
vn 0.4317 0.0087 0.9020
vn 0.5711 -0.0922 0.8157
vn 0.3859 -0.0864 0.9185
vn 0.5303 -0.1811 0.8282
vn 0.6550 -0.2690 0.7062
vn 0.6906 -0.1900 0.6978
vn 0.3487 -0.1585 0.9237
vn 0.4972 -0.2467 0.8318
vn 0.3284 -0.1961 0.9240
vn 0.4791 -0.2806 0.8317
vn 0.6115 -0.3543 0.7075
vn 0.6267 -0.3255 0.7080
vn 0.3116 -0.2247 0.9233
vn 0.4641 -0.3056 0.8314
vn 0.5990 -0.3749 0.7075
vn -0.7469 0.5440 0.3823
vn -0.6450 0.5296 0.5509
vn -0.7768 0.4986 0.3847
vn -0.6850 0.4707 0.5560
vn -0.7955 0.4684 0.3844
vn -0.7118 0.4282 0.5568
vn -0.8051 0.4526 0.3834
vn -0.7254 0.4056 0.5561
vn -0.8135 0.4370 0.3837
vn -0.7366 0.3847 0.5562
vn 0.1147 0.2059 0.9718
vn 0.2777 0.1092 0.9544
vn 0.0605 0.1086 0.9922
vn 0.2273 0.0113 0.9738
vn 0.0181 0.0325 0.9993
vn 0.1870 -0.0642 0.9803
vn -0.0045 -0.0080 1.0000
vn 0.1652 -0.1041 0.9808
vn -0.0228 -0.0405 0.9989
vn 0.1473 -0.1352 0.9798
vn -0.3573 0.0279 -0.9336
vn -0.5246 0.1205 -0.8427
vn -0.3596 0.0972 -0.9280
vn -0.5170 0.1866 -0.8354
vn -0.6509 0.2734 -0.7082
vn -0.6664 0.2187 -0.7128
vn -0.3427 0.1622 -0.9253
vn -0.4950 0.2486 -0.8326
vn -0.3282 0.1962 -0.9240
vn -0.4794 0.2807 -0.8315
vn -0.6121 0.3546 -0.7069
vn -0.6272 0.3266 -0.7071
vn -0.3132 0.2200 -0.9239
vn -0.4655 0.3030 -0.8316
vn -0.6005 0.3739 -0.7068
vn -0.7707 0.3126 -0.5552
vn -0.7547 0.3517 -0.5539
vn -0.8259 0.4168 -0.3796
vn -0.8366 0.3949 -0.3797
vn -0.7337 0.3929 -0.5544
vn -0.7210 0.4148 -0.5550
vn -0.8021 0.4590 -0.3820
vn -0.8110 0.4441 -0.3809
vn -0.7126 0.4295 -0.5547
vn -0.7971 0.4680 -0.3815
vn -0.0520 0.2959 0.9538
vn -0.1085 0.2019 0.9734
vn -0.1515 0.1280 0.9801
vn -0.1740 0.0884 0.9808
vn -0.1919 0.0558 0.9798
vn 0.3749 -0.3870 -0.8424
vn 0.4264 -0.3477 -0.8350
vn 0.2700 -0.2588 -0.9274
vn 0.2116 -0.2919 -0.9327
vn 0.4675 -0.2977 -0.8324
vn 0.4869 -0.2673 -0.8316
vn 0.3367 -0.1809 -0.9241
vn 0.3155 -0.2111 -0.9251
vn 0.5007 -0.2394 -0.8319
vn 0.3504 -0.1525 -0.9241
vn 0.8502 -0.3613 0.3829
vn 0.8822 -0.4275 0.1973
vn 0.8261 -0.4115 0.3850
vn 0.8653 -0.4604 0.1981
vn 0.8709 -0.4914 0.0033
vn 0.8791 -0.4766 0.0030
vn 0.8097 -0.4433 0.3844
vn 0.8561 -0.4777 0.1971
vn 0.8016 -0.4588 0.3834
vn 0.8521 -0.4854 0.1959
vn 0.8698 -0.4934 0.0008
vn 0.8696 -0.4937 0.0021
vn 0.7958 -0.4682 0.3841
vn 0.8501 -0.4886 0.1967
vn 0.8717 -0.4901 0.0017
vn 0.7852 -0.2809 0.5518
vn 0.7550 -0.3468 0.5565
vn 0.7323 -0.3919 0.5569
vn 0.7204 -0.4145 0.5561
vn 0.7110 -0.4298 0.5565
vn 0.0628 -0.1939 -0.9790
vn 0.1122 -0.1625 -0.9803
vn -0.0394 -0.0726 -0.9966
vn -0.0619 -0.1158 -0.9913
vn 0.1536 -0.1169 -0.9812
vn 0.1739 -0.0877 -0.9809
vn 0.0048 0.0086 -1.0000
vn -0.0118 -0.0217 -0.9997
vn 0.1876 -0.0602 -0.9804
vn 0.0190 0.0345 -0.9992
vn -0.8604 0.5096 0.0030
vn -0.8200 0.5374 0.1971
vn -0.8682 0.4962 0.0033
vn -0.8387 0.5073 0.1980
vn -0.8695 0.4940 0.0021
vn -0.8488 0.4907 0.1970
vn -0.8698 0.4934 0.0008
vn -0.8538 0.4823 0.1958
vn -0.8718 0.4899 0.0013
vn -0.8592 0.4725 0.1963
vn -0.8662 0.4614 -0.1919
vn -0.8640 0.4656 -0.1917
vn -0.8567 0.4783 -0.1930
vn -0.8524 0.4855 -0.1943
vn -0.8508 0.4884 -0.1938
vn -0.1944 -0.0498 -0.9797
vn -0.1949 0.0109 -0.9808
vn -0.1786 0.0714 -0.9813
vn -0.1646 0.1043 -0.9808
vn -0.1496 0.1291 -0.9803
vn 0.8407 -0.5063 -0.1918
vn 0.8425 -0.5034 -0.1917
vn 0.8496 -0.4909 -0.1931
vn 0.8541 -0.4824 -0.1943
vn 0.8597 -0.4728 -0.1935
vn -0.3196 0.5741 0.7539
vn -0.3607 0.6480 0.6709
vn -0.4753 0.5809 0.6608
vn -0.4480 0.4980 0.7425
vn -0.3927 0.7054 0.5902
vn -0.4935 0.6473 0.5809
vn -0.5912 0.5870 0.5531
vn -0.5856 0.5097 0.6302
vn -0.5706 0.4157 0.7082
vn -0.4507 0.8096 0.3760
vn -0.4769 0.8565 0.1972
vn -0.5144 0.8180 0.2573
vn -0.5148 0.7728 0.3710
vn -0.4864 0.8736 -0.0122
vn -0.5430 0.8195 0.1834
vn -0.5775 0.7375 0.3501
vn -0.1799 0.3229 0.9292
vn -0.2564 0.4603 0.8499
vn -0.4000 0.3744 0.8365
vn -0.3360 0.2294 0.9135
vn -0.5361 0.2812 0.7959
vn -0.4831 0.1297 0.8659
vn -0.4222 0.7585 0.4964
vn -0.5070 0.7104 0.4881
vn -0.5894 0.6615 0.4637
vn -0.5989 0.7700 0.2203
vn -0.6362 0.7021 0.3197
vn -0.6010 0.7863 0.1432
vn -0.6893 0.6706 0.2742
vn -0.6613 0.1824 0.7276
vn -0.6167 0.0264 0.7868
vn -0.6853 0.3279 0.6503
vn -0.7888 0.2357 0.5676
vn -0.7714 0.0797 0.6314
vn -0.7317 -0.0775 0.6772
vn -0.6668 0.6137 0.4228
vn -0.6834 0.5258 0.5064
vn -0.7378 0.5672 0.3660
vn -0.7682 0.4644 0.4407
vn -0.6898 0.4351 0.5787
vn -0.7851 0.3580 0.5054
vn -0.8612 -0.0245 0.5077
vn -0.8230 -0.1788 0.5391
vn -0.8768 0.1407 0.4598
vn -0.9440 0.0452 0.3270
vn -0.9250 -0.1267 0.3582
vn -0.8852 -0.2733 0.3766
vn -0.7992 0.5243 0.2940
vn -0.8424 0.4046 0.3560
vn -0.7354 0.6407 0.2204
vn -0.7718 0.6170 0.1535
vn -0.8494 0.4854 0.2073
vn -0.9028 0.3480 0.2526
vn -0.8681 0.2799 0.4099
vn -0.9347 0.2027 0.2920
vn -0.6666 0.7302 0.1498
vn -0.6433 0.7615 0.0800
vn -0.9797 0.1295 0.1529
vn -0.9841 -0.0471 0.1711
vn -0.9458 0.2969 0.1319
vn -0.9673 0.2535 -0.0048
vn -0.9980 0.0637 -0.0051
vn -0.9914 -0.1311 -0.0038
vn -0.7080 0.7042 0.0526
vn -0.7986 0.5965 0.0803
vn -0.6628 0.7488 0.0001
vn -0.8112 0.5848 -0.0026
vn -0.9568 -0.2227 0.1870
vn -0.9136 -0.3568 0.1952
vn -0.9517 -0.3070 0.0005
vn -0.9053 -0.4248 0.0028
vn -0.8849 0.4531 0.1080
vn -0.9038 0.4280 -0.0035
vn -0.9840 0.0099 -0.1779
vn -0.9608 -0.2008 -0.1913
vn -0.9630 0.2210 -0.1541
vn -0.9281 0.2012 -0.3134
vn -0.9323 -0.0275 -0.3606
vn -0.8887 -0.2499 -0.3844
vn -0.7147 0.6968 -0.0611
vn -0.8116 0.5775 -0.0886
vn -0.6542 0.7512 -0.0875
vn -0.7940 0.5809 -0.1791
vn -0.9072 -0.3739 -0.1931
vn -0.8596 -0.4736 -0.1921
vn -0.8227 -0.4175 -0.3857
vn -0.7778 -0.4995 -0.3815
vn -0.9026 0.4125 -0.1229
vn -0.8787 0.4066 -0.2499
vn -0.6959 -0.4312 -0.5743
vn -0.6607 -0.4983 -0.5614
vn -0.7667 -0.2713 -0.5818
vn -0.5811 -0.2520 -0.7738
vn -0.5222 -0.4016 -0.7524
vn -0.5087 -0.4615 -0.7268
vn -0.8265 0.4113 -0.3844
vn -0.8525 0.1956 -0.4848
vn -0.7610 0.5888 -0.2724
vn -0.7034 0.6079 -0.3684
vn -0.7343 0.4253 -0.5291
vn -0.7172 0.2045 -0.6662
vn -0.8308 -0.0444 -0.5547
vn -0.6587 -0.0344 -0.7517
vn -0.6802 0.7110 -0.1786
vn -0.6131 0.7707 -0.1737
vn -0.3227 -0.3217 -0.8901
vn -0.3346 -0.3838 -0.8607
vn -0.3579 -0.1889 -0.9145
vn -0.1651 -0.1092 -0.9802
vn -0.1442 -0.2159 -0.9657
vn -0.1647 -0.2788 -0.9461
vn -0.6085 0.4441 -0.6576
vn -0.5348 0.2229 -0.8150
vn -0.6281 0.6289 -0.4582
vn -0.5436 0.6562 -0.5234
vn -0.4771 0.4627 -0.7472
vn -0.3595 0.2404 -0.9016
vn -0.4374 0.0003 -0.8993
vn -0.2397 0.0400 -0.9700
vn -0.5988 0.7475 -0.2875
vn -0.5443 0.8034 -0.2413
vn -0.1127 0.0684 -0.9913
vn -0.0454 -0.0490 -0.9978
vn -0.2332 0.2559 -0.9382
vn -0.1606 0.2775 -0.9472
vn -0.0553 0.0871 -0.9947
vn 0.0049 -0.0210 -0.9998
vn -0.5005 0.7941 -0.3448
vn -0.4669 0.6818 -0.5632
vn -0.4697 0.8418 -0.2660
vn -0.4006 0.7144 -0.5737
vn -0.0229 -0.1276 -0.9916
vn -0.0299 -0.1809 -0.9830
vn 0.0401 -0.0826 -0.9958
vn 0.0617 -0.1187 -0.9910
vn -0.3693 0.4834 -0.7937
vn -0.2902 0.5129 -0.8079
vn -0.0082 0.1273 -0.9918
vn 0.0570 0.0073 -0.9983
vn -0.1035 0.3295 -0.9385
vn -0.0213 0.4314 -0.9019
vn 0.0865 0.2230 -0.9710
vn 0.1757 0.0795 -0.9812
vn -0.4136 0.8426 -0.3448
vn -0.3377 0.7543 -0.5630
vn -0.3971 0.8856 -0.2409
vn -0.2747 0.8070 -0.5228
vn 0.1135 -0.0531 -0.9921
vn 0.1643 -0.0735 -0.9837
vn 0.2567 0.0056 -0.9665
vn 0.3213 -0.0080 -0.9469
vn -0.2232 0.5660 -0.7936
vn -0.1473 0.6485 -0.7468
vn 0.4443 0.1047 -0.8897
vn 0.5022 0.0850 -0.8606
vn 0.3495 0.2044 -0.9144
vn 0.5225 0.3624 -0.7718
vn 0.6178 0.2346 -0.7505
vn 0.6596 0.1953 -0.7258
vn -0.0600 0.7521 -0.6563
vn 0.0892 0.5736 -0.8143
vn -0.2059 0.8652 -0.4572
vn -0.1472 0.9186 -0.3667
vn 0.0240 0.8496 -0.5269
vn 0.2032 0.7197 -0.6639
vn 0.2287 0.3731 -0.8992
vn 0.3770 0.5439 -0.7497
vn -0.3213 0.9025 -0.2869
vn -0.3325 0.9271 -0.1730
vn 0.0852 0.9201 -0.3822
vn 0.2828 0.8292 -0.4822
vn -0.1000 0.9574 -0.2709
vn -0.0756 0.9811 -0.1783
vn 0.1170 0.9615 -0.2485
vn 0.3179 0.8955 -0.3116
vn 0.4763 0.6844 -0.5519
vn 0.6359 0.5101 -0.5791
vn 0.5149 0.7786 -0.3587
vn 0.6808 0.6246 -0.3826
vn -0.2462 0.9528 -0.1778
vn -0.2939 0.9519 -0.0872
vn 0.7331 0.3677 -0.5721
vn 0.7692 0.3071 -0.5604
vn 0.7867 0.4830 -0.3843
vn 0.8302 0.4071 -0.3809
vn 0.5101 0.8417 -0.1771
vn 0.6765 0.7114 -0.1906
vn 0.3196 0.9351 -0.1534
vn 0.2942 0.9557 -0.0048
vn 0.4716 0.8818 -0.0050
vn 0.6332 0.7740 -0.0037
vn -0.2159 0.9745 -0.0609
vn -0.0636 0.9941 -0.0880
vn -0.2871 0.9579 0.0001
vn -0.0698 0.9976 -0.0026
vn 0.7932 0.5778 -0.1926
vn 0.8500 0.4906 -0.1919
vn 0.7593 0.6507 0.0006
vn 0.8319 0.5549 0.0028
vn 0.1248 0.9846 -0.1224
vn 0.1123 0.9937 -0.0034
vn -0.2256 0.9728 0.0526
vn -0.0863 0.9930 0.0803
vn -0.3082 0.9480 0.0799
vn -0.1178 0.9811 0.1534
vn -0.8749 -0.4844 0.0030
vn -0.8686 -0.4567 -0.1923
vn -0.8716 -0.4509 -0.1921
vn -0.8726 -0.4884 0.0034
vn -0.8282 -0.4115 -0.3803
vn -0.8356 -0.3963 -0.3804
vn -0.8219 -0.4231 -0.3814
vn -0.8546 -0.4825 -0.1919
vn -0.8513 -0.5246 0.0038
vn -0.0404 0.0728 -0.9965
vn 0.1242 0.1633 -0.9787
vn 0.1009 0.1847 -0.9776
vn -0.0561 0.1004 -0.9934
vn 0.2866 0.2518 -0.9244
vn 0.2608 0.2694 -0.9270
vn 0.2601 0.2459 -0.9338
vn 0.1010 0.1668 -0.9808
vn -0.0498 0.0889 -0.9948
vn 0.6902 0.6991 0.1868
vn 0.7781 0.5972 0.1949
vn 0.5580 0.8121 0.1710
vn 0.4585 0.8264 0.3268
vn 0.5920 0.7222 0.3577
vn 0.6923 0.6161 0.3758
vn 0.0811 0.9908 0.1079
vn 0.2460 0.9603 0.1318
vn 0.0350 0.9777 0.2072
vn 0.1800 0.9507 0.2525
vn 0.7911 0.4782 -0.3814
vn 0.8506 0.4888 -0.1938
vn 0.8572 0.4765 -0.1956
vn 0.7918 0.4755 -0.3834
vn 0.8771 0.4803 0.0013
vn 0.8889 0.4580 -0.0006
vn 0.9152 0.4030 -0.0020
vn 0.8820 0.4283 -0.1967
vn 0.8143 0.4340 -0.3854
vn 0.8696 0.4531 0.1962
vn 0.8860 0.4211 0.1941
vn 0.8285 0.4083 0.3833
vn 0.8487 0.3672 0.3806
vn 0.8768 0.3000 0.3759
vn 0.9133 0.3596 0.1915
vn 0.4061 0.9010 0.1528
vn 0.3201 0.9013 0.2919
vn -0.3669 -0.1066 -0.9241
vn -0.2051 -0.0173 -0.9786
vn -0.2133 0.0168 -0.9768
vn -0.3721 -0.0688 -0.9256
vn -0.1998 0.0101 -0.9798
vn -0.3550 -0.0750 -0.9319
vn 0.4718 0.7214 0.5070
vn 0.5797 0.6119 0.5380
vn 0.3420 0.8196 0.4597
vn 0.2149 0.7948 0.5675
vn 0.3364 0.6994 0.6306
vn 0.4466 0.5865 0.6757
vn -0.0245 0.9555 0.2939
vn 0.0999 0.9292 0.3559
vn -0.1569 0.9627 0.2202
vn -0.2068 0.9392 0.2741
vn -0.0933 0.9259 0.3660
vn 0.0101 0.8976 0.4407
vn -0.5786 -0.4073 0.7066
vn -0.6959 -0.4537 0.5567
vn -0.6749 -0.4862 0.5551
vn -0.5523 -0.4478 0.7032
vn -0.7866 -0.4828 0.3850
vn -0.7719 -0.5063 0.3846
vn -0.7410 -0.5516 0.3829
vn -0.6398 -0.5358 0.5509
vn -0.5138 -0.5018 0.6959
vn -0.8471 -0.4931 0.1980
vn -0.8388 -0.5071 0.1983
vn -0.8127 -0.5479 0.1981
vn 0.2195 0.8854 0.4098
vn 0.1093 0.8559 0.5054
vn -0.2693 0.9514 0.1496
vn -0.3515 0.9252 0.1430
vn -0.6501 -0.2766 -0.7077
vn -0.5181 -0.1939 -0.8330
vn -0.5247 -0.1569 -0.8367
vn -0.6594 -0.2450 -0.7108
vn -0.5084 -0.1666 -0.8449
vn -0.6459 -0.2607 -0.7175
vn 0.3810 0.0977 0.9194
vn 0.2207 0.0023 0.9753
vn 0.2538 -0.0609 0.9653
vn 0.4123 0.0348 0.9104
vn 0.0522 -0.0932 0.9943
vn 0.0865 -0.1549 0.9841
vn 0.1255 -0.2248 0.9663
vn 0.2904 -0.1337 0.9475
vn 0.4464 -0.0398 0.8939
vn 0.5821 0.3995 -0.7082
vn 0.7006 0.4485 -0.5550
vn 0.6946 0.4541 -0.5580
vn 0.5680 0.4112 -0.7130
vn 0.7132 0.4186 -0.5623
vn 0.5799 0.3801 -0.7206
vn -0.0064 0.8155 0.5787
vn 0.0821 0.7554 0.6501
vn -0.0867 0.8579 0.5064
vn -0.1874 0.8118 0.5531
vn -0.1247 0.7663 0.6302
vn -0.0528 0.7041 0.7081
vn -0.3389 0.9147 0.2203
vn -0.2616 0.9107 0.3197
vn -0.4105 0.8932 0.1834
vn -0.3226 0.8794 0.3501
vn 0.4415 0.3325 -0.8334
vn 0.4195 0.3476 -0.8386
vn 0.4235 0.3200 -0.8475
vn -0.1181 -0.1852 0.9756
vn -0.0836 -0.2436 0.9663
vn -0.2841 -0.2703 0.9199
vn -0.2509 -0.3240 0.9122
vn -0.2096 -0.3864 0.8982
vn -0.0430 -0.3100 0.9498
vn 0.1918 0.6596 0.7268
vn 0.2988 0.5422 0.7853
vn 0.0424 0.6048 0.7953
vn 0.1419 0.4817 0.8648
vn -0.1702 0.8901 0.4228
vn -0.2517 0.8495 0.4637
vn 0.7555 0.3478 0.5553
vn 0.7790 0.2985 0.5514
vn 0.6537 0.2738 0.7055
vn 0.6800 0.2180 0.7000
vn 0.7102 0.1439 0.6892
vn 0.8079 0.2270 0.5439
vn -0.2433 0.7101 0.6608
vn -0.1873 0.6432 0.7425
vn -0.2901 0.7605 0.5809
vn -0.4243 0.8682 0.2573
vn -0.3856 0.8448 0.3710
vn -0.4396 -0.3453 0.8292
vn -0.4090 -0.3929 0.8236
vn -0.3685 -0.4512 0.8128
vn 0.5272 0.1893 0.8284
vn 0.5561 0.1290 0.8210
vn 0.5880 0.0538 0.8071
vn -0.1080 0.5377 0.8362
vn -0.0192 0.4078 0.9129
vn -0.3367 0.8052 0.4881
vn -0.7549 -0.3505 -0.5543
vn -0.7647 -0.3267 -0.5554
vn -0.7525 -0.3484 -0.5588
vn 0.4600 -0.8262 0.3253
vn 0.4336 -0.7790 0.4529
vn 0.3550 -0.8214 0.4464
vn 0.4030 -0.8567 0.3220
vn 0.3939 -0.7081 0.5860
vn 0.2919 -0.7619 0.5782
vn 0.1893 -0.8119 0.5522
vn 0.2762 -0.8615 0.4261
vn 0.3475 -0.8867 0.3049
vn 0.2648 -0.4766 0.8383
vn 0.1862 -0.3343 0.9239
vn 0.0241 -0.4146 0.9097
vn 0.1177 -0.5499 0.8269
vn -0.1370 -0.4867 0.8628
vn -0.0297 -0.6162 0.7870
vn 0.4875 -0.8729 -0.0196
vn 0.4799 -0.8620 0.1633
vn 0.4351 -0.8732 0.2195
vn 0.4246 -0.8924 0.1524
vn 0.3374 -0.6069 0.7196
vn 0.2115 -0.6713 0.7103
vn 0.0850 -0.7304 0.6777
vn 0.3603 -0.9134 0.1895
vn 0.3737 -0.9196 0.1210
vn 0.2924 -0.9139 0.2815
vn 0.2402 -0.9397 0.2436
vn -0.0396 -0.7825 0.6214
vn 0.0879 -0.8571 0.5076
vn -0.1734 -0.6736 0.7185
vn -0.3091 -0.7194 0.6220
vn -0.1592 -0.8258 0.5411
vn -0.0108 -0.8961 0.4438
vn 0.1989 -0.8982 0.3919
vn 0.1229 -0.9313 0.3429
vn -0.2923 -0.5480 0.7838
vn -0.4362 -0.5960 0.6742
vn -0.2702 -0.8579 0.4372
vn -0.1038 -0.9270 0.3606
vn -0.4317 -0.7515 0.4989
vn -0.5360 -0.7675 0.3517
vn -0.3679 -0.8764 0.3107
vn -0.1883 -0.9477 0.2577
vn 0.0515 -0.9588 0.2794
vn 0.1904 -0.9612 0.1995
vn -0.0150 -0.9798 0.1996
vn 0.1466 -0.9793 0.1399
vn -0.5632 -0.6284 0.5366
vn -0.6675 -0.6432 0.3752
vn 0.2950 -0.9465 0.1306
vn 0.3320 -0.9407 0.0698
vn -0.0715 -0.9918 0.1059
vn 0.1080 -0.9913 0.0749
vn -0.2600 -0.9559 0.1365
vn -0.3151 -0.9491 -0.0013
vn -0.1170 -0.9931 -0.0037
vn 0.0805 -0.9967 -0.0052
vn -0.7441 -0.6388 0.1955
vn -0.6166 -0.7653 0.1848
vn -0.7886 -0.6148 0.0045
vn -0.6687 -0.7435 0.0038
vn 0.2474 -0.9679 0.0450
vn 0.3057 -0.9521 0.0005
vn -0.4477 -0.8790 0.1641
vn -0.5044 -0.8634 0.0015
vn -0.7983 -0.5715 -0.1901
vn -0.6881 -0.7019 -0.1841
vn -0.7713 -0.5102 -0.3805
vn -0.6718 -0.6408 -0.3715
vn 0.2278 -0.9717 -0.0618
vn 0.3025 -0.9496 -0.0822
vn 0.0617 -0.9941 -0.0888
vn 0.0609 -0.9810 -0.1843
vn -0.5332 -0.8284 -0.1716
vn -0.3480 -0.9251 -0.1516
vn -0.5298 -0.7730 -0.3490
vn -0.3546 -0.8819 -0.3105
vn -0.1456 -0.9816 -0.1237
vn -0.1546 -0.9543 -0.2556
vn 0.2465 -0.9527 -0.1778
vn 0.3294 -0.9292 -0.1674
vn 0.0727 -0.9578 -0.2782
vn 0.1085 -0.9213 -0.3734
vn -0.4905 -0.6967 -0.5234
vn -0.3300 -0.8184 -0.4705
vn -0.6174 -0.5607 -0.5518
vn -0.5237 -0.4625 -0.7154
vn -0.4139 -0.6001 -0.6845
vn -0.2722 -0.7339 -0.6223
vn -0.1386 -0.9108 -0.3889
vn -0.0956 -0.8484 -0.5206
vn -0.7063 -0.4320 -0.5608
vn -0.6022 -0.3386 -0.7230
vn -0.0261 -0.7730 -0.6339
vn 0.1578 -0.8763 -0.4552
vn -0.1837 -0.6339 -0.7513
vn -0.0719 -0.5281 -0.8462
vn 0.0664 -0.6880 -0.7227
vn 0.2288 -0.8223 -0.5210
vn -0.4662 -0.2366 -0.8524
vn -0.3979 -0.3525 -0.8470
vn -0.3152 -0.1373 -0.9390
vn -0.2553 -0.2437 -0.9356
vn 0.3082 -0.9093 -0.2798
vn 0.3883 -0.8911 -0.2348
vn -0.3054 -0.4889 -0.8171
vn -0.1767 -0.3758 -0.9097
vn 0.1754 -0.6055 -0.7763
vn 0.3078 -0.7674 -0.5625
vn 0.0551 -0.4284 -0.9019
vn 0.1912 -0.3429 -0.9197
vn 0.2955 -0.5297 -0.7950
vn 0.3979 -0.7136 -0.5766
vn -0.1636 -0.0476 -0.9854
vn -0.1091 -0.1459 -0.9833
vn -0.0172 0.0310 -0.9994
vn 0.0359 -0.0636 -0.9973
vn 0.4029 -0.8503 -0.3386
vn 0.4695 -0.8433 -0.2616
vn -0.0384 -0.2725 -0.9614
vn 0.1045 -0.1863 -0.9769
vn 0.5107 -0.7897 -0.3398
vn 0.5534 -0.7984 -0.2375
vn 0.4899 -0.6648 -0.5640
vn 0.5787 -0.6255 -0.5233
vn 0.2556 -0.1166 -0.9597
vn 0.3370 -0.2747 -0.9005
vn 0.1867 0.0068 -0.9824
vn 0.3505 0.0695 -0.9340
vn 0.4175 -0.0605 -0.9067
vn 0.4884 -0.2227 -0.8437
vn 0.4227 -0.4677 -0.7762
vn 0.5498 -0.4191 -0.7226
vn 0.1322 0.1039 -0.9858
vn 0.2936 0.1752 -0.9397
vn 0.6116 -0.7389 -0.2826
vn 0.6183 -0.7672 -0.1708
vn 0.6620 -0.5930 -0.4584
vn 0.7271 -0.5741 -0.3765
vn 0.5818 -0.0178 -0.8131
vn 0.6366 -0.1871 -0.7482
vn 0.5208 0.1233 -0.8447
vn 0.6822 0.1630 -0.7128
vn 0.7332 0.0093 -0.6799
vn 0.7674 -0.1679 -0.6188
vn 0.6704 -0.3859 -0.6338
vn 0.7709 -0.3673 -0.5204
vn 0.4623 0.2409 -0.8534
vn 0.6243 0.2932 -0.7241
vn 0.8464 -0.3641 -0.3886
vn 0.7775 -0.5627 -0.2810
vn 0.8686 -0.1658 -0.4669
vn 0.9342 -0.1801 -0.3079
vn 0.8917 -0.3740 -0.2552
vn 0.8041 -0.5645 -0.1862
vn 0.7607 0.3245 -0.5622
vn 0.8154 0.1829 -0.5493
vn 0.8618 0.3327 -0.3829
vn 0.9110 0.1811 -0.3704
vn 0.6825 -0.7082 -0.1806
vn 0.6512 -0.7542 -0.0842
vn 0.8547 0.0180 -0.5188
vn 0.9383 0.0072 -0.3459
vn 0.9098 -0.3963 -0.1235
vn 0.8149 -0.5726 -0.0899
vn 0.9662 -0.2092 -0.1505
vn 0.9683 -0.2497 -0.0023
vn 0.9044 -0.4266 -0.0038
vn 0.8074 -0.5900 -0.0053
vn 0.9274 0.3197 -0.1940
vn 0.9696 0.1593 -0.1855
vn 0.9577 0.2877 -0.0016
vn 0.9928 0.1200 -0.0010
vn 0.7093 -0.7021 -0.0630
vn 0.6517 -0.7585 0.0005
vn 0.9850 -0.0211 -0.1711
vn 0.9979 -0.0641 -0.0013
vn 0.6953 -0.7173 0.0455
vn 0.6271 -0.7757 0.0712
vn 0.7878 -0.6112 0.0757
vn 0.7570 -0.6380 0.1411
vn 0.9803 -0.1186 0.1578
vn 0.9449 -0.2988 0.1335
vn 0.9821 0.0662 0.1762
vn 0.9405 0.0009 0.3398
vn 0.9361 -0.1815 0.3013
vn 0.9006 -0.3536 0.2529
vn 0.8793 -0.4645 0.1054
vn 0.8393 -0.5060 0.1988
vn 0.9529 0.2387 0.1871
vn 0.9144 0.1754 0.3649
vn 0.8697 -0.2500 0.4257
vn 0.8393 -0.4121 0.3546
vn 0.8716 -0.0727 0.4848
vn 0.7797 -0.1518 0.6074
vn 0.7852 -0.3217 0.5292
vn 0.7652 -0.4722 0.4375
vn 0.7867 -0.5510 0.2783
vn 0.7179 -0.6665 0.2010
vn 0.7261 -0.5966 0.3417
vn 0.6731 -0.6978 0.2450
vn 0.8450 0.1009 0.5251
vn 0.7489 0.0183 0.6625
vn 0.6510 -0.7475 0.1323
vn 0.5859 -0.8010 0.1229
vn 0.6583 -0.6434 0.3908
vn 0.6230 -0.7293 0.2828
vn 0.6812 -0.5329 0.5020
vn 0.5901 -0.5928 0.5480
vn 0.5864 -0.6894 0.4253
vn 0.5708 -0.7620 0.3058
vn 0.6302 -0.0694 0.7733
vn 0.6692 -0.2340 0.7053
vn 0.4938 -0.1592 0.8549
vn 0.5441 -0.3168 0.7769
vn 0.5872 -0.7866 0.1911
vn 0.5351 -0.8307 0.1536
vn 0.6866 -0.3947 0.6106
vn 0.5773 -0.4673 0.6696
vn 0.3443 -0.2483 0.9054
vn 0.4082 -0.3982 0.8215
vn 0.5131 -0.8296 0.2201
vn 0.5156 -0.7939 0.3225
vn 0.4601 -0.5385 0.7060
vn 0.4938 -0.6515 0.5759
vn 0.5109 -0.7349 0.4459
vn -0.6644 -0.5002 -0.5553
vn -0.7686 -0.5149 -0.3798
vn -0.5306 -0.4585 -0.7129
vn -0.5689 -0.4185 -0.7080
vn -0.6889 -0.4677 -0.5537
vn -0.7812 -0.4957 -0.3795
vn -0.7132 -0.4289 -0.5544
vn -0.7968 -0.4691 -0.3808
vn -0.6020 -0.3712 -0.7070
vn -0.6184 -0.3433 -0.7069
vn -0.7260 -0.4060 -0.5551
vn -0.8056 -0.4529 -0.3820
vn -0.7376 -0.3849 -0.5548
vn -0.8145 -0.4372 -0.3814
vn -0.6317 -0.3180 -0.7070
vn 0.3745 0.4434 0.8143
vn 0.5190 0.4954 0.6965
vn 0.2168 0.3760 0.9009
vn 0.2734 0.2878 0.9178
vn 0.4283 0.3631 0.8275
vn 0.5673 0.4249 0.7054
vn 0.4669 0.3008 0.8316
vn 0.6008 0.3716 0.7078
vn 0.3152 0.2186 0.9235
vn 0.3368 0.1813 0.9240
vn 0.4866 0.2673 0.8317
vn 0.6179 0.3430 0.7075
vn 0.5022 0.2383 0.8313
vn 0.6314 0.3176 0.7074
vn 0.3538 0.1499 0.9232
vn -0.5711 -0.0922 0.8157
vn -0.4317 0.0087 0.9020
vn -0.6906 -0.1900 0.6978
vn -0.6550 -0.2690 0.7062
vn -0.5303 -0.1811 0.8282
vn -0.3859 -0.0864 0.9185
vn -0.4972 -0.2467 0.8318
vn -0.3487 -0.1585 0.9237
vn -0.6267 -0.3255 0.7080
vn -0.6115 -0.3543 0.7075
vn -0.4791 -0.2806 0.8317
vn -0.3284 -0.1961 0.9240
vn -0.4641 -0.3056 0.8314
vn -0.3116 -0.2247 0.9233
vn -0.5990 -0.3749 0.7075
vn 0.6450 0.5296 0.5509
vn 0.7469 0.5440 0.3823
vn 0.6850 0.4707 0.5560
vn 0.7768 0.4986 0.3847
vn 0.7118 0.4282 0.5568
vn 0.7955 0.4684 0.3844
vn 0.7254 0.4056 0.5561
vn 0.8051 0.4526 0.3834
vn 0.7366 0.3847 0.5562
vn 0.8135 0.4370 0.3837
vn -0.2777 0.1092 0.9544
vn -0.1147 0.2059 0.9718
vn -0.2273 0.0113 0.9738
vn -0.0605 0.1086 0.9922
vn -0.1870 -0.0642 0.9803
vn -0.0181 0.0325 0.9993
vn -0.1652 -0.1041 0.9808
vn 0.0045 -0.0080 1.0000
vn -0.1473 -0.1352 0.9798
vn 0.0228 -0.0405 0.9989
vn 0.5246 0.1205 -0.8427
vn 0.3573 0.0279 -0.9336
vn 0.6664 0.2187 -0.7128
vn 0.6509 0.2734 -0.7082
vn 0.5170 0.1866 -0.8354
vn 0.3596 0.0972 -0.9280
vn 0.4950 0.2486 -0.8326
vn 0.3427 0.1622 -0.9253
vn 0.6272 0.3267 -0.7071
vn 0.6121 0.3546 -0.7068
vn 0.4794 0.2807 -0.8315
vn 0.3282 0.1962 -0.9240
vn 0.4655 0.3030 -0.8316
vn 0.3132 0.2200 -0.9239
vn 0.6006 0.3739 -0.7068
vn 0.7707 0.3126 -0.5552
vn 0.8366 0.3949 -0.3797
vn 0.8259 0.4168 -0.3796
vn 0.7547 0.3517 -0.5539
vn 0.7337 0.3929 -0.5544
vn 0.8110 0.4441 -0.3809
vn 0.8021 0.4590 -0.3820
vn 0.7210 0.4148 -0.5550
vn 0.7126 0.4295 -0.5547
vn 0.7971 0.4680 -0.3815
vn 0.0520 0.2959 0.9538
vn 0.1085 0.2019 0.9734
vn 0.1515 0.1280 0.9801
vn 0.1740 0.0884 0.9808
vn 0.1919 0.0558 0.9798
vn -0.3749 -0.3870 -0.8424
vn -0.2116 -0.2919 -0.9327
vn -0.2700 -0.2588 -0.9274
vn -0.4264 -0.3477 -0.8350
vn -0.4675 -0.2977 -0.8324
vn -0.3155 -0.2111 -0.9251
vn -0.3367 -0.1809 -0.9241
vn -0.4869 -0.2673 -0.8316
vn -0.5007 -0.2395 -0.8318
vn -0.3504 -0.1525 -0.9241
vn -0.8822 -0.4275 0.1973
vn -0.8502 -0.3613 0.3829
vn -0.8791 -0.4766 0.0030
vn -0.8709 -0.4914 0.0033
vn -0.8653 -0.4604 0.1981
vn -0.8261 -0.4115 0.3850
vn -0.8561 -0.4777 0.1971
vn -0.8097 -0.4433 0.3844
vn -0.8696 -0.4937 0.0021
vn -0.8698 -0.4934 0.0008
vn -0.8521 -0.4854 0.1959
vn -0.8016 -0.4588 0.3834
vn -0.8501 -0.4886 0.1968
vn -0.7958 -0.4682 0.3841
vn -0.8717 -0.4901 0.0017
vn -0.7852 -0.2809 0.5518
vn -0.7550 -0.3468 0.5565
vn -0.7323 -0.3919 0.5569
vn -0.7204 -0.4145 0.5561
vn -0.7110 -0.4298 0.5565
vn -0.0628 -0.1939 -0.9790
vn 0.0619 -0.1158 -0.9913
vn 0.0394 -0.0726 -0.9966
vn -0.1122 -0.1625 -0.9803
vn -0.1536 -0.1169 -0.9812
vn 0.0118 -0.0217 -0.9997
vn -0.0048 0.0086 -1.0000
vn -0.1739 -0.0877 -0.9809
vn -0.1876 -0.0602 -0.9804
vn -0.0190 0.0345 -0.9992
vn 0.8200 0.5374 0.1971
vn 0.8604 0.5096 0.0029
vn 0.8387 0.5073 0.1980
vn 0.8682 0.4962 0.0033
vn 0.8488 0.4907 0.1970
vn 0.8695 0.4940 0.0021
vn 0.8538 0.4823 0.1958
vn 0.8698 0.4934 0.0008
vn 0.8592 0.4725 0.1963
vn 0.8718 0.4899 0.0013
vn 0.8662 0.4614 -0.1919
vn 0.8640 0.4656 -0.1917
vn 0.8567 0.4783 -0.1930
vn 0.8524 0.4855 -0.1943
vn 0.8508 0.4884 -0.1938
vn 0.1944 -0.0498 -0.9797
vn 0.1949 0.0109 -0.9808
vn 0.1786 0.0714 -0.9813
vn 0.1646 0.1043 -0.9808
vn 0.1496 0.1291 -0.9803
vn -0.8407 -0.5063 -0.1918
vn -0.8425 -0.5034 -0.1917
vn -0.8496 -0.4909 -0.1930
vn -0.8541 -0.4824 -0.1943
vn -0.8597 -0.4728 -0.1935
vt 0.474928 1.140478
vt 0.476433 1.307440
vt 0.458789 1.322137
vt 0.457278 1.151959
vt 0.479412 1.469213
vt 0.461822 1.486604
vt 0.443567 1.503995
vt 0.440592 1.336839
vt 0.439147 1.163441
vt 0.490841 1.782023
vt 0.481936 1.997852
vt 0.472768 1.939604
vt 0.471258 1.801973
vt 0.473030 2.213681
vt 0.464125 2.019667
vt 0.455218 1.825656
vt 0.473672 0.843155
vt 0.474225 0.974375
vt 0.456585 0.982391
vt 0.456037 0.848342
vt 0.438511 0.990408
vt 0.438008 0.853528
vt 0.484230 1.626642
vt 0.466637 1.645878
vt 0.448458 1.665675
vt 0.444307 2.039825
vt 0.434451 1.980857
vt 0.433485 1.842798
vt 0.433396 2.253993
vt 0.424490 2.059980
vt 0.415584 1.865966
vt 0.420004 0.998117
vt 0.419590 0.858517
vt 0.420528 1.174475
vt 0.401444 1.184651
vt 0.401091 1.005222
vt 0.400805 0.863115
vt 0.429209 1.684048
vt 0.424623 1.520713
vt 0.409408 1.701719
vt 0.405013 1.536126
vt 0.421823 1.350971
vt 0.402499 1.363999
vt 0.381798 1.011447
vt 0.381668 0.867143
vt 0.381940 1.193567
vt 0.362122 1.200886
vt 0.362139 1.016559
vt 0.362132 0.870449
vt 0.388621 1.716374
vt 0.384787 1.549634
vt 0.392181 1.877065
vt 0.372549 1.896816
vt 0.367270 1.729290
vt 0.364100 1.560720
vt 0.382679 1.375414
vt 0.362549 1.384790
vt 0.402972 2.075406
vt 0.392557 2.014676
vt 0.390361 2.284845
vt 0.381455 2.090833
vt 0.342297 1.391507
vt 0.342109 1.206131
vt 0.343121 1.568670
vt 0.322000 1.571756
vt 0.322000 1.394114
vt 0.322000 1.208173
vt 0.358801 2.099180
vt 0.346402 2.035917
vt 0.346359 1.899512
vt 0.345052 2.301539
vt 0.333526 2.107528
vt 0.322000 1.913513
vt 0.342158 1.020222
vt 0.342182 0.872821
vt 0.322000 1.021643
vt 0.322000 0.873740
vt 0.344790 1.737679
vt 0.322000 1.741897
vt 0.301702 1.391507
vt 0.301891 1.206131
vt 0.300879 1.568670
vt 0.279900 1.560720
vt 0.281452 1.384790
vt 0.281877 1.200886
vt 0.310474 2.107530
vt 0.297598 2.035917
vt 0.297641 1.899512
vt 0.298947 2.301544
vt 0.285199 2.099180
vt 0.271450 1.896819
vt 0.301842 1.020222
vt 0.301818 0.872821
vt 0.281860 1.016559
vt 0.281868 0.870449
vt 0.299209 1.737679
vt 0.276730 1.729290
vt 0.262202 1.011447
vt 0.262332 0.867143
vt 0.262060 1.193567
vt 0.242556 1.184651
vt 0.242909 1.005222
vt 0.243195 0.863115
vt 0.255379 1.716374
vt 0.259213 1.549634
vt 0.251819 1.877065
vt 0.228415 1.865964
vt 0.234592 1.701719
vt 0.238987 1.536126
vt 0.261321 1.375414
vt 0.241501 1.363999
vt 0.262545 2.090833
vt 0.251442 2.014676
vt 0.253639 2.284845
vt 0.241028 2.075406
vt 0.223995 0.998117
vt 0.224410 0.858517
vt 0.223472 1.174475
vt 0.204853 1.163441
vt 0.205489 0.990408
vt 0.205991 0.853528
vt 0.214791 1.684048
vt 0.219376 1.520713
vt 0.210515 1.842798
vt 0.188781 1.825656
vt 0.195542 1.665675
vt 0.200433 1.503995
vt 0.222177 1.350971
vt 0.203408 1.336839
vt 0.219510 2.059980
vt 0.209548 1.980857
vt 0.210604 2.253993
vt 0.199693 2.039825
vt 0.185210 1.322137
vt 0.186722 1.151961
vt 0.182178 1.486604
vt 0.164588 1.469213
vt 0.167567 1.307440
vt 0.169071 1.140478
vt 0.179875 2.019667
vt 0.171232 1.939604
vt 0.172741 1.801973
vt 0.170969 2.213681
vt 0.162064 1.997852
vt 0.153158 1.782023
vt 0.187415 0.982391
vt 0.187963 0.848342
vt 0.169775 0.974375
vt 0.170328 0.843155
vt 0.177363 1.645878
vt 0.159770 1.626642
vt 0.150450 1.293346
vt 0.151885 1.129443
vt 0.147629 1.452802
vt 0.131242 1.439553
vt 0.133810 1.280589
vt 0.135125 1.119267
vt 0.144252 1.976035
vt 0.136896 1.897194
vt 0.138770 1.760970
vt 0.135347 2.170049
vt 0.128447 1.955879
vt 0.121547 1.741711
vt 0.152557 0.966668
vt 0.153079 0.838167
vt 0.135731 0.959563
vt 0.136192 0.833573
vt 0.143186 1.608336
vt 0.127134 1.596800
vt 0.119261 0.953339
vt 0.119631 0.829541
vt 0.118748 1.110353
vt 0.102698 1.103032
vt 0.103093 0.948226
vt 0.103347 0.826234
vt 0.111898 1.597440
vt 0.115363 1.431006
vt 0.108298 1.759390
vt 0.093305 1.799903
vt 0.097082 1.602238
vt 0.099916 1.424928
vt 0.117594 1.269792
vt 0.101742 1.261043
vt 0.112642 1.935725
vt 0.106330 1.888227
vt 0.103736 2.129737
vt 0.098521 1.964822
vt 0.082655 1.597893
vt 0.084661 1.419006
vt 0.080487 1.770115
vt 0.067295 1.785896
vt 0.067548 1.594494
vt 0.068713 1.414388
vt 0.086033 1.254375
vt 0.086769 1.097597
vt 0.069630 1.250137
vt 0.070158 1.094246
vt 0.084415 1.949393
vt 0.078747 1.891061
vt 0.075526 2.098885
vt 0.071411 1.942389
vt 0.087036 0.944431
vt 0.087168 0.823778
vt 0.070358 0.942089
vt 0.070453 0.822263
vt 0.051840 1.248228
vt 0.052198 1.093182
vt 0.051343 1.411272
vt 0.033060 1.397871
vt 0.033192 1.246810
vt 0.033323 1.095753
vt 0.058442 1.934041
vt 0.050019 1.880690
vt 0.050307 1.762231
vt 0.049588 2.082189
vt 0.041351 1.934041
vt 0.033113 1.785896
vt 0.052459 0.940276
vt 0.052679 0.817837
vt 0.033809 0.935666
vt 0.034297 0.775579
vt 0.050766 1.590970
vt 0.033087 1.591883
vt 0.610886 1.785896
vt 0.602649 1.934041
vt 0.593980 1.880690
vt 0.593693 1.762231
vt 0.594411 2.082189
vt 0.585557 1.934041
vt 0.576704 1.785896
vt 0.322000 0.653416
vt 0.303554 0.653235
vt 0.303858 0.619171
vt 0.322000 0.619266
vt 0.285176 0.652767
vt 0.285752 0.618929
vt 0.286177 0.543305
vt 0.304083 0.543384
vt 0.322000 0.543411
vt 0.177131 0.647400
vt 0.159466 0.646420
vt 0.160536 0.615621
vt 0.178271 0.616133
vt 0.141893 0.645516
vt 0.142848 0.615150
vt 0.143554 0.542097
vt 0.161326 0.542248
vt 0.179113 0.542410
vt 0.609704 0.775581
vt 0.610190 0.935666
vt 0.591540 0.940276
vt 0.591321 0.817837
vt 0.610677 1.095753
vt 0.591802 1.093182
vt 0.573842 1.094246
vt 0.573642 0.942091
vt 0.573547 0.822263
vt 0.610940 1.397871
vt 0.610913 1.591883
vt 0.593234 1.590970
vt 0.592657 1.411272
vt 0.576451 1.594494
vt 0.575287 1.414388
vt 0.072068 0.643292
vt 0.054283 0.643176
vt 0.054547 0.615125
vt 0.072342 0.613993
vt 0.036338 0.643159
vt 0.036678 0.621089
vt 0.037018 0.599018
vt 0.054748 0.546482
vt 0.072545 0.541725
vt 0.607662 0.643159
vt 0.589717 0.643176
vt 0.589453 0.615125
vt 0.607322 0.621089
vt 0.571932 0.643292
vt 0.571657 0.613993
vt 0.571454 0.541725
vt 0.589252 0.546482
vt 0.606982 0.599018
vt 0.610808 1.246810
vt 0.592160 1.248228
vt 0.574370 1.250137
vt 0.212759 0.649440
vt 0.194895 0.648422
vt 0.196057 0.616666
vt 0.213896 0.617197
vt 0.196916 0.542579
vt 0.214736 0.542751
vt 0.556964 0.944429
vt 0.556832 0.823778
vt 0.557231 1.097597
vt 0.541302 1.103032
vt 0.540907 0.948226
vt 0.540653 0.826234
vt 0.561345 1.597893
vt 0.559339 1.419006
vt 0.563514 1.770115
vt 0.550695 1.799899
vt 0.546918 1.602238
vt 0.544084 1.424928
vt 0.395225 0.651326
vt 0.377079 0.652119
vt 0.376291 0.618591
vt 0.394276 0.618177
vt 0.358823 0.652767
vt 0.358248 0.618929
vt 0.357823 0.543305
vt 0.375708 0.543197
vt 0.393575 0.543064
vt 0.340446 0.653233
vt 0.340142 0.619171
vt 0.339917 0.543384
vt 0.557966 1.254375
vt 0.542258 1.261043
vt 0.572589 1.942389
vt 0.565253 1.891061
vt 0.568474 2.098885
vt 0.559584 1.949393
vt 0.248775 0.651326
vt 0.230720 0.650421
vt 0.231786 0.617705
vt 0.249723 0.618177
vt 0.232573 0.542916
vt 0.250425 0.543064
vt 0.502107 0.645516
vt 0.484534 0.646420
vt 0.483464 0.615621
vt 0.501152 0.615150
vt 0.466869 0.647400
vt 0.465729 0.616133
vt 0.464887 0.542410
vt 0.482674 0.542248
vt 0.500446 0.542097
vt 0.106983 0.644071
vt 0.089591 0.643591
vt 0.090004 0.614147
vt 0.107597 0.614400
vt 0.090309 0.541776
vt 0.108051 0.541857
vt 0.526406 1.269792
vt 0.525252 1.110353
vt 0.528636 1.431006
vt 0.512757 1.439553
vt 0.510190 1.280589
vt 0.508875 1.119267
vt 0.545479 1.964822
vt 0.537670 1.888227
vt 0.535702 1.759390
vt 0.540264 2.129737
vt 0.531358 1.935725
vt 0.522452 1.741711
vt 0.124403 0.644723
vt 0.125204 0.614739
vt 0.125796 0.541965
vt 0.449105 0.648422
vt 0.447943 0.616666
vt 0.431241 0.649440
vt 0.430104 0.617197
vt 0.429264 0.542751
vt 0.447083 0.542579
vt 0.524739 0.953339
vt 0.524369 0.829541
vt 0.508268 0.959563
vt 0.507808 0.833573
vt 0.532102 1.597440
vt 0.516866 1.596800
vt 0.554409 0.643591
vt 0.553996 0.614147
vt 0.537016 0.644071
vt 0.536403 0.614400
vt 0.535949 0.541857
vt 0.553691 0.541776
vt 0.493550 1.293346
vt 0.492115 1.129443
vt 0.496371 1.452802
vt 0.515552 1.955879
vt 0.507103 1.897194
vt 0.505230 1.760970
vt 0.508653 2.170049
vt 0.499747 1.976035
vt 0.413279 0.650421
vt 0.412214 0.617705
vt 0.411427 0.542916
vt 0.519597 0.644723
vt 0.518796 0.614739
vt 0.518203 0.541965
vt 0.491443 0.966668
vt 0.490920 0.838167
vt 0.500814 1.608336
vt 0.266920 0.652119
vt 0.267709 0.618591
vt 0.268292 0.543197
vt 0.464491 -0.565062
vt 0.464491 -0.370151
vt 0.446679 -0.369251
vt 0.446679 -0.550688
vt 0.464491 -0.177035
vt 0.446679 -0.177035
vt 0.428868 -0.177035
vt 0.428868 -0.370151
vt 0.428868 -0.565062
vt 0.464491 0.210993
vt 0.464540 0.397931
vt 0.446730 0.397949
vt 0.446679 0.210993
vt 0.428918 0.397971
vt 0.428868 0.210993
vt 0.446679 -0.953087
vt 0.455585 -0.759075
vt 0.446679 -0.691710
vt 0.437774 -0.759075
vt 0.464491 0.016979
vt 0.446679 0.016979
vt 0.428868 0.016979
vt 0.411056 -0.953087
vt 0.419962 -0.759075
vt 0.411056 -0.691710
vt 0.402151 -0.759075
vt 0.411056 -0.550688
vt 0.393245 -0.565062
vt 0.411056 0.016979
vt 0.411056 -0.177035
vt 0.411056 0.210993
vt 0.393245 0.210993
vt 0.393245 0.016979
vt 0.393245 -0.177035
vt 0.411056 -0.369251
vt 0.393245 -0.370151
vt 0.411103 0.397992
vt 0.393286 0.398011
vt 0.375434 0.016979
vt 0.375434 -0.177035
vt 0.375434 0.210993
vt 0.357623 0.210993
vt 0.357623 0.016979
vt 0.357623 -0.177035
vt 0.375434 -0.369251
vt 0.375434 -0.550688
vt 0.357623 -0.370151
vt 0.357623 -0.565062
vt 0.375468 0.398026
vt 0.357648 0.398041
vt 0.375434 -0.953087
vt 0.384340 -0.759075
vt 0.375434 -0.691710
vt 0.366528 -0.759075
vt 0.339811 -0.369251
vt 0.339811 -0.550688
vt 0.339811 -0.177035
vt 0.322000 -0.177035
vt 0.322000 -0.370151
vt 0.322000 -0.565062
vt 0.339824 0.398051
vt 0.339811 0.210993
vt 0.322000 0.398053
vt 0.322000 0.210993
vt 0.339811 -0.953087
vt 0.348717 -0.759075
vt 0.339811 -0.691710
vt 0.330906 -0.759075
vt 0.339811 0.016979
vt 0.322000 0.016979
vt 0.304175 0.398051
vt 0.304189 0.210993
vt 0.286352 0.398041
vt 0.286377 0.210993
vt 0.304189 -0.953087
vt 0.313094 -0.759075
vt 0.304189 -0.691710
vt 0.295283 -0.759075
vt 0.304189 -0.550688
vt 0.286377 -0.565062
vt 0.304189 0.016979
vt 0.304189 -0.177035
vt 0.286377 0.016979
vt 0.286377 -0.177035
vt 0.304189 -0.369251
vt 0.286377 -0.370151
vt 0.268566 -0.953087
vt 0.277472 -0.759075
vt 0.268566 -0.691710
vt 0.259660 -0.759075
vt 0.268566 -0.550688
vt 0.250755 -0.565062
vt 0.268566 0.016979
vt 0.268566 -0.177035
vt 0.268566 0.210993
vt 0.250755 0.210993
vt 0.250755 0.016979
vt 0.250755 -0.177035
vt 0.268566 -0.369251
vt 0.250755 -0.370151
vt 0.268532 0.398026
vt 0.250713 0.398011
vt 0.232943 -0.369251
vt 0.232943 -0.550688
vt 0.232943 -0.177035
vt 0.215132 -0.177035
vt 0.215132 -0.370151
vt 0.215132 -0.565062
vt 0.232897 0.397992
vt 0.232943 0.210993
vt 0.215082 0.397971
vt 0.215132 0.210993
vt 0.232943 -0.953087
vt 0.241849 -0.759075
vt 0.232943 -0.691710
vt 0.224038 -0.759075
vt 0.232943 0.016979
vt 0.215132 0.016979
vt 0.197321 -0.369251
vt 0.197321 -0.550688
vt 0.197321 -0.177035
vt 0.179509 -0.177035
vt 0.179509 -0.370151
vt 0.179509 -0.565062
vt 0.197270 0.397949
vt 0.197321 0.210993
vt 0.179460 0.397931
vt 0.179509 0.210993
vt 0.197321 -0.953087
vt 0.206226 -0.759075
vt 0.197321 -0.691710
vt 0.188415 -0.759075
vt 0.197321 0.016979
vt 0.179509 0.016979
vt 0.161698 -0.953087
vt 0.170604 -0.759075
vt 0.161698 -0.691710
vt 0.152792 -0.759075
vt 0.161698 -0.550688
vt 0.143887 -0.565062
vt 0.161698 0.016979
vt 0.161698 -0.177035
vt 0.161698 0.210993
vt 0.143887 0.210993
vt 0.143887 0.016979
vt 0.143887 -0.177035
vt 0.161698 -0.369251
vt 0.143887 -0.370151
vt 0.161651 0.397908
vt 0.143845 0.397890
vt 0.126075 -0.953087
vt 0.134981 -0.759075
vt 0.126075 -0.691710
vt 0.117170 -0.759075
vt 0.126075 -0.550688
vt 0.108264 -0.565062
vt 0.126075 0.016979
vt 0.126075 -0.177035
vt 0.126075 0.210993
vt 0.108264 0.210993
vt 0.108264 0.016979
vt 0.108264 -0.177035
vt 0.126075 -0.369251
vt 0.108264 -0.370151
vt 0.126040 0.397873
vt 0.108237 0.397859
vt 0.090452 -0.369251
vt 0.090452 -0.550688
vt 0.090452 -0.177035
vt 0.072641 -0.177035
vt 0.072641 -0.370151
vt 0.072641 -0.565062
vt 0.090434 0.397850
vt 0.090452 0.210993
vt 0.072629 0.397844
vt 0.072641 0.210993
vt 0.090452 -0.953087
vt 0.099358 -0.759075
vt 0.090452 -0.691710
vt 0.081547 -0.759075
vt 0.090452 0.016979
vt 0.072641 0.016979
vt 0.054830 -0.369251
vt 0.054830 -0.550688
vt 0.054830 -0.177035
vt 0.037018 -0.177035
vt 0.037018 -0.371048
vt 0.037018 -0.565062
vt 0.054821 0.399034
vt 0.054830 0.210993
vt 0.037018 0.405004
vt 0.037018 0.210993
vt 0.054830 -0.953087
vt 0.063735 -0.759075
vt 0.054830 -0.691710
vt 0.045924 -0.759075
vt 0.054830 0.016979
vt 0.037018 0.016979
vt 0.589170 -0.953087
vt 0.598076 -0.759075
vt 0.589170 -0.691710
vt 0.580264 -0.759075
vt 0.606982 -0.565062
vt 0.589170 -0.550688
vt 0.571359 -0.565062
vt 0.606982 -0.177035
vt 0.606982 0.016979
vt 0.589170 0.016979
vt 0.589170 -0.177035
vt 0.606982 0.210993
vt 0.589170 0.210993
vt 0.571359 0.210993
vt 0.571359 0.016979
vt 0.571359 -0.177035
vt 0.606982 -0.371048
vt 0.589170 -0.369251
vt 0.571359 -0.370151
vt 0.606982 0.405004
vt 0.589179 0.399034
vt 0.571371 0.397844
vt 0.553548 0.016979
vt 0.553548 -0.177035
vt 0.553548 0.210993
vt 0.535736 0.210993
vt 0.535736 0.016979
vt 0.535736 -0.177035
vt 0.553548 -0.369251
vt 0.553548 -0.550688
vt 0.535736 -0.370151
vt 0.535736 -0.565062
vt 0.553565 0.397850
vt 0.535763 0.397859
vt 0.553548 -0.953087
vt 0.562453 -0.759075
vt 0.553548 -0.691710
vt 0.544642 -0.759075
vt 0.517925 -0.369251
vt 0.517925 -0.550688
vt 0.517925 -0.177035
vt 0.500113 -0.177035
vt 0.500113 -0.370151
vt 0.500113 -0.565062
vt 0.517959 0.397873
vt 0.517925 0.210993
vt 0.500155 0.397890
vt 0.500113 0.210993
vt 0.517925 -0.953087
vt 0.526830 -0.759075
vt 0.517925 -0.691710
vt 0.509019 -0.759075
vt 0.517925 0.016979
vt 0.500113 0.016979
vt 0.482349 0.397908
vt 0.482302 0.210993
vt 0.482302 -0.953087
vt 0.491208 -0.759075
vt 0.482302 -0.691710
vt 0.473396 -0.759075
vt 0.482302 -0.550688
vt 0.482302 0.016979
vt 0.482302 -0.177035
vt 0.482302 -0.369251
vt 0.262850 0.791833
vt 0.282211 0.794199
vt 0.243872 0.788953
vt 0.244817 0.755940
vt 0.263629 0.758317
vt 0.282774 0.760270
vt 0.264452 0.731767
vt 0.283375 0.733393
vt 0.245806 0.729788
vt 0.246796 0.703632
vt 0.265275 0.705218
vt 0.283975 0.706520
vt 0.266097 0.678669
vt 0.284576 0.679644
vt 0.247786 0.677480
vt 0.523747 0.764950
vt 0.540192 0.762584
vt 0.507056 0.767830
vt 0.506095 0.738512
vt 0.522941 0.736133
vt 0.539578 0.734184
vt 0.522105 0.713280
vt 0.538937 0.711654
vt 0.505098 0.715260
vt 0.504101 0.692014
vt 0.521269 0.690428
vt 0.538297 0.689127
vt 0.520433 0.667577
vt 0.537657 0.666600
vt 0.503104 0.668762
vt 0.418791 0.785664
vt 0.437131 0.782100
vt 0.400128 0.788953
vt 0.399183 0.755940
vt 0.417725 0.753228
vt 0.435988 0.750286
vt 0.416613 0.727526
vt 0.434802 0.725074
vt 0.398194 0.729786
vt 0.397204 0.703632
vt 0.415502 0.701825
vt 0.433615 0.699864
vt 0.414391 0.676123
vt 0.432429 0.674652
vt 0.396214 0.677480
vt 0.556541 0.760827
vt 0.573352 0.759749
vt 0.556130 0.732735
vt 0.573078 0.731840
vt 0.555700 0.710447
vt 0.572792 0.709704
vt 0.555269 0.688162
vt 0.572505 0.687565
vt 0.554839 0.665876
vt 0.572218 0.665429
vt 0.455126 0.778391
vt 0.472772 0.774682
vt 0.453956 0.747224
vt 0.471624 0.744164
vt 0.452743 0.722525
vt 0.470435 0.719973
vt 0.451530 0.697820
vt 0.469246 0.695781
vt 0.450318 0.673121
vt 0.468057 0.671592
vt 0.120253 0.764950
vt 0.136944 0.767830
vt 0.103808 0.762584
vt 0.104422 0.734180
vt 0.121058 0.736133
vt 0.137905 0.738512
vt 0.121894 0.713280
vt 0.138902 0.715260
vt 0.105063 0.711654
vt 0.105703 0.689127
vt 0.122731 0.690428
vt 0.139899 0.692014
vt 0.123567 0.667577
vt 0.140896 0.668762
vt 0.106343 0.666600
vt 0.087458 0.760827
vt 0.070648 0.759749
vt 0.070921 0.731840
vt 0.087869 0.732735
vt 0.088300 0.710447
vt 0.071208 0.709704
vt 0.071495 0.687565
vt 0.088730 0.688162
vt 0.089161 0.665876
vt 0.071781 0.665429
vt 0.490075 0.771119
vt 0.488997 0.741224
vt 0.487881 0.717520
vt 0.486765 0.693820
vt 0.485649 0.670120
vt 0.225209 0.785664
vt 0.206868 0.782100
vt 0.208011 0.750286
vt 0.226275 0.753228
vt 0.227387 0.727526
vt 0.209198 0.725074
vt 0.210385 0.699864
vt 0.228498 0.701825
vt 0.229609 0.676123
vt 0.211572 0.674652
vt 0.342012 0.795893
vt 0.361788 0.794199
vt 0.322000 0.796551
vt 0.322000 0.762210
vt 0.341716 0.761669
vt 0.361225 0.760270
vt 0.341398 0.734560
vt 0.360625 0.733393
vt 0.322000 0.735013
vt 0.322000 0.707815
vt 0.341080 0.707450
vt 0.360024 0.706520
vt 0.340763 0.680343
vt 0.359424 0.679644
vt 0.322000 0.680615
vt 0.381150 0.791833
vt 0.380371 0.758317
vt 0.379548 0.731767
vt 0.378725 0.705218
vt 0.377903 0.678669
vt 0.188874 0.778391
vt 0.171228 0.774682
vt 0.172376 0.744164
vt 0.190044 0.747224
vt 0.191257 0.722525
vt 0.173565 0.719973
vt 0.174754 0.695781
vt 0.192469 0.697820
vt 0.193682 0.673121
vt 0.175942 0.671592
vt 0.591079 0.758364
vt 0.609363 0.753512
vt 0.590811 0.731489
vt 0.609023 0.731441
vt 0.590537 0.709413
vt 0.608683 0.709369
vt 0.590264 0.687334
vt 0.608342 0.687297
vt 0.589990 0.665255
vt 0.608002 0.665230
vt 0.052920 0.758364
vt 0.034637 0.753512
vt 0.034977 0.731441
vt 0.053189 0.731489
vt 0.053462 0.709409
vt 0.035317 0.709369
vt 0.035657 0.687297
vt 0.053736 0.687334
vt 0.054010 0.665255
vt 0.035998 0.665228
vt 0.153925 0.771119
vt 0.155003 0.741222
vt 0.156118 0.717520
vt 0.157234 0.693820
vt 0.158350 0.670120
vt 0.301988 0.795893
vt 0.302284 0.761666
vt 0.302602 0.734560
vt 0.302919 0.707450
vt 0.303237 0.680343
vt 0.457278 1.151961
vt 0.458789 1.322141
vt 0.473672 0.843155
vt 0.362548 1.384790
vt 0.322000 1.394119
vt 0.185210 1.322141
vt 0.131242 1.439551
vt 0.082655 1.597898
vt 0.573642 0.942089
vt 0.592657 1.411268
vt 0.575286 1.414388
vt 0.540907 0.948226
vt 0.340446 0.653235
vt 0.507808 0.833568
vt 0.537017 0.644071
vt 0.265275 0.705216
vt 0.245806 0.729786
vt 0.520433 0.667575
vt 0.556541 0.760827
vt 0.572219 0.665429
vt 0.105062 0.711654
vt 0.211571 0.674652
vt 0.188874 0.778391
s 1
usemtl Glass
f 549/562/547 1260/563/548 2731/564/549 1266/565/550
f 1260/563/548 548/566/551 1267/567/552 2731/564/549
f 2731/564/549 1267/567/552 552/568/553 1263/569/554
f 1266/565/550 2731/564/549 1263/569/554 553/570/555
f 547/571/556 1368/572/557 2732/573/558 1268/574/559
f 583/575/560 1369/576/561 2732/573/558 1368/572/557
f 551/577/562 1268/574/559 2732/573/558 1369/576/561
f 550/578/563 1261/579/564 2733/580/565 1265/581/566
f 1261/579/564 549/562/547 1266/565/550 2733/580/565
f 2733/580/565 1266/565/550 553/570/555 1264/582/567
f 1265/581/566 2733/580/565 1264/582/567 554/583/568
f 548/566/551 1259/584/569 2734/585/570 1267/567/552
f 1259/584/569 547/571/556 1268/574/559 2734/585/570
f 2734/585/570 1268/574/559 551/577/562 1262/586/571
f 1267/567/552 2734/585/570 1262/586/571 552/568/553
f 551/577/562 1369/587/561 2735/588/572 1272/589/573
f 583/590/560 1371/591/574 2735/588/572 1369/587/561
f 555/592/575 1272/589/573 2735/588/572 1371/591/574
f 554/583/568 1264/582/567 2736/593/576 1273/594/577
f 1264/582/567 553/570/555 1274/595/578 2736/593/576
f 2736/593/576 1274/595/578 557/596/579 1271/597/580
f 1273/594/577 2736/593/576 1271/597/580 558/598/581
f 552/568/553 1262/586/571 2737/599/582 1275/600/583
f 1262/586/571 551/577/562 1272/589/573 2737/599/582
f 2737/599/582 1272/589/573 555/592/575 1269/601/584
f 1275/600/583 2737/599/582 1269/601/584 556/602/585
f 553/570/555 1263/569/554 2738/603/586 1274/595/578
f 1263/569/554 552/568/553 1275/600/583 2738/603/586
f 2738/603/586 1275/600/583 556/602/585 1270/604/587
f 1274/595/578 2738/603/586 1270/604/587 557/596/579
f 558/598/581 1271/597/580 2739/605/588 1279/606/589
f 1271/597/580 557/596/579 1280/607/590 2739/605/588
f 2739/605/588 1280/607/590 561/608/591 1278/609/592
f 1279/606/589 2739/605/588 1278/609/592 562/610/593
f 556/602/585 1269/601/584 2740/611/594 1281/612/595
f 1269/601/584 555/592/575 1282/613/596 2740/611/594
f 2740/611/594 1282/613/596 559/614/597 1276/615/598
f 1281/612/595 2740/611/594 1276/615/598 560/616/599
f 557/596/579 1270/604/587 2741/617/600 1280/607/590
f 1270/604/587 556/602/585 1281/612/595 2741/617/600
f 2741/617/600 1281/612/595 560/616/599 1277/618/601
f 1280/607/590 2741/617/600 1277/618/601 561/608/591
f 555/592/575 1371/619/574 2742/620/602 1282/613/596
f 583/621/560 1373/622/603 2742/620/602 1371/619/574
f 559/614/597 1282/613/596 2742/620/602 1373/622/603
f 561/608/591 1277/618/601 2743/623/604 1287/624/605
f 1277/618/601 560/616/599 1288/625/606 2743/623/604
f 2743/623/604 1288/625/606 564/626/607 1284/627/608
f 1287/624/605 2743/623/604 1284/627/608 565/628/609
f 559/614/597 1373/629/603 2744/630/610 1289/631/611
f 583/632/560 1375/633/612 2744/630/610 1373/629/603
f 563/634/613 1289/631/611 2744/630/610 1375/633/612
f 562/610/593 1278/609/592 2745/635/614 1286/636/615
f 1278/609/592 561/608/591 1287/624/605 2745/635/614
f 2745/635/614 1287/624/605 565/628/609 1285/637/616
f 1286/636/615 2745/635/614 1285/637/616 566/638/617
f 560/616/599 1276/615/598 2746/639/618 1288/625/606
f 1276/615/598 559/614/597 1289/631/611 2746/639/618
f 2746/639/618 1289/631/611 563/634/613 1283/640/619
f 1288/625/606 2746/639/618 1283/640/619 564/626/607
f 565/628/609 1284/627/608 2747/641/620 1294/642/621
f 1284/627/608 564/626/607 1295/643/622 2747/641/620
f 2747/641/620 1295/643/622 568/644/623 1291/645/624
f 1294/642/621 2747/641/620 1291/645/624 569/646/625
f 563/634/613 1375/647/612 2748/648/626 1296/649/627
f 583/650/560 1377/651/628 2748/648/626 1375/647/612
f 567/652/629 1296/649/627 2748/648/626 1377/651/628
f 566/638/617 1285/637/616 2749/653/630 1293/654/631
f 1285/637/616 565/628/609 1294/642/621 2749/653/630
f 2749/653/630 1294/642/621 569/646/625 1292/655/632
f 1293/654/631 2749/653/630 1292/655/632 570/656/633
f 564/626/607 1283/640/619 2750/657/634 1295/643/622
f 1283/640/619 563/634/613 1296/649/627 2750/657/634
f 2750/657/634 1296/649/627 567/652/629 1290/658/635
f 1295/643/622 2750/657/634 1290/658/635 568/644/623
f 570/656/633 1292/655/632 2751/659/636 1300/660/637
f 1292/655/632 569/646/625 1301/661/638 2751/659/636
f 2751/659/636 1301/661/638 573/662/639 1299/663/640
f 1300/660/637 2751/659/636 1299/663/640 574/664/641
f 568/644/623 1290/658/635 2752/665/642 1302/666/643
f 1290/658/635 567/652/629 1303/667/644 2752/665/642
f 2752/665/642 1303/667/644 571/668/645 1297/669/646
f 1302/666/643 2752/665/642 1297/669/646 572/670/647
f 569/646/625 1291/645/624 2753/671/648 1301/661/638
f 1291/645/624 568/644/623 1302/666/643 2753/671/648
f 2753/671/648 1302/666/643 572/670/647 1298/672/649
f 1301/661/638 2753/671/648 1298/672/649 573/662/639
f 567/652/629 1377/673/628 2754/674/650 1303/667/644
f 583/675/560 1379/676/651 2754/674/650 1377/673/628
f 571/668/645 1303/667/644 2754/674/650 1379/676/651
f 574/664/641 1299/663/640 2755/677/652 1307/678/653
f 1299/663/640 573/662/639 1308/679/654 2755/677/652
f 2755/677/652 1308/679/654 577/680/655 1306/681/656
f 1307/678/653 2755/677/652 1306/681/656 578/682/657
f 572/670/647 1297/669/646 2756/683/658 1309/684/659
f 1297/669/646 571/668/645 1310/685/660 2756/683/658
f 2756/683/658 1310/685/660 575/686/661 1304/687/662
f 1309/684/659 2756/683/658 1304/687/662 576/688/663
f 573/662/639 1298/672/649 2757/689/664 1308/679/654
f 1298/672/649 572/670/647 1309/684/659 2757/689/664
f 2757/689/664 1309/684/659 576/688/663 1305/690/665
f 1308/679/654 2757/689/664 1305/690/665 577/680/655
f 571/668/645 1379/691/651 2758/692/666 1310/685/660
f 583/693/560 1381/694/667 2758/692/666 1379/691/651
f 575/686/661 1310/685/660 2758/692/666 1381/694/667
f 577/680/655 1305/690/665 2759/695/668 1315/696/669
f 1305/690/665 576/688/663 1316/697/670 2759/695/668
f 2759/695/668 1316/697/670 580/698/671 1312/699/672
f 1315/696/669 2759/695/668 1312/699/672 581/700/673
f 575/686/661 1381/701/667 2760/702/674 1317/703/675
f 583/704/560 1383/705/676 2760/702/674 1381/701/667
f 579/706/677 1317/703/675 2760/702/674 1383/705/676
f 578/682/657 1306/681/656 2761/707/678 1314/708/679
f 1306/681/656 577/680/655 1315/696/669 2761/707/678
f 2761/707/678 1315/696/669 581/700/673 1313/709/680
f 1314/708/679 2761/707/678 1313/709/680 582/710/681
f 576/688/663 1304/687/662 2762/711/682 1316/697/670
f 1304/687/662 575/686/661 1317/703/675 2762/711/682
f 2762/711/682 1317/703/675 579/706/677 1311/712/683
f 1316/697/670 2762/711/682 1311/712/683 580/698/671
f 581/700/673 1312/699/672 2763/713/684 1322/714/685
f 1312/699/672 580/698/671 1323/715/686 2763/713/684
f 2763/713/684 1323/715/686 585/716/687 1320/717/688
f 1322/714/685 2763/713/684 1320/717/688 586/718/689
f 579/706/677 1383/719/676 2764/720/690 1324/721/691
f 583/722/560 1318/723/692 2764/720/690 1383/719/676
f 584/724/693 1324/721/691 2764/720/690 1318/723/692
f 582/710/681 1313/709/680 2765/725/694 1325/726/695
f 1313/709/680 581/700/673 1322/714/685 2765/725/694
f 2765/725/694 1322/714/685 586/718/689 1321/727/696
f 1325/726/695 2765/725/694 1321/727/696 587/728/697
f 580/698/671 1311/712/683 2766/729/698 1323/715/686
f 1311/712/683 579/706/677 1324/721/691 2766/729/698
f 2766/729/698 1324/721/691 584/724/693 1319/730/699
f 1323/715/686 2766/729/698 1319/730/699 585/716/687
f 587/728/697 1321/727/696 2767/731/700 1329/732/701
f 1321/727/696 586/718/689 1330/733/702 2767/731/700
f 2767/731/700 1330/733/702 590/734/703 1328/735/704
f 1329/732/701 2767/731/700 1328/735/704 591/736/705
f 585/716/687 1319/730/699 2768/737/706 1331/738/707
f 1319/730/699 584/724/693 1332/739/708 2768/737/706
f 2768/737/706 1332/739/708 588/740/709 1326/741/710
f 1331/738/707 2768/737/706 1326/741/710 589/742/711
f 586/718/689 1320/717/688 2769/743/712 1330/733/702
f 1320/717/688 585/716/687 1331/738/707 2769/743/712
f 2769/743/712 1331/738/707 589/742/711 1327/744/713
f 1330/733/702 2769/743/712 1327/744/713 590/734/703
f 584/724/693 1318/745/692 2770/746/714 1332/739/708
f 583/747/560 1385/748/715 2770/746/714 1318/745/692
f 588/740/709 1332/739/708 2770/746/714 1385/748/715
f 589/742/711 1326/741/710 2771/749/716 1336/750/717
f 1326/741/710 588/740/709 1337/751/718 2771/749/716
f 2771/749/716 1337/751/718 592/752/719 1333/753/720
f 1336/750/717 2771/749/716 1333/753/720 593/754/721
f 590/734/703 1327/744/713 2772/755/722 1339/756/723
f 1327/744/713 589/742/711 1336/750/717 2772/755/722
f 2772/755/722 1336/750/717 593/754/721 1334/757/724
f 1339/756/723 2772/755/722 1334/757/724 594/758/725
f 588/740/709 1385/759/715 2773/760/726 1337/751/718
f 583/761/560 1387/762/727 2773/760/726 1385/759/715
f 592/752/719 1337/751/718 2773/760/726 1387/762/727
f 591/736/705 1328/735/704 2774/763/728 1338/764/729
f 1328/735/704 590/734/703 1339/756/723 2774/763/728
f 2774/763/728 1339/756/723 594/758/725 1335/765/730
f 1338/764/729 2774/763/728 1335/765/730 595/766/731
f 594/758/725 1334/757/724 2775/767/732 1344/768/733
f 1334/757/724 593/754/721 1345/769/734 2775/767/732
f 2775/767/732 1345/769/734 597/770/735 1341/771/736
f 1344/768/733 2775/767/732 1341/771/736 598/772/737
f 592/752/719 1387/773/727 2776/774/738 1346/775/739
f 583/776/560 1389/777/740 2776/774/738 1387/773/727
f 596/778/741 1346/775/739 2776/774/738 1389/777/740
f 595/766/731 1335/765/730 2777/779/742 1343/780/743
f 1335/765/730 594/758/725 1344/768/733 2777/779/742
f 2777/779/742 1344/768/733 598/772/737 1342/781/744
f 1343/780/743 2777/779/742 1342/781/744 599/782/745
f 593/754/721 1333/753/720 2778/783/746 1345/769/734
f 1333/753/720 592/752/719 1346/775/739 2778/783/746
f 2778/783/746 1346/775/739 596/778/741 1340/784/747
f 1345/769/734 2778/783/746 1340/784/747 597/770/735
f 596/785/741 1389/786/740 2779/787/748 1350/788/749
f 583/789/560 1391/790/750 2779/787/748 1389/786/740
f 600/791/751 1350/788/749 2779/787/748 1391/790/750
f 688/792/752 1626/793/753 2780/794/754 1376/795/755
f 1626/793/753 719/796/756 1573/797/757 2780/794/754
f 2780/794/754 1573/797/757 631/798/758 1435/799/759
f 1376/795/755 2780/794/754 1435/799/759 627/800/760
f 682/801/761 1623/802/762 2781/803/763 1372/804/764
f 1623/802/762 695/805/765 1549/806/766 2781/803/763
f 2781/803/763 1549/806/766 648/807/767 1466/808/768
f 1372/804/764 2781/803/763 1466/808/768 643/809/769
f 599/810/745 1342/811/744 2782/812/770 1351/813/771
f 1342/811/744 598/814/737 1352/815/772 2782/812/770
f 2782/812/770 1352/815/772 602/816/773 1349/817/774
f 1351/813/771 2782/812/770 1349/817/774 603/818/775
f 597/819/735 1340/820/747 2783/821/776 1353/822/777
f 1340/820/747 596/785/741 1350/788/749 2783/821/776
f 2783/821/776 1350/788/749 600/791/751 1347/823/778
f 1353/822/777 2783/821/776 1347/823/778 601/824/779
f 694/825/780 1620/826/781 2784/827/782 1380/828/783
f 1620/826/781 677/829/784 1531/830/785 2784/827/782
f 2784/827/782 1531/830/785 660/831/786 1487/832/787
f 1380/828/783 2784/827/782 1487/832/787 656/833/788
f 677/834/784 1617/835/789 2785/836/790 1531/837/785
f 1617/835/789 704/838/791 1558/839/792 2785/836/790
f 2785/836/790 1558/839/792 664/840/793 1494/841/794
f 1531/837/785 2785/836/790 1494/841/794 660/842/786
f 598/814/737 1341/843/736 2786/844/795 1352/815/772
f 1341/843/736 597/819/735 1353/822/777 2786/844/795
f 2786/844/795 1353/822/777 601/824/779 1348/845/796
f 1352/815/772 2786/844/795 1348/845/796 602/816/773
f 691/846/797 1614/847/798 2787/848/799 1378/849/800
f 1614/847/798 682/801/761 1372/804/764 2787/848/799
f 2787/848/799 1372/804/764 643/809/769 1459/850/801
f 1378/849/800 2787/848/799 1459/850/801 639/851/802
f 603/818/775 1349/817/774 2788/852/803 1357/853/804
f 1349/817/774 602/816/773 1358/854/805 2788/852/803
f 2788/852/803 1358/854/805 606/855/806 1356/856/807
f 1357/853/804 2788/852/803 1356/856/807 607/857/808
f 601/824/779 1347/823/778 2789/858/809 1359/859/810
f 1347/823/778 600/791/751 1360/860/811 2789/858/809
f 2789/858/809 1360/860/811 604/861/812 1354/862/813
f 1359/859/810 2789/858/809 1354/862/813 605/863/814
f 712/864/815 1611/865/816 2790/866/817 1392/867/818
f 1611/865/816 683/868/819 1537/869/820 2790/866/817
f 2790/866/817 1537/869/820 623/870/821 1422/871/822
f 1392/867/818 2790/866/817 1422/871/822 619/872/823
f 683/868/819 1608/873/824 2791/874/825 1537/869/820
f 1608/873/824 688/792/752 1376/795/755 2791/874/825
f 2791/874/825 1376/795/755 627/800/760 1430/875/826
f 1537/869/820 2791/874/825 1430/875/826 623/870/821
f 602/816/773 1348/845/796 2792/876/827 1358/854/805
f 1348/845/796 601/824/779 1359/859/810 2792/876/827
f 2792/876/827 1359/859/810 605/863/814 1355/877/828
f 1358/854/805 2792/876/827 1355/877/828 606/855/806
f 600/791/751 1391/878/750 2793/879/829 1360/860/811
f 583/880/560 1393/881/830 2793/879/829 1391/878/750
f 604/861/812 1360/860/811 2793/879/829 1393/881/830
f 724/882/831 1605/883/832 2794/884/833 1402/885/834
f 1605/883/832 691/846/797 1378/849/800 2794/884/833
f 2794/884/833 1378/849/800 639/851/802 1448/886/835
f 1402/885/834 2794/884/833 1448/886/835 635/887/836
f 718/888/837 1602/889/838 2795/890/839 1396/891/840
f 1602/889/838 701/892/841 1555/893/842 2795/890/839
f 2795/890/839 1555/893/842 612/894/843 1529/895/844
f 1396/891/840 2795/890/839 1529/895/844 672/896/845
f 700/897/846 1599/898/847 2796/899/848 1384/900/849
f 1599/898/847 694/825/780 1380/828/783 2796/899/848
f 2796/899/848 1380/828/783 656/833/788 1480/901/850
f 1384/900/849 2796/899/848 1480/901/850 652/902/851
f 606/855/806 1355/877/828 2797/903/852 1365/904/853
f 1355/877/828 605/863/814 1366/905/854 2797/903/852
f 2797/903/852 1366/905/854 609/906/855 1362/907/856
f 1365/904/853 2797/903/852 1362/907/856 610/908/857
f 604/861/812 1393/909/830 2798/910/858 1367/911/859
f 583/912/560 1395/913/860 2798/910/858 1393/909/830
f 608/914/861 1367/911/859 2798/910/858 1395/913/860
f 695/805/765 1596/915/862 2799/916/863 1549/806/766
f 1596/915/862 700/897/846 1384/900/849 2799/916/863
f 2799/916/863 1384/900/849 652/902/851 1473/917/864
f 1549/806/766 2799/916/863 1473/917/864 648/807/767
f 701/892/841 1593/918/865 2800/919/866 1555/893/842
f 1593/918/865 707/920/867 1561/921/868 2800/919/866
f 2800/919/866 1561/921/868 615/922/869 1409/923/870
f 1555/893/842 2800/919/866 1409/923/870 612/894/843
f 607/857/808 1356/856/807 2801/924/871 1364/925/872
f 1356/856/807 606/855/806 1365/904/853 2801/924/871
f 2801/924/871 1365/904/853 610/908/857 1363/926/873
f 1364/925/872 2801/924/871 1363/926/873 611/927/874
f 605/863/814 1354/862/813 2802/928/875 1366/905/854
f 1354/862/813 604/861/812 1367/911/859 2802/928/875
f 2802/928/875 1367/911/859 608/914/861 1361/929/876
f 1366/905/854 2802/928/875 1361/929/876 609/906/855
f 704/838/791 1590/930/877 2803/931/878 1558/839/792
f 1590/930/877 713/932/879 1567/933/880 2803/931/878
f 2803/931/878 1567/933/880 668/934/881 1500/935/882
f 1558/839/792 2803/931/878 1500/935/882 664/840/793
f 610/908/857 1362/907/856 2804/936/883 1399/937/884
f 1362/907/856 609/906/855 1400/938/885 2804/936/883
f 2804/936/883 1400/938/885 548/566/551 1260/563/548
f 1399/937/884 2804/936/883 1260/563/548 549/562/547
f 608/914/861 1395/939/860 2805/940/886 1401/941/887
f 583/942/560 1368/943/557 2805/940/886 1395/939/860
f 547/571/556 1401/941/887 2805/940/886 1368/943/557
f 707/920/867 1587/944/888 2806/945/889 1561/921/868
f 1587/944/888 712/864/815 1392/867/818 2806/945/889
f 2806/945/889 1392/867/818 619/872/823 1416/946/890
f 1561/921/868 2806/945/889 1416/946/890 615/922/869
f 713/932/879 1584/947/891 2807/948/892 1567/933/880
f 1584/947/891 718/888/837 1396/891/840 2807/948/892
f 2807/948/892 1396/891/840 672/896/845 1508/949/893
f 1567/933/880 2807/948/892 1508/949/893 668/934/881
f 611/927/874 1363/926/873 2808/950/894 1398/951/895
f 1363/926/873 610/908/857 1399/937/884 2808/950/894
f 2808/950/894 1399/937/884 549/562/547 1261/579/564
f 1398/951/895 2808/950/894 1261/579/564 550/578/563
f 609/906/855 1361/929/876 2809/952/896 1400/938/885
f 1361/929/876 608/914/861 1401/941/887 2809/952/896
f 2809/952/896 1401/941/887 547/571/556 1259/584/569
f 1400/938/885 2809/952/896 1259/584/569 548/566/551
f 719/796/756 1581/953/897 2810/954/898 1573/797/757
f 1581/953/897 724/882/831 1402/885/834 2810/954/898
f 2810/954/898 1402/885/834 635/887/836 1444/955/899
f 1573/797/757 2810/954/898 1444/955/899 631/798/758
f 614/956/900 1511/957/901 2811/958/902 1407/959/903
f 1511/957/901 676/960/904 1514/961/905 2811/958/902
f 2811/958/902 1514/961/905 617/962/906 1406/963/907
f 1407/959/903 2811/958/902 1406/963/907 618/964/908
f 613/965/909 1403/966/910 2812/967/911 1408/968/912
f 1403/966/910 612/894/843 1409/923/870 2812/967/911
f 2812/967/911 1409/923/870 615/922/869 1404/969/913
f 1408/968/912 2812/967/911 1404/969/913 616/970/914
f 647/971/915 1512/972/916 2813/973/917 1513/974/918
f 614/956/900 1407/959/903 2813/973/917 1512/972/916
f 618/964/908 1513/974/918 2813/973/917 1407/959/903
f 676/960/904 1510/975/919 2814/976/920 1514/961/905
f 1510/975/919 613/965/909 1408/968/912 2814/976/920
f 2814/976/920 1408/968/912 616/970/914 1405/977/921
f 1514/961/905 2814/976/920 1405/977/921 617/962/906
f 647/978/915 1513/979/918 2815/980/922 1515/981/923
f 618/964/908 1413/982/924 2815/980/922 1513/979/918
f 622/983/925 1515/981/923 2815/980/922 1413/982/924
f 617/962/906 1405/977/921 2816/984/926 1414/985/927
f 1405/977/921 616/970/914 1415/986/928 2816/984/926
f 2816/984/926 1415/986/928 620/987/929 1411/988/930
f 1414/985/927 2816/984/926 1411/988/930 621/989/931
f 618/964/908 1406/963/907 2817/990/932 1413/982/924
f 1406/963/907 617/962/906 1414/985/927 2817/990/932
f 2817/990/932 1414/985/927 621/989/931 1412/991/933
f 1413/982/924 2817/990/932 1412/991/933 622/983/925
f 616/970/914 1404/969/913 2818/992/934 1415/986/928
f 1404/969/913 615/922/869 1416/946/890 2818/992/934
f 2818/992/934 1416/946/890 619/872/823 1410/993/935
f 1415/986/928 2818/992/934 1410/993/935 620/987/929
f 621/989/931 1411/988/930 2819/994/936 1420/995/937
f 1411/988/930 620/987/929 1421/996/938 2819/994/936
f 2819/994/936 1421/996/938 624/997/939 1418/998/940
f 1420/995/937 2819/994/936 1418/998/940 625/999/941
f 622/983/925 1412/991/933 2820/1000/942 1423/1001/943
f 1412/991/933 621/989/931 1420/995/937 2820/1000/942
f 2820/1000/942 1420/995/937 625/999/941 1419/1002/944
f 1423/1001/943 2820/1000/942 1419/1002/944 626/1003/945
f 620/987/929 1410/993/935 2821/1004/946 1421/996/938
f 1410/993/935 619/872/823 1422/871/822 2821/1004/946
f 2821/1004/946 1422/871/822 623/870/821 1417/1005/947
f 1421/996/938 2821/1004/946 1417/1005/947 624/997/939
f 647/1006/915 1515/1007/923 2822/1008/948 1516/1009/949
f 622/983/925 1423/1001/943 2822/1008/948 1515/1007/923
f 626/1003/945 1516/1009/949 2822/1008/948 1423/1001/943
f 626/1003/945 1419/1002/944 2823/1010/950 1427/1011/951
f 1419/1002/944 625/999/941 1428/1012/952 2823/1010/950
f 2823/1010/950 1428/1012/952 629/1013/953 1426/1014/954
f 1427/1011/951 2823/1010/950 1426/1014/954 630/1015/955
f 624/997/939 1417/1005/947 2824/1016/956 1429/1017/957
f 1417/1005/947 623/870/821 1430/875/826 2824/1016/956
f 2824/1016/956 1430/875/826 627/800/760 1424/1018/958
f 1429/1017/957 2824/1016/956 1424/1018/958 628/1019/959
f 647/1020/915 1516/1021/949 2825/1022/960 1517/1023/961
f 626/1003/945 1427/1011/951 2825/1022/960 1516/1021/949
f 630/1015/955 1517/1023/961 2825/1022/960 1427/1011/951
f 625/999/941 1418/998/940 2826/1024/962 1428/1012/952
f 1418/998/940 624/997/939 1429/1017/957 2826/1024/962
f 2826/1024/962 1429/1017/957 628/1019/959 1425/1025/963
f 1428/1012/952 2826/1024/962 1425/1025/963 629/1013/953
f 628/1019/959 1424/1018/958 2827/1026/964 1434/1027/965
f 1424/1018/958 627/800/760 1435/799/759 2827/1026/964
f 2827/1026/964 1435/799/759 631/798/758 1431/1028/966
f 1434/1027/965 2827/1026/964 1431/1028/966 632/1029/967
f 647/1030/915 1517/1031/961 2828/1032/968 1518/1033/969
f 630/1015/955 1436/1034/970 2828/1032/968 1517/1031/961
f 634/1035/971 1518/1033/969 2828/1032/968 1436/1034/970
f 629/1013/953 1425/1025/963 2829/1036/972 1437/1037/973
f 1425/1025/963 628/1019/959 1434/1027/965 2829/1036/972
f 2829/1036/972 1434/1027/965 632/1029/967 1432/1038/974
f 1437/1037/973 2829/1036/972 1432/1038/974 633/1039/975
f 630/1015/955 1426/1014/954 2830/1040/976 1436/1034/970
f 1426/1014/954 629/1013/953 1437/1037/973 2830/1040/976
f 2830/1040/976 1437/1037/973 633/1039/975 1433/1041/977
f 1436/1034/970 2830/1040/976 1433/1041/977 634/1035/971
f 647/1042/915 1518/1043/969 2831/1044/978 1519/1045/979
f 634/1035/971 1441/1046/980 2831/1044/978 1518/1043/969
f 638/1047/981 1519/1045/979 2831/1044/978 1441/1046/980
f 633/1039/975 1432/1038/974 2832/1048/982 1442/1049/983
f 1432/1038/974 632/1029/967 1443/1050/984 2832/1048/982
f 2832/1048/982 1443/1050/984 636/1051/985 1439/1052/986
f 1442/1049/983 2832/1048/982 1439/1052/986 637/1053/987
f 634/1035/971 1433/1041/977 2833/1054/988 1441/1046/980
f 1433/1041/977 633/1039/975 1442/1049/983 2833/1054/988
f 2833/1054/988 1442/1049/983 637/1053/987 1440/1055/989
f 1441/1046/980 2833/1054/988 1440/1055/989 638/1047/981
f 632/1029/967 1431/1028/966 2834/1056/990 1443/1050/984
f 1431/1028/966 631/798/758 1444/955/899 2834/1056/990
f 2834/1056/990 1444/955/899 635/887/836 1438/1057/991
f 1443/1050/984 2834/1056/990 1438/1057/991 636/1051/985
f 638/1047/981 1440/1055/989 2835/1058/992 1449/1059/993
f 1440/1055/989 637/1053/987 1450/1060/994 2835/1058/992
f 2835/1058/992 1450/1060/994 641/1061/995 1447/1062/996
f 1449/1059/993 2835/1058/992 1447/1062/996 642/1063/997
f 636/1051/985 1438/1057/991 2836/1064/998 1451/1065/999
f 1438/1057/991 635/887/836 1448/886/835 2836/1064/998
f 2836/1064/998 1448/886/835 639/851/802 1445/1066/1000
f 1451/1065/999 2836/1064/998 1445/1066/1000 640/1067/1001
f 647/1068/915 1519/1069/979 2837/1070/1002 1520/1071/1003
f 638/1047/981 1449/1059/993 2837/1070/1002 1519/1069/979
f 642/1063/997 1520/1071/1003 2837/1070/1002 1449/1059/993
f 637/1053/987 1439/1052/986 2838/1072/1004 1450/1060/994
f 1439/1052/986 636/1051/985 1451/1065/999 2838/1072/1004
f 2838/1072/1004 1451/1065/999 640/1067/1001 1446/1073/1005
f 1450/1060/994 2838/1072/1004 1446/1073/1005 641/1061/995
f 642/1063/997 1447/1062/996 2839/1074/1006 1456/1075/1007
f 1447/1062/996 641/1061/995 1457/1076/1008 2839/1074/1006
f 2839/1074/1006 1457/1076/1008 645/1077/1009 1454/1078/1010
f 1456/1075/1007 2839/1074/1006 1454/1078/1010 646/1079/1011
f 640/1067/1001 1445/1066/1000 2840/1080/1012 1458/1081/1013
f 1445/1066/1000 639/851/802 1459/850/801 2840/1080/1012
f 2840/1080/1012 1459/850/801 643/809/769 1452/1082/1014
f 1458/1081/1013 2840/1080/1012 1452/1082/1014 644/1083/1015
f 647/1084/915 1520/1085/1003 2841/1086/1016 1455/1087/1017
f 642/1063/997 1456/1075/1007 2841/1086/1016 1520/1085/1003
f 646/1079/1011 1455/1087/1017 2841/1086/1016 1456/1075/1007
f 641/1061/995 1446/1073/1005 2842/1088/1018 1457/1076/1008
f 1446/1073/1005 640/1067/1001 1458/1081/1013 2842/1088/1018
f 2842/1088/1018 1458/1081/1013 644/1083/1015 1453/1089/1019
f 1457/1076/1008 2842/1088/1018 1453/1089/1019 645/1077/1009
f 647/1090/915 1455/1091/1017 2843/1092/1020 1521/1093/1021
f 646/1079/1011 1463/1094/1022 2843/1092/1020 1455/1091/1017
f 651/1095/1023 1521/1093/1021 2843/1092/1020 1463/1094/1022
f 645/1077/1009 1453/1089/1019 2844/1096/1024 1464/1097/1025
f 1453/1089/1019 644/1083/1015 1465/1098/1026 2844/1096/1024
f 2844/1096/1024 1465/1098/1026 649/1099/1027 1461/1100/1028
f 1464/1097/1025 2844/1096/1024 1461/1100/1028 650/1101/1029
f 646/1079/1011 1454/1078/1010 2845/1102/1030 1463/1094/1022
f 1454/1078/1010 645/1077/1009 1464/1097/1025 2845/1102/1030
f 2845/1102/1030 1464/1097/1025 650/1101/1029 1462/1103/1031
f 1463/1094/1022 2845/1102/1030 1462/1103/1031 651/1095/1023
f 644/1083/1015 1452/1082/1014 2846/1104/1032 1465/1098/1026
f 1452/1082/1014 643/809/769 1466/808/768 2846/1104/1032
f 2846/1104/1032 1466/808/768 648/807/767 1460/1105/1033
f 1465/1098/1026 2846/1104/1032 1460/1105/1033 649/1099/1027
f 647/1106/915 1521/1107/1021 2847/1108/1034 1522/1109/1035
f 651/1095/1023 1470/1110/1036 2847/1108/1034 1521/1107/1021
f 655/1111/1037 1522/1109/1035 2847/1108/1034 1470/1110/1036
f 650/1101/1029 1461/1100/1028 2848/1112/1038 1471/1113/1039
f 1461/1100/1028 649/1099/1027 1472/1114/1040 2848/1112/1038
f 2848/1112/1038 1472/1114/1040 653/1115/1041 1468/1116/1042
f 1471/1113/1039 2848/1112/1038 1468/1116/1042 654/1117/1043
f 651/1095/1023 1462/1103/1031 2849/1118/1044 1470/1110/1036
f 1462/1103/1031 650/1101/1029 1471/1113/1039 2849/1118/1044
f 2849/1118/1044 1471/1113/1039 654/1117/1043 1469/1119/1045
f 1470/1110/1036 2849/1118/1044 1469/1119/1045 655/1111/1037
f 649/1099/1027 1460/1105/1033 2850/1120/1046 1472/1114/1040
f 1460/1105/1033 648/807/767 1473/917/864 2850/1120/1046
f 2850/1120/1046 1473/917/864 652/902/851 1467/1121/1047
f 1472/1114/1040 2850/1120/1046 1467/1121/1047 653/1115/1041
f 655/1111/1037 1469/1119/1045 2851/1122/1048 1477/1123/1049
f 1469/1119/1045 654/1117/1043 1478/1124/1050 2851/1122/1048
f 2851/1122/1048 1478/1124/1050 658/1125/1051 1476/1126/1052
f 1477/1123/1049 2851/1122/1048 1476/1126/1052 659/1127/1053
f 653/1115/1041 1467/1121/1047 2852/1128/1054 1479/1129/1055
f 1467/1121/1047 652/902/851 1480/901/850 2852/1128/1054
f 2852/1128/1054 1480/901/850 656/833/788 1474/1130/1056
f 1479/1129/1055 2852/1128/1054 1474/1130/1056 657/1131/1057
f 647/1132/915 1522/1133/1035 2853/1134/1058 1523/1135/1059
f 655/1111/1037 1477/1123/1049 2853/1134/1058 1522/1133/1035
f 659/1127/1053 1523/1135/1059 2853/1134/1058 1477/1123/1049
f 654/1117/1043 1468/1116/1042 2854/1136/1060 1478/1124/1050
f 1468/1116/1042 653/1115/1041 1479/1129/1055 2854/1136/1060
f 2854/1136/1060 1479/1129/1055 657/1131/1057 1475/1137/1061
f 1478/1124/1050 2854/1136/1060 1475/1137/1061 658/1125/1051
f 659/1127/1053 1476/1126/1052 2855/1138/1062 1484/1139/1063
f 1476/1126/1052 658/1125/1051 1485/1140/1064 2855/1138/1062
f 2855/1138/1062 1485/1140/1064 662/1141/1065 1483/1142/1066
f 1484/1139/1063 2855/1138/1062 1483/1142/1066 663/1143/1067
f 657/1131/1057 1474/1130/1056 2856/1144/1068 1486/1145/1069
f 1474/1130/1056 656/833/788 1487/832/787 2856/1144/1068
f 2856/1144/1068 1487/832/787 660/831/786 1481/1146/1070
f 1486/1145/1069 2856/1144/1068 1481/1146/1070 661/1147/1071
f 647/1148/915 1523/1149/1059 2857/1150/1072 1524/1151/1073
f 659/1127/1053 1484/1139/1063 2857/1150/1072 1523/1149/1059
f 663/1143/1067 1524/1151/1073 2857/1150/1072 1484/1139/1063
f 658/1125/1051 1475/1137/1061 2858/1152/1074 1485/1140/1064
f 1475/1137/1061 657/1131/1057 1486/1145/1069 2858/1152/1074
f 2858/1152/1074 1486/1145/1069 661/1147/1071 1482/1153/1075
f 1485/1140/1064 2858/1152/1074 1482/1153/1075 662/1141/1065
f 647/1154/915 1524/1155/1073 2859/1156/1076 1525/1157/1077
f 663/1158/1067 1491/1159/1078 2859/1156/1076 1524/1155/1073
f 667/1160/1079 1525/1157/1077 2859/1156/1076 1491/1159/1078
f 662/1161/1065 1482/1162/1075 2860/1163/1080 1492/1164/1081
f 1482/1162/1075 661/1165/1071 1493/1166/1082 2860/1163/1080
f 2860/1163/1080 1493/1166/1082 665/1167/1083 1489/1168/1084
f 1492/1164/1081 2860/1163/1080 1489/1168/1084 666/1169/1085
f 663/1158/1067 1483/1170/1066 2861/1171/1086 1491/1159/1078
f 1483/1170/1066 662/1161/1065 1492/1164/1081 2861/1171/1086
f 2861/1171/1086 1492/1164/1081 666/1169/1085 1490/1172/1087
f 1491/1159/1078 2861/1171/1086 1490/1172/1087 667/1160/1079
f 661/1165/1071 1481/1173/1070 2862/1174/1088 1493/1166/1082
f 1481/1173/1070 660/842/786 1494/841/794 2862/1174/1088
f 2862/1174/1088 1494/841/794 664/840/793 1488/1175/1089
f 1493/1166/1082 2862/1174/1088 1488/1175/1089 665/1167/1083
f 666/1169/1085 1489/1168/1084 2863/1176/1090 1498/1177/1091
f 1489/1168/1084 665/1167/1083 1499/1178/1092 2863/1176/1090
f 2863/1176/1090 1499/1178/1092 669/1179/1093 1496/1180/1094
f 1498/1177/1091 2863/1176/1090 1496/1180/1094 670/1181/1095
f 667/1160/1079 1490/1172/1087 2864/1182/1096 1501/1183/1097
f 1490/1172/1087 666/1169/1085 1498/1177/1091 2864/1182/1096
f 2864/1182/1096 1498/1177/1091 670/1181/1095 1497/1184/1098
f 1501/1183/1097 2864/1182/1096 1497/1184/1098 671/1185/1099
f 665/1167/1083 1488/1175/1089 2865/1186/1100 1499/1178/1092
f 1488/1175/1089 664/840/793 1500/935/882 2865/1186/1100
f 2865/1186/1100 1500/935/882 668/934/881 1495/1187/1101
f 1499/1178/1092 2865/1186/1100 1495/1187/1101 669/1179/1093
f 647/1188/915 1525/1189/1077 2866/1190/1102 1526/1191/1103
f 667/1160/1079 1501/1183/1097 2866/1190/1102 1525/1189/1077
f 671/1185/1099 1526/1191/1103 2866/1190/1102 1501/1183/1097
f 671/1185/1099 1497/1184/1098 2867/1192/1104 1505/1193/1105
f 1497/1184/1098 670/1181/1095 1506/1194/1106 2867/1192/1104
f 2867/1192/1104 1506/1194/1106 674/1195/1107 1504/1196/1108
f 1505/1193/1105 2867/1192/1104 1504/1196/1108 675/1197/1109
f 669/1179/1093 1495/1187/1101 2868/1198/1110 1507/1199/1111
f 1495/1187/1101 668/934/881 1508/949/893 2868/1198/1110
f 2868/1198/1110 1508/949/893 672/896/845 1502/1200/1112
f 1507/1199/1111 2868/1198/1110 1502/1200/1112 673/1201/1113
f 647/1202/915 1526/1203/1103 2869/1204/1114 1527/1205/1115
f 671/1185/1099 1505/1193/1105 2869/1204/1114 1526/1203/1103
f 675/1197/1109 1527/1205/1115 2869/1204/1114 1505/1193/1105
f 670/1181/1095 1496/1180/1094 2870/1206/1116 1506/1194/1106
f 1496/1180/1094 669/1179/1093 1507/1199/1111 2870/1206/1116
f 2870/1206/1116 1507/1199/1111 673/1201/1113 1503/1207/1117
f 1506/1194/1106 2870/1206/1116 1503/1207/1117 674/1195/1107
f 673/1201/1113 1502/1200/1112 2871/1208/1118 1528/1209/1119
f 1502/1200/1112 672/896/845 1529/895/844 2871/1208/1118
f 2871/1208/1118 1529/895/844 612/894/843 1403/966/910
f 1528/1209/1119 2871/1208/1118 1403/966/910 613/965/909
f 647/1210/915 1527/1211/1115 2872/1212/1120 1512/1213/916
f 675/1197/1109 1530/1214/1121 2872/1212/1120 1527/1211/1115
f 614/956/900 1512/1213/916 2872/1212/1120 1530/1214/1121
f 674/1195/1107 1503/1207/1117 2873/1215/1122 1509/1216/1123
f 1503/1207/1117 673/1201/1113 1528/1209/1119 2873/1215/1122
f 2873/1215/1122 1528/1209/1119 613/965/909 1510/975/919
f 1509/1216/1123 2873/1215/1122 1510/975/919 676/960/904
f 675/1197/1109 1504/1196/1108 2874/1217/1124 1530/1214/1121
f 1504/1196/1108 674/1195/1107 1509/1216/1123 2874/1217/1124
f 2874/1217/1124 1509/1216/1123 676/960/904 1511/957/901
f 1530/1214/1121 2874/1217/1124 1511/957/901 614/956/900
f 570/656/633 1300/660/637 2875/1218/1125 1397/1219/1126
f 1300/660/637 574/664/641 1576/1220/1127 2875/1218/1125
f 2875/1218/1125 1576/1220/1127 722/1221/1128 1579/1222/1129
f 1397/1219/1126 2875/1218/1125 1579/1222/1129 721/1223/1130
f 721/1223/1130 1579/1222/1129 2876/1224/1131 1575/1225/1132
f 1579/1222/1129 722/1221/1128 1577/1226/1133 2876/1224/1131
f 2876/1224/1131 1577/1226/1133 723/1227/1134 1580/1228/1135
f 1575/1225/1132 2876/1224/1131 1580/1228/1135 720/1229/1136
f 720/1229/1136 1580/1228/1135 2877/1230/1137 1574/1231/1138
f 1580/1228/1135 723/1227/1134 1578/1232/1139 2877/1230/1137
f 2877/1230/1137 1578/1232/1139 724/882/831 1581/953/897
f 1574/1231/1138 2877/1230/1137 1581/953/897 719/796/756
f 607/857/808 1364/925/872 2878/1233/1140 1394/1234/1141
f 1364/925/872 611/927/874 1570/1235/1142 2878/1233/1140
f 2878/1233/1140 1570/1235/1142 716/1236/1143 1582/1237/1144
f 1394/1234/1141 2878/1233/1140 1582/1237/1144 715/1238/1145
f 715/1238/1145 1582/1237/1144 2879/1239/1146 1569/1240/1147
f 1582/1237/1144 716/1236/1143 1571/1241/1148 2879/1239/1146
f 2879/1239/1146 1571/1241/1148 717/1242/1149 1583/1243/1150
f 1569/1240/1147 2879/1239/1146 1583/1243/1150 714/1244/1151
f 714/1244/1151 1583/1243/1150 2880/1245/1152 1568/1246/1153
f 1583/1243/1150 717/1242/1149 1572/1247/1154 2880/1245/1152
f 2880/1245/1152 1572/1247/1154 718/888/837 1584/947/891
f 1568/1246/1153 2880/1245/1152 1584/947/891 713/932/879
f 554/583/568 1273/594/577 2881/1248/1155 1390/1249/1156
f 1273/594/577 558/598/581 1564/1250/1157 2881/1248/1155
f 2881/1248/1155 1564/1250/1157 710/1251/1158 1585/1252/1159
f 1390/1249/1156 2881/1248/1155 1585/1252/1159 709/1253/1160
f 709/1253/1160 1585/1252/1159 2882/1254/1161 1563/1255/1162
f 1585/1252/1159 710/1251/1158 1565/1256/1163 2882/1254/1161
f 2882/1254/1161 1565/1256/1163 711/1257/1164 1586/1258/1165
f 1563/1255/1162 2882/1254/1161 1586/1258/1165 708/1259/1166
f 708/1259/1166 1586/1258/1165 2883/1260/1167 1562/1261/1168
f 1586/1258/1165 711/1257/1164 1566/1262/1169 2883/1260/1167
f 2883/1260/1167 1566/1262/1169 712/864/815 1587/944/888
f 1562/1261/1168 2883/1260/1167 1587/944/888 707/920/867
f 603/818/775 1357/853/804 2884/1263/1170 1388/1264/1171
f 1357/853/804 607/857/808 1394/1234/1141 2884/1263/1170
f 2884/1263/1170 1394/1234/1141 715/1238/1145 1588/1265/1172
f 1388/1264/1171 2884/1263/1170 1588/1265/1172 706/1266/1173
f 706/1266/1173 1588/1265/1172 2885/1267/1174 1560/1268/1175
f 1588/1265/1172 715/1238/1145 1569/1240/1147 2885/1267/1174
f 2885/1267/1174 1569/1240/1147 714/1244/1151 1589/1269/1176
f 1560/1268/1175 2885/1267/1174 1589/1269/1176 705/1270/1177
f 705/1270/1177 1589/1269/1176 2886/1271/1178 1559/1272/1179
f 1589/1269/1176 714/1244/1151 1568/1246/1153 2886/1271/1178
f 2886/1271/1178 1568/1246/1153 713/932/879 1590/930/877
f 1559/1272/1179 2886/1271/1178 1590/930/877 704/838/791
f 550/578/563 1265/581/566 2887/1273/1180 1386/1274/1181
f 1265/581/566 554/583/568 1390/1249/1156 2887/1273/1180
f 2887/1273/1180 1390/1249/1156 709/1253/1160 1591/1275/1182
f 1386/1274/1181 2887/1273/1180 1591/1275/1182 703/1276/1183
f 703/1276/1183 1591/1275/1182 2888/1277/1184 1557/1278/1185
f 1591/1275/1182 709/1253/1160 1563/1255/1162 2888/1277/1184
f 2888/1277/1184 1563/1255/1162 708/1259/1166 1592/1279/1186
f 1557/1278/1185 2888/1277/1184 1592/1279/1186 702/1280/1187
f 702/1280/1187 1592/1279/1186 2889/1281/1188 1556/1282/1189
f 1592/1279/1186 708/1259/1166 1562/1261/1168 2889/1281/1188
f 2889/1281/1188 1562/1261/1168 707/920/867 1593/918/865
f 1556/1282/1189 2889/1281/1188 1593/918/865 701/892/841
f 587/728/697 1329/732/701 2890/1283/1190 1382/1284/1191
f 1329/732/701 591/736/705 1552/1285/1192 2890/1283/1190
f 2890/1283/1190 1552/1285/1192 698/1286/1193 1594/1287/1194
f 1382/1284/1191 2890/1283/1190 1594/1287/1194 697/1288/1195
f 697/1288/1195 1594/1287/1194 2891/1289/1196 1551/1290/1197
f 1594/1287/1194 698/1286/1193 1553/1291/1198 2891/1289/1196
f 2891/1289/1196 1553/1291/1198 699/1292/1199 1595/1293/1200
f 1551/1290/1197 2891/1289/1196 1595/1293/1200 696/1294/1201
f 696/1294/1201 1595/1293/1200 2892/1295/1202 1550/1296/1203
f 1595/1293/1200 699/1292/1199 1554/1297/1204 2892/1295/1202
f 2892/1295/1202 1554/1297/1204 700/897/846 1596/915/862
f 1550/1296/1203 2892/1295/1202 1596/915/862 695/805/765
f 591/736/705 1338/764/729 2893/1298/1205 1552/1285/1192
f 1338/764/729 595/766/731 1546/1299/1206 2893/1298/1205
f 2893/1298/1205 1546/1299/1206 692/1300/1207 1597/1301/1208
f 1552/1285/1192 2893/1298/1205 1597/1301/1208 698/1286/1193
f 698/1286/1193 1597/1301/1208 2894/1302/1209 1553/1291/1198
f 1597/1301/1208 692/1300/1207 1547/1303/1210 2894/1302/1209
f 2894/1302/1209 1547/1303/1210 693/1304/1211 1598/1305/1212
f 1553/1291/1198 2894/1302/1209 1598/1305/1212 699/1292/1199
f 699/1292/1199 1598/1305/1212 2895/1306/1213 1554/1297/1204
f 1598/1305/1212 693/1304/1211 1548/1307/1214 2895/1306/1213
f 2895/1306/1213 1548/1307/1214 694/825/780 1599/898/847
f 1554/1297/1204 2895/1306/1213 1599/898/847 700/897/846
f 611/927/874 1398/951/895 2896/1308/1215 1570/1235/1142
f 1398/951/895 550/578/563 1386/1274/1181 2896/1308/1215
f 2896/1308/1215 1386/1274/1181 703/1276/1183 1600/1309/1216
f 1570/1235/1142 2896/1308/1215 1600/1309/1216 716/1236/1143
f 716/1236/1143 1600/1309/1216 2897/1310/1217 1571/1241/1148
f 1600/1309/1216 703/1276/1183 1557/1278/1185 2897/1310/1217
f 2897/1310/1217 1557/1278/1185 702/1280/1187 1601/1311/1218
f 1571/1241/1148 2897/1310/1217 1601/1311/1218 717/1242/1149
f 717/1242/1149 1601/1311/1218 2898/1312/1219 1572/1247/1154
f 1601/1311/1218 702/1280/1187 1556/1282/1189 2898/1312/1219
f 2898/1312/1219 1556/1282/1189 701/892/841 1602/889/838
f 1572/1247/1154 2898/1312/1219 1602/889/838 718/888/837
f 574/664/641 1307/678/653 2899/1313/1220 1576/1220/1127
f 1307/678/653 578/682/657 1543/1314/1221 2899/1313/1220
f 2899/1313/1220 1543/1314/1221 689/1315/1222 1603/1316/1223
f 1576/1220/1127 2899/1313/1220 1603/1316/1223 722/1221/1128
f 722/1221/1128 1603/1316/1223 2900/1317/1224 1577/1226/1133
f 1603/1316/1223 689/1315/1222 1544/1318/1225 2900/1317/1224
f 2900/1317/1224 1544/1318/1225 690/1319/1226 1604/1320/1227
f 1577/1226/1133 2900/1317/1224 1604/1320/1227 723/1227/1134
f 723/1227/1134 1604/1320/1227 2901/1321/1228 1578/1232/1139
f 1604/1320/1227 690/1319/1226 1545/1322/1229 2901/1321/1228
f 2901/1321/1228 1545/1322/1229 691/846/797 1605/883/832
f 1578/1232/1139 2901/1321/1228 1605/883/832 724/882/831
f 562/610/593 1286/636/615 2902/1323/1230 1374/1324/1231
f 1286/636/615 566/638/617 1540/1325/1232 2902/1323/1230
f 2902/1323/1230 1540/1325/1232 686/1326/1233 1606/1327/1234
f 1374/1324/1231 2902/1323/1230 1606/1327/1234 685/1328/1235
f 685/1328/1235 1606/1327/1234 2903/1329/1236 1539/1330/1237
f 1606/1327/1234 686/1326/1233 1541/1331/1238 2903/1329/1236
f 2903/1329/1236 1541/1331/1238 687/1332/1239 1607/1333/1240
f 1539/1330/1237 2903/1329/1236 1607/1333/1240 684/1334/1241
f 684/1334/1241 1607/1333/1240 2904/1335/1242 1538/1336/1243
f 1607/1333/1240 687/1332/1239 1542/1337/1244 2904/1335/1242
f 2904/1335/1242 1542/1337/1244 688/792/752 1608/873/824
f 1538/1336/1243 2904/1335/1242 1608/873/824 683/868/819
f 558/598/581 1279/606/589 2905/1338/1245 1564/1250/1157
f 1279/606/589 562/610/593 1374/1324/1231 2905/1338/1245
f 2905/1338/1245 1374/1324/1231 685/1328/1235 1609/1339/1246
f 1564/1250/1157 2905/1338/1245 1609/1339/1246 710/1251/1158
f 710/1251/1158 1609/1339/1246 2906/1340/1247 1565/1256/1163
f 1609/1339/1246 685/1328/1235 1539/1330/1237 2906/1340/1247
f 2906/1340/1247 1539/1330/1237 684/1334/1241 1610/1341/1248
f 1565/1256/1163 2906/1340/1247 1610/1341/1248 711/1257/1164
f 711/1257/1164 1610/1341/1248 2907/1342/1249 1566/1262/1169
f 1610/1341/1248 684/1334/1241 1538/1336/1243 2907/1342/1249
f 2907/1342/1249 1538/1336/1243 683/868/819 1611/865/816
f 1566/1262/1169 2907/1342/1249 1611/865/816 712/864/815
f 578/682/657 1314/708/679 2908/1343/1250 1543/1314/1221
f 1314/708/679 582/710/681 1534/1344/1251 2908/1343/1250
f 2908/1343/1250 1534/1344/1251 680/1345/1252 1612/1346/1253
f 1543/1314/1221 2908/1343/1250 1612/1346/1253 689/1315/1222
f 689/1315/1222 1612/1346/1253 2909/1347/1254 1544/1318/1225
f 1612/1346/1253 680/1345/1252 1535/1348/1255 2909/1347/1254
f 2909/1347/1254 1535/1348/1255 681/1349/1256 1613/1350/1257
f 1544/1318/1225 2909/1347/1254 1613/1350/1257 690/1319/1226
f 690/1319/1226 1613/1350/1257 2910/1351/1258 1545/1322/1229
f 1613/1350/1257 681/1349/1256 1536/1352/1259 2910/1351/1258
f 2910/1351/1258 1536/1352/1259 682/801/761 1614/847/798
f 1545/1322/1229 2910/1351/1258 1614/847/798 691/846/797
f 599/810/745 1351/813/771 2911/1353/1260 1370/1354/1261
f 1351/813/771 603/818/775 1388/1264/1171 2911/1353/1260
f 2911/1353/1260 1388/1264/1171 706/1266/1173 1615/1355/1262
f 1370/1354/1261 2911/1353/1260 1615/1355/1262 679/1356/1263
f 679/1356/1263 1615/1355/1262 2912/1357/1264 1533/1358/1265
f 1615/1355/1262 706/1266/1173 1560/1268/1175 2912/1357/1264
f 2912/1357/1264 1560/1268/1175 705/1270/1177 1616/1359/1266
f 1533/1358/1265 2912/1357/1264 1616/1359/1266 678/1360/1267
f 678/1360/1267 1616/1359/1266 2913/1361/1268 1532/1362/1269
f 1616/1359/1266 705/1270/1177 1559/1272/1179 2913/1361/1268
f 2913/1361/1268 1559/1272/1179 704/838/791 1617/835/789
f 1532/1362/1269 2913/1361/1268 1617/835/789 677/834/784
f 595/766/731 1343/780/743 2914/1363/1270 1546/1299/1206
f 1343/780/743 599/782/745 1370/1364/1261 2914/1363/1270
f 2914/1363/1270 1370/1364/1261 679/1365/1263 1618/1366/1271
f 1546/1299/1206 2914/1363/1270 1618/1366/1271 692/1300/1207
f 692/1300/1207 1618/1366/1271 2915/1367/1272 1547/1303/1210
f 1618/1366/1271 679/1365/1263 1533/1368/1265 2915/1367/1272
f 2915/1367/1272 1533/1368/1265 678/1369/1267 1619/1370/1273
f 1547/1303/1210 2915/1367/1272 1619/1370/1273 693/1304/1211
f 693/1304/1211 1619/1370/1273 2916/1371/1274 1548/1307/1214
f 1619/1370/1273 678/1369/1267 1532/1372/1269 2916/1371/1274
f 2916/1371/1274 1532/1372/1269 677/829/784 1620/826/781
f 1548/1307/1214 2916/1371/1274 1620/826/781 694/825/780
f 582/710/681 1325/726/695 2917/1373/1275 1534/1344/1251
f 1325/726/695 587/728/697 1382/1284/1191 2917/1373/1275
f 2917/1373/1275 1382/1284/1191 697/1288/1195 1621/1374/1276
f 1534/1344/1251 2917/1373/1275 1621/1374/1276 680/1345/1252
f 680/1345/1252 1621/1374/1276 2918/1375/1277 1535/1348/1255
f 1621/1374/1276 697/1288/1195 1551/1290/1197 2918/1375/1277
f 2918/1375/1277 1551/1290/1197 696/1294/1201 1622/1376/1278
f 1535/1348/1255 2918/1375/1277 1622/1376/1278 681/1349/1256
f 681/1349/1256 1622/1376/1278 2919/1377/1279 1536/1352/1259
f 1622/1376/1278 696/1294/1201 1550/1296/1203 2919/1377/1279
f 2919/1377/1279 1550/1296/1203 695/805/765 1623/802/762
f 1536/1352/1259 2919/1377/1279 1623/802/762 682/801/761
f 566/638/617 1293/654/631 2920/1378/1280 1540/1325/1232
f 1293/654/631 570/656/633 1397/1219/1126 2920/1378/1280
f 2920/1378/1280 1397/1219/1126 721/1223/1130 1624/1379/1281
f 1540/1325/1232 2920/1378/1280 1624/1379/1281 686/1326/1233
f 686/1326/1233 1624/1379/1281 2921/1380/1282 1541/1331/1238
f 1624/1379/1281 721/1223/1130 1575/1225/1132 2921/1380/1282
f 2921/1380/1282 1575/1225/1132 720/1229/1136 1625/1381/1283
f 1541/1331/1238 2921/1380/1282 1625/1381/1283 687/1332/1239
f 687/1332/1239 1625/1381/1283 2922/1382/1284 1542/1337/1244
f 1625/1381/1283 720/1229/1136 1574/1231/1138 2922/1382/1284
f 2922/1382/1284 1574/1231/1138 719/796/756 1626/793/753
f 1542/1337/1244 2922/1382/1284 1626/793/753 688/792/752
f 727/562/1285 1634/1383/1286 2923/1384/1287 1628/563/1288
f 1634/1383/1286 731/570/1289 1631/569/1290 2923/1384/1287
f 2923/1384/1287 1631/569/1290 730/568/1291 1635/567/1292
f 1628/563/1288 2923/1384/1287 1635/567/1292 726/566/1293
f 725/571/1294 1636/574/1295 2924/573/1296 1736/572/1297
f 729/577/1298 1737/576/1299 2924/573/1296 1636/574/1295
f 761/575/1300 1736/572/1297 2924/573/1296 1737/576/1299
f 728/1385/1301 1633/581/1302 2925/580/1303 1629/579/1304
f 1633/581/1302 732/583/1305 1632/582/1306 2925/580/1303
f 2925/580/1303 1632/582/1306 731/570/1289 1634/1383/1286
f 1629/579/1304 2925/580/1303 1634/1383/1286 727/562/1285
f 726/566/1293 1635/567/1292 2926/585/1307 1627/584/1308
f 1635/567/1292 730/568/1291 1630/586/1309 2926/585/1307
f 2926/585/1307 1630/586/1309 729/577/1298 1636/574/1295
f 1627/584/1308 2926/585/1307 1636/574/1295 725/571/1294
f 729/577/1298 1640/589/1310 2927/588/1311 1737/587/1299
f 733/592/1312 1739/591/1313 2927/588/1311 1640/589/1310
f 761/590/1300 1737/587/1299 2927/588/1311 1739/591/1313
f 732/583/1305 1641/594/1314 2928/593/1315 1632/582/1306
f 1641/594/1314 736/598/1316 1639/597/1317 2928/593/1315
f 2928/593/1315 1639/597/1317 735/596/1318 1642/595/1319
f 1632/582/1306 2928/593/1315 1642/595/1319 731/570/1289
f 730/568/1291 1643/600/1320 2929/599/1321 1630/586/1309
f 1643/600/1320 734/602/1322 1637/601/1323 2929/599/1321
f 2929/599/1321 1637/601/1323 733/592/1312 1640/589/1310
f 1630/586/1309 2929/599/1321 1640/589/1310 729/577/1298
f 731/570/1289 1642/595/1319 2930/603/1324 1631/569/1290
f 1642/595/1319 735/596/1318 1638/604/1325 2930/603/1324
f 2930/603/1324 1638/604/1325 734/602/1322 1643/600/1320
f 1631/569/1290 2930/603/1324 1643/600/1320 730/568/1291
f 736/598/1316 1647/606/1326 2931/605/1327 1639/597/1317
f 1647/606/1326 740/610/1328 1646/609/1329 2931/605/1327
f 2931/605/1327 1646/609/1329 739/608/1330 1648/607/1331
f 1639/597/1317 2931/605/1327 1648/607/1331 735/596/1318
f 734/602/1322 1649/612/1332 2932/611/1333 1637/601/1323
f 1649/612/1332 738/616/1334 1644/615/1335 2932/611/1333
f 2932/611/1333 1644/615/1335 737/614/1336 1650/613/1337
f 1637/601/1323 2932/611/1333 1650/613/1337 733/592/1312
f 735/596/1318 1648/607/1331 2933/617/1338 1638/604/1325
f 1648/607/1331 739/608/1330 1645/1386/1339 2933/617/1338
f 2933/617/1338 1645/1386/1339 738/616/1334 1649/612/1332
f 1638/604/1325 2933/617/1338 1649/612/1332 734/602/1322
f 733/592/1312 1650/613/1337 2934/620/1340 1739/619/1313
f 737/614/1336 1741/622/1341 2934/620/1340 1650/613/1337
f 761/621/1300 1739/619/1313 2934/620/1340 1741/622/1341
f 739/608/1330 1655/624/1342 2935/623/1343 1645/1386/1339
f 1655/624/1342 743/628/1344 1652/1387/1345 2935/623/1343
f 2935/623/1343 1652/1387/1345 742/626/1346 1656/625/1347
f 1645/1386/1339 2935/623/1343 1656/625/1347 738/616/1334
f 737/614/1336 1657/631/1348 2936/630/1349 1741/629/1341
f 741/634/1350 1743/633/1351 2936/630/1349 1657/631/1348
f 761/632/1300 1741/629/1341 2936/630/1349 1743/633/1351
f 740/610/1328 1654/636/1352 2937/635/1353 1646/609/1329
f 1654/636/1352 744/638/1354 1653/637/1355 2937/635/1353
f 2937/635/1353 1653/637/1355 743/628/1344 1655/624/1342
f 1646/609/1329 2937/635/1353 1655/624/1342 739/608/1330
f 738/616/1334 1656/625/1347 2938/639/1356 1644/615/1335
f 1656/625/1347 742/626/1346 1651/640/1357 2938/639/1356
f 2938/639/1356 1651/640/1357 741/634/1350 1657/631/1348
f 1644/615/1335 2938/639/1356 1657/631/1348 737/614/1336
f 743/628/1344 1662/642/1358 2939/641/1359 1652/1387/1345
f 1662/642/1358 747/646/1360 1659/645/1361 2939/641/1359
f 2939/641/1359 1659/645/1361 746/644/1362 1663/643/1363
f 1652/1387/1345 2939/641/1359 1663/643/1363 742/626/1346
f 741/634/1350 1664/649/1364 2940/648/1365 1743/647/1351
f 745/652/1366 1745/651/1367 2940/648/1365 1664/649/1364
f 761/650/1300 1743/647/1351 2940/648/1365 1745/651/1367
f 744/638/1354 1661/654/1368 2941/653/1369 1653/637/1355
f 1661/654/1368 748/656/1370 1660/655/1371 2941/653/1369
f 2941/653/1369 1660/655/1371 747/646/1360 1662/642/1358
f 1653/637/1355 2941/653/1369 1662/642/1358 743/628/1344
f 742/626/1346 1663/643/1363 2942/657/1372 1651/640/1357
f 1663/643/1363 746/644/1362 1658/658/1373 2942/657/1372
f 2942/657/1372 1658/658/1373 745/652/1366 1664/649/1364
f 1651/640/1357 2942/657/1372 1664/649/1364 741/634/1350
f 748/656/1370 1668/660/1374 2943/659/1375 1660/655/1371
f 1668/660/1374 752/664/1376 1667/663/1377 2943/659/1375
f 2943/659/1375 1667/663/1377 751/662/1378 1669/661/1379
f 1660/655/1371 2943/659/1375 1669/661/1379 747/646/1360
f 746/644/1362 1670/666/1380 2944/665/1381 1658/658/1373
f 1670/666/1380 750/670/1382 1665/669/1383 2944/665/1381
f 2944/665/1381 1665/669/1383 749/668/1384 1671/667/1385
f 1658/658/1373 2944/665/1381 1671/667/1385 745/652/1366
f 747/646/1360 1669/661/1379 2945/671/1386 1659/645/1361
f 1669/661/1379 751/662/1378 1666/672/1387 2945/671/1386
f 2945/671/1386 1666/672/1387 750/670/1382 1670/666/1380
f 1659/645/1361 2945/671/1386 1670/666/1380 746/644/1362
f 745/652/1366 1671/667/1385 2946/674/1388 1745/673/1367
f 749/668/1384 1747/676/1389 2946/674/1388 1671/667/1385
f 761/675/1300 1745/673/1367 2946/674/1388 1747/676/1389
f 752/664/1376 1675/678/1390 2947/677/1391 1667/663/1377
f 1675/678/1390 756/682/1392 1674/681/1393 2947/677/1391
f 2947/677/1391 1674/681/1393 755/680/1394 1676/679/1395
f 1667/663/1377 2947/677/1391 1676/679/1395 751/662/1378
f 750/670/1382 1677/684/1396 2948/683/1397 1665/669/1383
f 1677/684/1396 754/688/1398 1672/687/1399 2948/683/1397
f 2948/683/1397 1672/687/1399 753/686/1400 1678/685/1401
f 1665/669/1383 2948/683/1397 1678/685/1401 749/668/1384
f 751/662/1378 1676/679/1395 2949/689/1402 1666/672/1387
f 1676/679/1395 755/680/1394 1673/690/1403 2949/689/1402
f 2949/689/1402 1673/690/1403 754/688/1398 1677/684/1396
f 1666/672/1387 2949/689/1402 1677/684/1396 750/670/1382
f 749/668/1384 1678/685/1401 2950/692/1404 1747/691/1389
f 753/686/1400 1749/694/1405 2950/692/1404 1678/685/1401
f 761/693/1300 1747/691/1389 2950/692/1404 1749/694/1405
f 755/680/1394 1683/696/1406 2951/1388/1407 1673/690/1403
f 1683/696/1406 759/700/1408 1680/699/1409 2951/1388/1407
f 2951/1388/1407 1680/699/1409 758/698/1410 1684/697/1411
f 1673/690/1403 2951/1388/1407 1684/697/1411 754/688/1398
f 753/686/1400 1685/703/1412 2952/702/1413 1749/701/1405
f 757/706/1414 1751/705/1415 2952/702/1413 1685/703/1412
f 761/704/1300 1749/701/1405 2952/702/1413 1751/705/1415
f 756/682/1392 1682/708/1416 2953/707/1417 1674/681/1393
f 1682/708/1416 760/710/1418 1681/709/1419 2953/707/1417
f 2953/707/1417 1681/709/1419 759/700/1408 1683/696/1406
f 1674/681/1393 2953/707/1417 1683/696/1406 755/680/1394
f 754/688/1398 1684/697/1411 2954/711/1420 1672/687/1399
f 1684/697/1411 758/698/1410 1679/712/1421 2954/711/1420
f 2954/711/1420 1679/712/1421 757/706/1414 1685/703/1412
f 1672/687/1399 2954/711/1420 1685/703/1412 753/686/1400
f 759/700/1408 1690/714/1422 2955/713/1423 1680/699/1409
f 1690/714/1422 764/718/1424 1688/717/1425 2955/713/1423
f 2955/713/1423 1688/717/1425 763/1389/1426 1691/715/1427
f 1680/699/1409 2955/713/1423 1691/715/1427 758/698/1410
f 757/706/1414 1692/721/1428 2956/720/1429 1751/719/1415
f 762/724/1430 1686/723/1431 2956/720/1429 1692/721/1428
f 761/722/1300 1751/719/1415 2956/720/1429 1686/723/1431
f 760/710/1418 1693/726/1432 2957/725/1433 1681/709/1419
f 1693/726/1432 765/728/1434 1689/727/1435 2957/725/1433
f 2957/725/1433 1689/727/1435 764/718/1424 1690/714/1422
f 1681/709/1419 2957/725/1433 1690/714/1422 759/700/1408
f 758/698/1410 1691/715/1427 2958/729/1436 1679/712/1421
f 1691/715/1427 763/1389/1426 1687/730/1437 2958/729/1436
f 2958/729/1436 1687/730/1437 762/724/1430 1692/721/1428
f 1679/712/1421 2958/729/1436 1692/721/1428 757/706/1414
f 765/728/1434 1697/732/1438 2959/731/1439 1689/727/1435
f 1697/732/1438 769/736/1440 1696/735/1441 2959/731/1439
f 2959/731/1439 1696/735/1441 768/734/1442 1698/733/1443
f 1689/727/1435 2959/731/1439 1698/733/1443 764/718/1424
f 763/1389/1426 1699/738/1444 2960/737/1445 1687/730/1437
f 1699/738/1444 767/742/1446 1694/741/1447 2960/737/1445
f 2960/737/1445 1694/741/1447 766/740/1448 1700/739/1449
f 1687/730/1437 2960/737/1445 1700/739/1449 762/724/1430
f 764/718/1424 1698/733/1443 2961/743/1450 1688/717/1425
f 1698/733/1443 768/734/1442 1695/744/1451 2961/743/1450
f 2961/743/1450 1695/744/1451 767/742/1446 1699/738/1444
f 1688/717/1425 2961/743/1450 1699/738/1444 763/1389/1426
f 762/724/1430 1700/739/1449 2962/746/1452 1686/745/1431
f 766/740/1448 1753/748/1453 2962/746/1452 1700/739/1449
f 761/747/1300 1686/745/1431 2962/746/1452 1753/748/1453
f 767/742/1446 1704/750/1454 2963/1390/1455 1694/741/1447
f 1704/750/1454 771/754/1456 1701/753/1457 2963/1390/1455
f 2963/1390/1455 1701/753/1457 770/752/1458 1705/751/1459
f 1694/741/1447 2963/1390/1455 1705/751/1459 766/740/1448
f 768/734/1442 1707/756/1460 2964/755/1461 1695/744/1451
f 1707/756/1460 772/758/1462 1702/757/1463 2964/755/1461
f 2964/755/1461 1702/757/1463 771/754/1456 1704/750/1454
f 1695/744/1451 2964/755/1461 1704/750/1454 767/742/1446
f 766/740/1448 1705/751/1459 2965/760/1464 1753/759/1453
f 770/752/1458 1755/762/1465 2965/760/1464 1705/751/1459
f 761/761/1300 1753/759/1453 2965/760/1464 1755/762/1465
f 769/736/1440 1706/764/1466 2966/763/1467 1696/735/1441
f 1706/764/1466 773/766/1468 1703/765/1469 2966/763/1467
f 2966/763/1467 1703/765/1469 772/758/1462 1707/756/1460
f 1696/735/1441 2966/763/1467 1707/756/1460 768/734/1442
f 772/758/1462 1712/768/1470 2967/767/1471 1702/757/1463
f 1712/768/1470 776/772/1472 1709/771/1473 2967/767/1471
f 2967/767/1471 1709/771/1473 775/770/1474 1713/769/1475
f 1702/757/1463 2967/767/1471 1713/769/1475 771/754/1456
f 770/752/1458 1714/775/1476 2968/774/1477 1755/773/1465
f 774/778/1478 1757/777/1479 2968/774/1477 1714/775/1476
f 761/776/1300 1755/773/1465 2968/774/1477 1757/777/1479
f 773/766/1468 1711/780/1480 2969/779/1481 1703/765/1469
f 1711/780/1480 777/782/1482 1710/781/1483 2969/779/1481
f 2969/779/1481 1710/781/1483 776/772/1472 1712/768/1470
f 1703/765/1469 2969/779/1481 1712/768/1470 772/758/1462
f 771/754/1456 1713/769/1475 2970/783/1484 1701/753/1457
f 1713/769/1475 775/770/1474 1708/784/1485 2970/783/1484
f 2970/783/1484 1708/784/1485 774/778/1478 1714/775/1476
f 1701/753/1457 2970/783/1484 1714/775/1476 770/752/1458
f 774/785/1478 1718/788/1486 2971/787/1487 1757/786/1479
f 778/791/1488 1759/790/1489 2971/787/1487 1718/788/1486
f 761/789/1300 1757/786/1479 2971/787/1487 1759/790/1489
f 866/792/1490 1744/795/1491 2972/794/1492 1994/793/1493
f 1744/795/1491 805/800/1494 1803/799/1495 2972/794/1492
f 2972/794/1492 1803/799/1495 809/798/1496 1941/797/1497
f 1994/793/1493 2972/794/1492 1941/797/1497 897/796/1498
f 860/801/1499 1740/804/1500 2973/803/1501 1991/802/1502
f 1740/804/1500 821/809/1503 1834/808/1504 2973/803/1501
f 2973/803/1501 1834/808/1504 826/807/1505 1917/806/1506
f 1991/802/1502 2973/803/1501 1917/806/1506 873/805/1507
f 777/810/1482 1719/813/1508 2974/812/1509 1710/811/1483
f 1719/813/1508 781/818/1510 1717/1391/1511 2974/812/1509
f 2974/812/1509 1717/1391/1511 780/816/1512 1720/815/1513
f 1710/811/1483 2974/812/1509 1720/815/1513 776/814/1472
f 775/819/1474 1721/1392/1514 2975/821/1515 1708/820/1485
f 1721/1392/1514 779/1393/1516 1715/823/1517 2975/821/1515
f 2975/821/1515 1715/823/1517 778/791/1488 1718/788/1486
f 1708/820/1485 2975/821/1515 1718/788/1486 774/785/1478
f 872/825/1518 1748/828/1519 2976/827/1520 1988/826/1521
f 1748/828/1519 834/833/1522 1855/832/1523 2976/827/1520
f 2976/827/1520 1855/832/1523 838/831/1524 1899/830/1525
f 1988/826/1521 2976/827/1520 1899/830/1525 855/829/1526
f 855/834/1526 1899/837/1525 2977/836/1527 1985/835/1528
f 1899/837/1525 838/842/1524 1862/841/1529 2977/836/1527
f 2977/836/1527 1862/841/1529 842/840/1530 1926/839/1531
f 1985/835/1528 2977/836/1527 1926/839/1531 882/838/1532
f 776/814/1472 1720/815/1513 2978/844/1533 1709/843/1473
f 1720/815/1513 780/816/1512 1716/845/1534 2978/844/1533
f 2978/844/1533 1716/845/1534 779/1393/1516 1721/1392/1514
f 1709/843/1473 2978/844/1533 1721/1392/1514 775/819/1474
f 869/846/1535 1746/849/1536 2979/848/1537 1982/847/1538
f 1746/849/1536 817/851/1539 1827/850/1540 2979/848/1537
f 2979/848/1537 1827/850/1540 821/809/1503 1740/804/1500
f 1982/847/1538 2979/848/1537 1740/804/1500 860/801/1499
f 781/818/1510 1725/853/1541 2980/852/1542 1717/1391/1511
f 1725/853/1541 785/857/1543 1724/1394/1544 2980/852/1542
f 2980/852/1542 1724/1394/1544 784/855/1545 1726/854/1546
f 1717/1391/1511 2980/852/1542 1726/854/1546 780/816/1512
f 779/1393/1516 1727/859/1547 2981/858/1548 1715/823/1517
f 1727/859/1547 783/863/1549 1722/862/1550 2981/858/1548
f 2981/858/1548 1722/862/1550 782/861/1551 1728/860/1552
f 1715/823/1517 2981/858/1548 1728/860/1552 778/791/1488
f 890/864/1553 1760/867/1554 2982/866/1555 1979/865/1556
f 1760/867/1554 797/872/1557 1790/871/1558 2982/866/1555
f 2982/866/1555 1790/871/1558 801/870/1559 1905/869/1560
f 1979/865/1556 2982/866/1555 1905/869/1560 861/868/1561
f 861/868/1561 1905/869/1560 2983/874/1562 1976/1395/1563
f 1905/869/1560 801/870/1559 1798/875/1564 2983/874/1562
f 2983/874/1562 1798/875/1564 805/800/1494 1744/795/1491
f 1976/1395/1563 2983/874/1562 1744/795/1491 866/792/1490
f 780/816/1512 1726/854/1546 2984/876/1565 1716/845/1534
f 1726/854/1546 784/855/1545 1723/877/1566 2984/876/1565
f 2984/876/1565 1723/877/1566 783/863/1549 1727/859/1547
f 1716/845/1534 2984/876/1565 1727/859/1547 779/1393/1516
f 778/791/1488 1728/860/1552 2985/879/1567 1759/878/1489
f 782/861/1551 1761/881/1568 2985/879/1567 1728/860/1552
f 761/880/1300 1759/878/1489 2985/879/1567 1761/881/1568
f 902/882/1569 1770/885/1570 2986/884/1571 1973/883/1572
f 1770/885/1570 813/887/1573 1816/886/1574 2986/884/1571
f 2986/884/1571 1816/886/1574 817/851/1539 1746/849/1536
f 1973/883/1572 2986/884/1571 1746/849/1536 869/846/1535
f 896/888/1575 1764/891/1576 2987/890/1577 1970/889/1578
f 1764/891/1576 850/896/1579 1897/895/1580 2987/890/1577
f 2987/890/1577 1897/895/1580 790/894/1581 1923/893/1582
f 1970/889/1578 2987/890/1577 1923/893/1582 879/892/1583
f 878/897/1584 1752/900/1585 2988/899/1586 1967/898/1587
f 1752/900/1585 830/902/1588 1848/901/1589 2988/899/1586
f 2988/899/1586 1848/901/1589 834/833/1522 1748/828/1519
f 1967/898/1587 2988/899/1586 1748/828/1519 872/825/1518
f 784/855/1545 1733/904/1590 2989/903/1591 1723/877/1566
f 1733/904/1590 788/908/1592 1730/907/1593 2989/903/1591
f 2989/903/1591 1730/907/1593 787/906/1594 1734/905/1595
f 1723/877/1566 2989/903/1591 1734/905/1595 783/863/1549
f 782/861/1551 1735/911/1596 2990/910/1597 1761/909/1568
f 786/914/1598 1763/913/1599 2990/910/1597 1735/911/1596
f 761/912/1300 1761/909/1568 2990/910/1597 1763/913/1599
f 873/805/1507 1917/806/1506 2991/916/1600 1964/915/1601
f 1917/806/1506 826/807/1505 1841/917/1602 2991/916/1600
f 2991/916/1600 1841/917/1602 830/902/1588 1752/900/1585
f 1964/915/1601 2991/916/1600 1752/900/1585 878/897/1584
f 879/892/1583 1923/893/1582 2992/919/1603 1961/918/1604
f 1923/893/1582 790/894/1581 1777/923/1605 2992/919/1603
f 2992/919/1603 1777/923/1605 793/922/1606 1929/921/1607
f 1961/918/1604 2992/919/1603 1929/921/1607 885/920/1608
f 785/857/1543 1732/925/1609 2993/924/1610 1724/1394/1544
f 1732/925/1609 789/1396/1611 1731/926/1612 2993/924/1610
f 2993/924/1610 1731/926/1612 788/908/1592 1733/904/1590
f 1724/1394/1544 2993/924/1610 1733/904/1590 784/855/1545
f 783/863/1549 1734/905/1595 2994/928/1613 1722/862/1550
f 1734/905/1595 787/906/1594 1729/929/1614 2994/928/1613
f 2994/928/1613 1729/929/1614 786/914/1598 1735/911/1596
f 1722/862/1550 2994/928/1613 1735/911/1596 782/861/1551
f 882/838/1532 1926/839/1531 2995/931/1615 1958/930/1616
f 1926/839/1531 842/840/1530 1868/935/1617 2995/931/1615
f 2995/931/1615 1868/935/1617 846/934/1618 1935/933/1619
f 1958/930/1616 2995/931/1615 1935/933/1619 891/1397/1620
f 788/908/1592 1767/937/1621 2996/936/1622 1730/907/1593
f 1767/937/1621 727/562/1285 1628/563/1288 2996/936/1622
f 2996/936/1622 1628/563/1288 726/566/1293 1768/938/1623
f 1730/907/1593 2996/936/1622 1768/938/1623 787/906/1594
f 786/914/1598 1769/941/1624 2997/940/1625 1763/939/1599
f 725/571/1294 1736/943/1297 2997/940/1625 1769/941/1624
f 761/942/1300 1763/939/1599 2997/940/1625 1736/943/1297
f 885/920/1608 1929/921/1607 2998/945/1626 1955/944/1627
f 1929/921/1607 793/922/1606 1784/946/1628 2998/945/1626
f 2998/945/1626 1784/946/1628 797/872/1557 1760/867/1554
f 1955/944/1627 2998/945/1626 1760/867/1554 890/864/1553
f 891/1397/1620 1935/933/1619 2999/948/1629 1952/947/1630
f 1935/933/1619 846/934/1618 1876/949/1631 2999/948/1629
f 2999/948/1629 1876/949/1631 850/896/1579 1764/891/1576
f 1952/947/1630 2999/948/1629 1764/891/1576 896/888/1575
f 789/1396/1611 1766/951/1632 3000/950/1633 1731/926/1612
f 1766/951/1632 728/1385/1301 1629/579/1304 3000/950/1633
f 3000/950/1633 1629/579/1304 727/562/1285 1767/937/1621
f 1731/926/1612 3000/950/1633 1767/937/1621 788/908/1592
f 787/906/1594 1768/938/1623 3001/952/1634 1729/929/1614
f 1768/938/1623 726/566/1293 1627/584/1308 3001/952/1634
f 3001/952/1634 1627/584/1308 725/571/1294 1769/941/1624
f 1729/929/1614 3001/952/1634 1769/941/1624 786/914/1598
f 897/796/1498 1941/797/1497 3002/954/1635 1949/953/1636
f 1941/797/1497 809/798/1496 1812/955/1637 3002/954/1635
f 3002/954/1635 1812/955/1637 813/887/1573 1770/885/1570
f 1949/953/1636 3002/954/1635 1770/885/1570 902/882/1569
f 792/956/1638 1775/959/1639 3003/958/1640 1879/957/1641
f 1775/959/1639 796/964/1642 1774/963/1643 3003/958/1640
f 3003/958/1640 1774/963/1643 795/962/1644 1882/961/1645
f 1879/957/1641 3003/958/1640 1882/961/1645 854/960/1646
f 791/965/1647 1776/968/1648 3004/967/1649 1771/966/1650
f 1776/968/1648 794/970/1651 1772/969/1652 3004/967/1649
f 3004/967/1649 1772/969/1652 793/922/1606 1777/923/1605
f 1771/966/1650 3004/967/1649 1777/923/1605 790/894/1581
f 825/971/1653 1881/974/1654 3005/973/1655 1880/972/1656
f 796/964/1642 1775/959/1639 3005/973/1655 1881/974/1654
f 792/956/1638 1880/972/1656 3005/973/1655 1775/959/1639
f 854/960/1646 1882/961/1645 3006/976/1657 1878/975/1658
f 1882/961/1645 795/962/1644 1773/977/1659 3006/976/1657
f 3006/976/1657 1773/977/1659 794/970/1651 1776/968/1648
f 1878/975/1658 3006/976/1657 1776/968/1648 791/965/1647
f 825/978/1653 1883/981/1660 3007/980/1661 1881/979/1654
f 800/983/1662 1781/982/1663 3007/980/1661 1883/981/1660
f 796/964/1642 1881/979/1654 3007/980/1661 1781/982/1663
f 795/962/1644 1782/985/1664 3008/984/1665 1773/977/1659
f 1782/985/1664 799/989/1666 1779/988/1667 3008/984/1665
f 3008/984/1665 1779/988/1667 798/987/1668 1783/986/1669
f 1773/977/1659 3008/984/1665 1783/986/1669 794/970/1651
f 796/964/1642 1781/982/1663 3009/990/1670 1774/963/1643
f 1781/982/1663 800/983/1662 1780/991/1671 3009/990/1670
f 3009/990/1670 1780/991/1671 799/989/1666 1782/985/1664
f 1774/963/1643 3009/990/1670 1782/985/1664 795/962/1644
f 794/970/1651 1783/986/1669 3010/992/1672 1772/969/1652
f 1783/986/1669 798/987/1668 1778/993/1673 3010/992/1672
f 3010/992/1672 1778/993/1673 797/872/1557 1784/946/1628
f 1772/969/1652 3010/992/1672 1784/946/1628 793/922/1606
f 799/989/1666 1788/995/1674 3011/994/1675 1779/988/1667
f 1788/995/1674 803/999/1676 1786/998/1677 3011/994/1675
f 3011/994/1675 1786/998/1677 802/997/1678 1789/996/1679
f 1779/988/1667 3011/994/1675 1789/996/1679 798/987/1668
f 800/983/1662 1791/1001/1680 3012/1000/1681 1780/991/1671
f 1791/1001/1680 804/1003/1682 1787/1002/1683 3012/1000/1681
f 3012/1000/1681 1787/1002/1683 803/999/1676 1788/995/1674
f 1780/991/1671 3012/1000/1681 1788/995/1674 799/989/1666
f 798/987/1668 1789/996/1679 3013/1004/1684 1778/993/1673
f 1789/996/1679 802/997/1678 1785/1005/1685 3013/1004/1684
f 3013/1004/1684 1785/1005/1685 801/870/1559 1790/871/1558
f 1778/993/1673 3013/1004/1684 1790/871/1558 797/872/1557
f 825/1006/1653 1884/1009/1686 3014/1008/1687 1883/1007/1660
f 804/1003/1682 1791/1001/1680 3014/1008/1687 1884/1009/1686
f 800/983/1662 1883/1007/1660 3014/1008/1687 1791/1001/1680
f 804/1003/1682 1795/1011/1688 3015/1010/1689 1787/1002/1683
f 1795/1011/1688 808/1015/1690 1794/1014/1691 3015/1010/1689
f 3015/1010/1689 1794/1014/1691 807/1013/1692 1796/1012/1693
f 1787/1002/1683 3015/1010/1689 1796/1012/1693 803/999/1676
f 802/997/1678 1797/1017/1694 3016/1016/1695 1785/1005/1685
f 1797/1017/1694 806/1019/1696 1792/1018/1697 3016/1016/1695
f 3016/1016/1695 1792/1018/1697 805/800/1494 1798/875/1564
f 1785/1005/1685 3016/1016/1695 1798/875/1564 801/870/1559
f 825/1020/1653 1885/1023/1698 3017/1022/1699 1884/1021/1686
f 808/1015/1690 1795/1011/1688 3017/1022/1699 1885/1023/1698
f 804/1003/1682 1884/1021/1686 3017/1022/1699 1795/1011/1688
f 803/999/1676 1796/1012/1693 3018/1024/1700 1786/998/1677
f 1796/1012/1693 807/1013/1692 1793/1025/1701 3018/1024/1700
f 3018/1024/1700 1793/1025/1701 806/1019/1696 1797/1017/1694
f 1786/998/1677 3018/1024/1700 1797/1017/1694 802/997/1678
f 806/1019/1696 1802/1027/1702 3019/1026/1703 1792/1018/1697
f 1802/1027/1702 810/1029/1704 1799/1028/1705 3019/1026/1703
f 3019/1026/1703 1799/1028/1705 809/798/1496 1803/799/1495
f 1792/1018/1697 3019/1026/1703 1803/799/1495 805/800/1494
f 825/1030/1653 1886/1033/1706 3020/1032/1707 1885/1031/1698
f 812/1035/1708 1804/1034/1709 3020/1032/1707 1886/1033/1706
f 808/1015/1690 1885/1031/1698 3020/1032/1707 1804/1034/1709
f 807/1013/1692 1805/1037/1710 3021/1036/1711 1793/1025/1701
f 1805/1037/1710 811/1039/1712 1800/1038/1713 3021/1036/1711
f 3021/1036/1711 1800/1038/1713 810/1029/1704 1802/1027/1702
f 1793/1025/1701 3021/1036/1711 1802/1027/1702 806/1019/1696
f 808/1015/1690 1804/1034/1709 3022/1040/1714 1794/1014/1691
f 1804/1034/1709 812/1035/1708 1801/1041/1715 3022/1040/1714
f 3022/1040/1714 1801/1041/1715 811/1039/1712 1805/1037/1710
f 1794/1014/1691 3022/1040/1714 1805/1037/1710 807/1013/1692
f 825/1042/1653 1887/1045/1716 3023/1044/1717 1886/1043/1706
f 816/1047/1718 1809/1046/1719 3023/1044/1717 1887/1045/1716
f 812/1035/1708 1886/1043/1706 3023/1044/1717 1809/1046/1719
f 811/1039/1712 1810/1049/1720 3024/1048/1721 1800/1038/1713
f 1810/1049/1720 815/1053/1722 1807/1052/1723 3024/1048/1721
f 3024/1048/1721 1807/1052/1723 814/1051/1724 1811/1050/1725
f 1800/1038/1713 3024/1048/1721 1811/1050/1725 810/1029/1704
f 812/1035/1708 1809/1046/1719 3025/1054/1726 1801/1041/1715
f 1809/1046/1719 816/1047/1718 1808/1055/1727 3025/1054/1726
f 3025/1054/1726 1808/1055/1727 815/1053/1722 1810/1049/1720
f 1801/1041/1715 3025/1054/1726 1810/1049/1720 811/1039/1712
f 810/1029/1704 1811/1050/1725 3026/1056/1728 1799/1028/1705
f 1811/1050/1725 814/1051/1724 1806/1057/1729 3026/1056/1728
f 3026/1056/1728 1806/1057/1729 813/887/1573 1812/955/1637
f 1799/1028/1705 3026/1056/1728 1812/955/1637 809/798/1496
f 816/1047/1718 1817/1059/1730 3027/1058/1731 1808/1055/1727
f 1817/1059/1730 820/1063/1732 1815/1062/1733 3027/1058/1731
f 3027/1058/1731 1815/1062/1733 819/1061/1734 1818/1060/1735
f 1808/1055/1727 3027/1058/1731 1818/1060/1735 815/1053/1722
f 814/1051/1724 1819/1065/1736 3028/1064/1737 1806/1057/1729
f 1819/1065/1736 818/1067/1738 1813/1066/1739 3028/1064/1737
f 3028/1064/1737 1813/1066/1739 817/851/1539 1816/886/1574
f 1806/1057/1729 3028/1064/1737 1816/886/1574 813/887/1573
f 825/1068/1653 1888/1071/1740 3029/1070/1741 1887/1069/1716
f 820/1063/1732 1817/1059/1730 3029/1070/1741 1888/1071/1740
f 816/1047/1718 1887/1069/1716 3029/1070/1741 1817/1059/1730
f 815/1053/1722 1818/1060/1735 3030/1072/1742 1807/1052/1723
f 1818/1060/1735 819/1061/1734 1814/1073/1743 3030/1072/1742
f 3030/1072/1742 1814/1073/1743 818/1067/1738 1819/1065/1736
f 1807/1052/1723 3030/1072/1742 1819/1065/1736 814/1051/1724
f 820/1063/1732 1824/1075/1744 3031/1074/1745 1815/1062/1733
f 1824/1075/1744 824/1079/1746 1822/1078/1747 3031/1074/1745
f 3031/1074/1745 1822/1078/1747 823/1077/1748 1825/1076/1749
f 1815/1062/1733 3031/1074/1745 1825/1076/1749 819/1061/1734
f 818/1067/1738 1826/1081/1750 3032/1080/1751 1813/1066/1739
f 1826/1081/1750 822/1083/1752 1820/1082/1753 3032/1080/1751
f 3032/1080/1751 1820/1082/1753 821/809/1503 1827/850/1540
f 1813/1066/1739 3032/1080/1751 1827/850/1540 817/851/1539
f 825/1084/1653 1823/1087/1754 3033/1086/1755 1888/1085/1740
f 824/1079/1746 1824/1075/1744 3033/1086/1755 1823/1087/1754
f 820/1063/1732 1888/1085/1740 3033/1086/1755 1824/1075/1744
f 819/1061/1734 1825/1076/1749 3034/1088/1756 1814/1073/1743
f 1825/1076/1749 823/1077/1748 1821/1089/1757 3034/1088/1756
f 3034/1088/1756 1821/1089/1757 822/1083/1752 1826/1081/1750
f 1814/1073/1743 3034/1088/1756 1826/1081/1750 818/1067/1738
f 825/1090/1653 1889/1093/1758 3035/1092/1759 1823/1091/1754
f 829/1095/1760 1831/1094/1761 3035/1092/1759 1889/1093/1758
f 824/1079/1746 1823/1091/1754 3035/1092/1759 1831/1094/1761
f 823/1077/1748 1832/1097/1762 3036/1096/1763 1821/1089/1757
f 1832/1097/1762 828/1101/1764 1829/1100/1765 3036/1096/1763
f 3036/1096/1763 1829/1100/1765 827/1099/1766 1833/1098/1767
f 1821/1089/1757 3036/1096/1763 1833/1098/1767 822/1083/1752
f 824/1079/1746 1831/1094/1761 3037/1102/1768 1822/1078/1747
f 1831/1094/1761 829/1095/1760 1830/1103/1769 3037/1102/1768
f 3037/1102/1768 1830/1103/1769 828/1101/1764 1832/1097/1762
f 1822/1078/1747 3037/1102/1768 1832/1097/1762 823/1077/1748
f 822/1083/1752 1833/1098/1767 3038/1104/1770 1820/1082/1753
f 1833/1098/1767 827/1099/1766 1828/1105/1771 3038/1104/1770
f 3038/1104/1770 1828/1105/1771 826/807/1505 1834/808/1504
f 1820/1082/1753 3038/1104/1770 1834/808/1504 821/809/1503
f 825/1106/1653 1890/1109/1772 3039/1108/1773 1889/1107/1758
f 833/1111/1774 1838/1110/1775 3039/1108/1773 1890/1109/1772
f 829/1095/1760 1889/1107/1758 3039/1108/1773 1838/1110/1775
f 828/1101/1764 1839/1113/1776 3040/1112/1777 1829/1100/1765
f 1839/1113/1776 832/1117/1778 1836/1116/1779 3040/1112/1777
f 3040/1112/1777 1836/1116/1779 831/1115/1780 1840/1114/1781
f 1829/1100/1765 3040/1112/1777 1840/1114/1781 827/1099/1766
f 829/1095/1760 1838/1110/1775 3041/1118/1782 1830/1103/1769
f 1838/1110/1775 833/1111/1774 1837/1119/1783 3041/1118/1782
f 3041/1118/1782 1837/1119/1783 832/1117/1778 1839/1113/1776
f 1830/1103/1769 3041/1118/1782 1839/1113/1776 828/1101/1764
f 827/1099/1766 1840/1114/1781 3042/1120/1784 1828/1105/1771
f 1840/1114/1781 831/1115/1780 1835/1121/1785 3042/1120/1784
f 3042/1120/1784 1835/1121/1785 830/902/1588 1841/917/1602
f 1828/1105/1771 3042/1120/1784 1841/917/1602 826/807/1505
f 833/1111/1774 1845/1123/1786 3043/1122/1787 1837/1119/1783
f 1845/1123/1786 837/1127/1788 1844/1126/1789 3043/1122/1787
f 3043/1122/1787 1844/1126/1789 836/1125/1790 1846/1124/1791
f 1837/1119/1783 3043/1122/1787 1846/1124/1791 832/1117/1778
f 831/1115/1780 1847/1129/1792 3044/1128/1793 1835/1121/1785
f 1847/1129/1792 835/1131/1794 1842/1130/1795 3044/1128/1793
f 3044/1128/1793 1842/1130/1795 834/833/1522 1848/901/1589
f 1835/1121/1785 3044/1128/1793 1848/901/1589 830/902/1588
f 825/1132/1653 1891/1135/1796 3045/1134/1797 1890/1133/1772
f 837/1127/1788 1845/1123/1786 3045/1134/1797 1891/1135/1796
f 833/1111/1774 1890/1133/1772 3045/1134/1797 1845/1123/1786
f 832/1117/1778 1846/1124/1791 3046/1136/1798 1836/1116/1779
f 1846/1124/1791 836/1125/1790 1843/1137/1799 3046/1136/1798
f 3046/1136/1798 1843/1137/1799 835/1131/1794 1847/1129/1792
f 1836/1116/1779 3046/1136/1798 1847/1129/1792 831/1115/1780
f 837/1127/1788 1852/1139/1800 3047/1138/1801 1844/1126/1789
f 1852/1139/1800 841/1143/1802 1851/1142/1803 3047/1138/1801
f 3047/1138/1801 1851/1142/1803 840/1141/1804 1853/1140/1805
f 1844/1126/1789 3047/1138/1801 1853/1140/1805 836/1125/1790
f 835/1131/1794 1854/1145/1806 3048/1144/1807 1842/1130/1795
f 1854/1145/1806 839/1147/1808 1849/1146/1809 3048/1144/1807
f 3048/1144/1807 1849/1146/1809 838/831/1524 1855/832/1523
f 1842/1130/1795 3048/1144/1807 1855/832/1523 834/833/1522
f 825/1148/1653 1892/1151/1810 3049/1150/1811 1891/1149/1796
f 841/1143/1802 1852/1139/1800 3049/1150/1811 1892/1151/1810
f 837/1127/1788 1891/1149/1796 3049/1150/1811 1852/1139/1800
f 836/1125/1790 1853/1140/1805 3050/1152/1812 1843/1137/1799
f 1853/1140/1805 840/1141/1804 1850/1153/1813 3050/1152/1812
f 3050/1152/1812 1850/1153/1813 839/1147/1808 1854/1145/1806
f 1843/1137/1799 3050/1152/1812 1854/1145/1806 835/1131/1794
f 825/1154/1653 1893/1157/1814 3051/1156/1815 1892/1155/1810
f 845/1160/1816 1859/1159/1817 3051/1156/1815 1893/1157/1814
f 841/1158/1802 1892/1155/1810 3051/1156/1815 1859/1159/1817
f 840/1161/1804 1860/1164/1818 3052/1163/1819 1850/1162/1813
f 1860/1164/1818 844/1169/1820 1857/1168/1821 3052/1163/1819
f 3052/1163/1819 1857/1168/1821 843/1167/1822 1861/1166/1823
f 1850/1162/1813 3052/1163/1819 1861/1166/1823 839/1165/1808
f 841/1158/1802 1859/1159/1817 3053/1171/1824 1851/1170/1803
f 1859/1159/1817 845/1160/1816 1858/1172/1825 3053/1171/1824
f 3053/1171/1824 1858/1172/1825 844/1169/1820 1860/1164/1818
f 1851/1170/1803 3053/1171/1824 1860/1164/1818 840/1161/1804
f 839/1165/1808 1861/1166/1823 3054/1174/1826 1849/1173/1809
f 1861/1166/1823 843/1167/1822 1856/1175/1827 3054/1174/1826
f 3054/1174/1826 1856/1175/1827 842/840/1530 1862/841/1529
f 1849/1173/1809 3054/1174/1826 1862/841/1529 838/842/1524
f 844/1169/1820 1866/1177/1828 3055/1176/1829 1857/1168/1821
f 1866/1177/1828 848/1181/1830 1864/1180/1831 3055/1176/1829
f 3055/1176/1829 1864/1180/1831 847/1179/1832 1867/1178/1833
f 1857/1168/1821 3055/1176/1829 1867/1178/1833 843/1167/1822
f 845/1160/1816 1869/1183/1834 3056/1182/1835 1858/1172/1825
f 1869/1183/1834 849/1185/1836 1865/1184/1837 3056/1182/1835
f 3056/1182/1835 1865/1184/1837 848/1181/1830 1866/1177/1828
f 1858/1172/1825 3056/1182/1835 1866/1177/1828 844/1169/1820
f 843/1167/1822 1867/1178/1833 3057/1186/1838 1856/1175/1827
f 1867/1178/1833 847/1179/1832 1863/1187/1839 3057/1186/1838
f 3057/1186/1838 1863/1187/1839 846/934/1618 1868/935/1617
f 1856/1175/1827 3057/1186/1838 1868/935/1617 842/840/1530
f 825/1188/1653 1894/1191/1840 3058/1190/1841 1893/1189/1814
f 849/1185/1836 1869/1183/1834 3058/1190/1841 1894/1191/1840
f 845/1160/1816 1893/1189/1814 3058/1190/1841 1869/1183/1834
f 849/1185/1836 1873/1193/1842 3059/1192/1843 1865/1184/1837
f 1873/1193/1842 853/1197/1844 1872/1196/1845 3059/1192/1843
f 3059/1192/1843 1872/1196/1845 852/1195/1846 1874/1194/1847
f 1865/1184/1837 3059/1192/1843 1874/1194/1847 848/1181/1830
f 847/1179/1832 1875/1199/1848 3060/1198/1849 1863/1187/1839
f 1875/1199/1848 851/1201/1850 1870/1200/1851 3060/1198/1849
f 3060/1198/1849 1870/1200/1851 850/896/1579 1876/949/1631
f 1863/1187/1839 3060/1198/1849 1876/949/1631 846/934/1618
f 825/1202/1653 1895/1205/1852 3061/1204/1853 1894/1203/1840
f 853/1197/1844 1873/1193/1842 3061/1204/1853 1895/1205/1852
f 849/1185/1836 1894/1203/1840 3061/1204/1853 1873/1193/1842
f 848/1181/1830 1874/1194/1847 3062/1206/1854 1864/1180/1831
f 1874/1194/1847 852/1195/1846 1871/1207/1855 3062/1206/1854
f 3062/1206/1854 1871/1207/1855 851/1201/1850 1875/1199/1848
f 1864/1180/1831 3062/1206/1854 1875/1199/1848 847/1179/1832
f 851/1201/1850 1896/1209/1856 3063/1208/1857 1870/1200/1851
f 1896/1209/1856 791/965/1647 1771/966/1650 3063/1208/1857
f 3063/1208/1857 1771/966/1650 790/894/1581 1897/895/1580
f 1870/1200/1851 3063/1208/1857 1897/895/1580 850/896/1579
f 825/1210/1653 1880/1213/1656 3064/1212/1858 1895/1211/1852
f 792/956/1638 1898/1214/1859 3064/1212/1858 1880/1213/1656
f 853/1197/1844 1895/1211/1852 3064/1212/1858 1898/1214/1859
f 852/1195/1846 1877/1216/1860 3065/1215/1861 1871/1207/1855
f 1877/1216/1860 854/960/1646 1878/975/1658 3065/1215/1861
f 3065/1215/1861 1878/975/1658 791/965/1647 1896/1209/1856
f 1871/1207/1855 3065/1215/1861 1896/1209/1856 851/1201/1850
f 853/1197/1844 1898/1214/1859 3066/1217/1862 1872/1196/1845
f 1898/1214/1859 792/956/1638 1879/957/1641 3066/1217/1862
f 3066/1217/1862 1879/957/1641 854/960/1646 1877/1216/1860
f 1872/1196/1845 3066/1217/1862 1877/1216/1860 852/1195/1846
f 748/656/1370 1765/1219/1863 3067/1218/1864 1668/660/1374
f 1765/1219/1863 899/1223/1865 1947/1222/1866 3067/1218/1864
f 3067/1218/1864 1947/1222/1866 900/1221/1867 1944/1220/1868
f 1668/660/1374 3067/1218/1864 1944/1220/1868 752/664/1376
f 899/1223/1865 1943/1225/1869 3068/1224/1870 1947/1222/1866
f 1943/1225/1869 898/1229/1871 1948/1398/1872 3068/1224/1870
f 3068/1224/1870 1948/1398/1872 901/1227/1873 1945/1399/1874
f 1947/1222/1866 3068/1224/1870 1945/1399/1874 900/1221/1867
f 898/1229/1871 1942/1231/1875 3069/1230/1876 1948/1398/1872
f 1942/1231/1875 897/796/1498 1949/953/1636 3069/1230/1876
f 3069/1230/1876 1949/953/1636 902/882/1569 1946/1232/1877
f 1948/1398/1872 3069/1230/1876 1946/1232/1877 901/1227/1873
f 785/857/1543 1762/1234/1878 3070/1233/1879 1732/925/1609
f 1762/1234/1878 893/1238/1880 1950/1237/1881 3070/1233/1879
f 3070/1233/1879 1950/1237/1881 894/1236/1882 1938/1235/1883
f 1732/925/1609 3070/1233/1879 1938/1235/1883 789/1396/1611
f 893/1238/1880 1937/1240/1884 3071/1239/1885 1950/1237/1881
f 1937/1240/1884 892/1244/1886 1951/1243/1887 3071/1239/1885
f 3071/1239/1885 1951/1243/1887 895/1242/1888 1939/1241/1889
f 1950/1237/1881 3071/1239/1885 1939/1241/1889 894/1236/1882
f 892/1244/1886 1936/1246/1890 3072/1400/1891 1951/1243/1887
f 1936/1246/1890 891/1397/1620 1952/947/1630 3072/1400/1891
f 3072/1400/1891 1952/947/1630 896/888/1575 1940/1247/1892
f 1951/1243/1887 3072/1400/1891 1940/1247/1892 895/1242/1888
f 732/583/1305 1758/1249/1893 3073/1248/1894 1641/594/1314
f 1758/1249/1893 887/1253/1895 1953/1252/1896 3073/1248/1894
f 3073/1248/1894 1953/1252/1896 888/1251/1897 1932/1250/1898
f 1641/594/1314 3073/1248/1894 1932/1250/1898 736/598/1316
f 887/1253/1895 1931/1255/1899 3074/1254/1900 1953/1252/1896
f 1931/1255/1899 886/1259/1901 1954/1258/1902 3074/1254/1900
f 3074/1254/1900 1954/1258/1902 889/1257/1903 1933/1256/1904
f 1953/1252/1896 3074/1254/1900 1933/1256/1904 888/1251/1897
f 886/1259/1901 1930/1261/1905 3075/1260/1906 1954/1258/1902
f 1930/1261/1905 885/920/1608 1955/944/1627 3075/1260/1906
f 3075/1260/1906 1955/944/1627 890/864/1553 1934/1262/1907
f 1954/1258/1902 3075/1260/1906 1934/1262/1907 889/1257/1903
f 781/818/1510 1756/1264/1908 3076/1401/1909 1725/853/1541
f 1756/1264/1908 884/1266/1910 1956/1265/1911 3076/1401/1909
f 3076/1401/1909 1956/1265/1911 893/1238/1880 1762/1234/1878
f 1725/853/1541 3076/1401/1909 1762/1234/1878 785/857/1543
f 884/1266/1910 1928/1268/1912 3077/1267/1913 1956/1265/1911
f 1928/1268/1912 883/1270/1914 1957/1269/1915 3077/1267/1913
f 3077/1267/1913 1957/1269/1915 892/1244/1886 1937/1240/1884
f 1956/1265/1911 3077/1267/1913 1937/1240/1884 893/1238/1880
f 883/1270/1914 1927/1402/1916 3078/1271/1917 1957/1269/1915
f 1927/1402/1916 882/838/1532 1958/930/1616 3078/1271/1917
f 3078/1271/1917 1958/930/1616 891/1397/1620 1936/1246/1890
f 1957/1269/1915 3078/1271/1917 1936/1246/1890 892/1244/1886
f 728/1385/1301 1754/1274/1918 3079/1273/1919 1633/581/1302
f 1754/1274/1918 881/1276/1920 1959/1275/1921 3079/1273/1919
f 3079/1273/1919 1959/1275/1921 887/1253/1895 1758/1249/1893
f 1633/581/1302 3079/1273/1919 1758/1249/1893 732/583/1305
f 881/1276/1920 1925/1278/1922 3080/1277/1923 1959/1275/1921
f 1925/1278/1922 880/1280/1924 1960/1279/1925 3080/1277/1923
f 3080/1277/1923 1960/1279/1925 886/1259/1901 1931/1255/1899
f 1959/1275/1921 3080/1277/1923 1931/1255/1899 887/1253/1895
f 880/1280/1924 1924/1282/1926 3081/1281/1927 1960/1279/1925
f 1924/1282/1926 879/892/1583 1961/918/1604 3081/1281/1927
f 3081/1281/1927 1961/918/1604 885/920/1608 1930/1261/1905
f 1960/1279/1925 3081/1281/1927 1930/1261/1905 886/1259/1901
f 765/728/1434 1750/1284/1928 3082/1283/1929 1697/732/1438
f 1750/1284/1928 875/1288/1930 1962/1287/1931 3082/1283/1929
f 3082/1283/1929 1962/1287/1931 876/1286/1932 1920/1285/1933
f 1697/732/1438 3082/1283/1929 1920/1285/1933 769/736/1440
f 875/1288/1930 1919/1290/1934 3083/1289/1935 1962/1287/1931
f 1919/1290/1934 874/1294/1936 1963/1293/1937 3083/1289/1935
f 3083/1289/1935 1963/1293/1937 877/1292/1938 1921/1403/1939
f 1962/1287/1931 3083/1289/1935 1921/1403/1939 876/1286/1932
f 874/1294/1936 1918/1296/1940 3084/1295/1941 1963/1293/1937
f 1918/1296/1940 873/805/1507 1964/915/1601 3084/1295/1941
f 3084/1295/1941 1964/915/1601 878/897/1584 1922/1297/1942
f 1963/1293/1937 3084/1295/1941 1922/1297/1942 877/1292/1938
f 769/736/1440 1920/1285/1933 3085/1298/1943 1706/764/1466
f 1920/1285/1933 876/1286/1932 1965/1301/1944 3085/1298/1943
f 3085/1298/1943 1965/1301/1944 870/1300/1945 1914/1299/1946
f 1706/764/1466 3085/1298/1943 1914/1299/1946 773/766/1468
f 876/1286/1932 1921/1403/1939 3086/1302/1947 1965/1301/1944
f 1921/1403/1939 877/1292/1938 1966/1305/1948 3086/1302/1947
f 3086/1302/1947 1966/1305/1948 871/1304/1949 1915/1303/1950
f 1965/1301/1944 3086/1302/1947 1915/1303/1950 870/1300/1945
f 877/1292/1938 1922/1297/1942 3087/1306/1951 1966/1305/1948
f 1922/1297/1942 878/897/1584 1967/898/1587 3087/1306/1951
f 3087/1306/1951 1967/898/1587 872/825/1518 1916/1307/1952
f 1966/1305/1948 3087/1306/1951 1916/1307/1952 871/1304/1949
f 789/1396/1611 1938/1235/1883 3088/1308/1953 1766/951/1632
f 1938/1235/1883 894/1236/1882 1968/1309/1954 3088/1308/1953
f 3088/1308/1953 1968/1309/1954 881/1276/1920 1754/1274/1918
f 1766/951/1632 3088/1308/1953 1754/1274/1918 728/1385/1301
f 894/1236/1882 1939/1241/1889 3089/1310/1955 1968/1309/1954
f 1939/1241/1889 895/1242/1888 1969/1311/1956 3089/1310/1955
f 3089/1310/1955 1969/1311/1956 880/1280/1924 1925/1278/1922
f 1968/1309/1954 3089/1310/1955 1925/1278/1922 881/1276/1920
f 895/1242/1888 1940/1247/1892 3090/1312/1957 1969/1311/1956
f 1940/1247/1892 896/888/1575 1970/889/1578 3090/1312/1957
f 3090/1312/1957 1970/889/1578 879/892/1583 1924/1282/1926
f 1969/1311/1956 3090/1312/1957 1924/1282/1926 880/1280/1924
f 752/664/1376 1944/1220/1868 3091/1313/1958 1675/678/1390
f 1944/1220/1868 900/1221/1867 1971/1316/1959 3091/1313/1958
f 3091/1313/1958 1971/1316/1959 867/1315/1960 1911/1314/1961
f 1675/678/1390 3091/1313/1958 1911/1314/1961 756/682/1392
f 900/1221/1867 1945/1399/1874 3092/1317/1962 1971/1316/1959
f 1945/1399/1874 901/1227/1873 1972/1320/1963 3092/1317/1962
f 3092/1317/1962 1972/1320/1963 868/1319/1964 1912/1318/1965
f 1971/1316/1959 3092/1317/1962 1912/1318/1965 867/1315/1960
f 901/1227/1873 1946/1232/1877 3093/1321/1966 1972/1320/1963
f 1946/1232/1877 902/882/1569 1973/883/1572 3093/1321/1966
f 3093/1321/1966 1973/883/1572 869/846/1535 1913/1404/1967
f 1972/1320/1963 3093/1321/1966 1913/1404/1967 868/1319/1964
f 740/610/1328 1742/1324/1968 3094/1323/1969 1654/636/1352
f 1742/1324/1968 863/1328/1970 1974/1327/1971 3094/1323/1969
f 3094/1323/1969 1974/1327/1971 864/1326/1972 1908/1325/1973
f 1654/636/1352 3094/1323/1969 1908/1325/1973 744/638/1354
f 863/1328/1970 1907/1330/1974 3095/1329/1975 1974/1327/1971
f 1907/1330/1974 862/1334/1976 1975/1333/1977 3095/1329/1975
f 3095/1329/1975 1975/1333/1977 865/1332/1978 1909/1331/1979
f 1974/1327/1971 3095/1329/1975 1909/1331/1979 864/1326/1972
f 862/1334/1976 1906/1336/1980 3096/1335/1981 1975/1333/1977
f 1906/1336/1980 861/868/1561 1976/1395/1563 3096/1335/1981
f 3096/1335/1981 1976/1395/1563 866/792/1490 1910/1337/1982
f 1975/1333/1977 3096/1335/1981 1910/1337/1982 865/1332/1978
f 736/598/1316 1932/1250/1898 3097/1338/1983 1647/606/1326
f 1932/1250/1898 888/1251/1897 1977/1339/1984 3097/1338/1983
f 3097/1338/1983 1977/1339/1984 863/1328/1970 1742/1324/1968
f 1647/606/1326 3097/1338/1983 1742/1324/1968 740/610/1328
f 888/1251/1897 1933/1256/1904 3098/1340/1985 1977/1339/1984
f 1933/1256/1904 889/1257/1903 1978/1341/1986 3098/1340/1985
f 3098/1340/1985 1978/1341/1986 862/1334/1976 1907/1330/1974
f 1977/1339/1984 3098/1340/1985 1907/1330/1974 863/1328/1970
f 889/1257/1903 1934/1262/1907 3099/1342/1987 1978/1341/1986
f 1934/1262/1907 890/864/1553 1979/865/1556 3099/1342/1987
f 3099/1342/1987 1979/865/1556 861/868/1561 1906/1336/1980
f 1978/1341/1986 3099/1342/1987 1906/1336/1980 862/1334/1976
f 756/682/1392 1911/1314/1961 3100/1405/1988 1682/708/1416
f 1911/1314/1961 867/1315/1960 1980/1346/1989 3100/1405/1988
f 3100/1405/1988 1980/1346/1989 858/1345/1990 1902/1344/1991
f 1682/708/1416 3100/1405/1988 1902/1344/1991 760/710/1418
f 867/1315/1960 1912/1318/1965 3101/1347/1992 1980/1346/1989
f 1912/1318/1965 868/1319/1964 1981/1350/1993 3101/1347/1992
f 3101/1347/1992 1981/1350/1993 859/1349/1994 1903/1348/1995
f 1980/1346/1989 3101/1347/1992 1903/1348/1995 858/1345/1990
f 868/1319/1964 1913/1404/1967 3102/1351/1996 1981/1350/1993
f 1913/1404/1967 869/846/1535 1982/847/1538 3102/1351/1996
f 3102/1351/1996 1982/847/1538 860/801/1499 1904/1352/1997
f 1981/1350/1993 3102/1351/1996 1904/1352/1997 859/1349/1994
f 777/810/1482 1738/1354/1998 3103/1353/1999 1719/813/1508
f 1738/1354/1998 857/1356/2000 1983/1355/2001 3103/1353/1999
f 3103/1353/1999 1983/1355/2001 884/1266/1910 1756/1264/1908
f 1719/813/1508 3103/1353/1999 1756/1264/1908 781/818/1510
f 857/1356/2000 1901/1358/2002 3104/1357/2003 1983/1355/2001
f 1901/1358/2002 856/1360/2004 1984/1359/2005 3104/1357/2003
f 3104/1357/2003 1984/1359/2005 883/1270/1914 1928/1268/1912
f 1983/1355/2001 3104/1357/2003 1928/1268/1912 884/1266/1910
f 856/1360/2004 1900/1362/2006 3105/1361/2007 1984/1359/2005
f 1900/1362/2006 855/834/1526 1985/835/1528 3105/1361/2007
f 3105/1361/2007 1985/835/1528 882/838/1532 1927/1402/1916
f 1984/1359/2005 3105/1361/2007 1927/1402/1916 883/1270/1914
f 773/766/1468 1914/1299/1946 3106/1363/2008 1711/780/1480
f 1914/1299/1946 870/1300/1945 1986/1366/2009 3106/1363/2008
f 3106/1363/2008 1986/1366/2009 857/1365/2000 1738/1364/1998
f 1711/780/1480 3106/1363/2008 1738/1364/1998 777/782/1482
f 870/1300/1945 1915/1303/1950 3107/1367/2010 1986/1366/2009
f 1915/1303/1950 871/1304/1949 1987/1370/2011 3107/1367/2010
f 3107/1367/2010 1987/1370/2011 856/1369/2004 1901/1368/2002
f 1986/1366/2009 3107/1367/2010 1901/1368/2002 857/1365/2000
f 871/1304/1949 1916/1307/1952 3108/1371/2012 1987/1370/2011
f 1916/1307/1952 872/825/1518 1988/826/1521 3108/1371/2012
f 3108/1371/2012 1988/826/1521 855/829/1526 1900/1372/2006
f 1987/1370/2011 3108/1371/2012 1900/1372/2006 856/1369/2004
f 760/710/1418 1902/1344/1991 3109/1373/2013 1693/726/1432
f 1902/1344/1991 858/1345/1990 1989/1374/2014 3109/1373/2013
f 3109/1373/2013 1989/1374/2014 875/1288/1930 1750/1284/1928
f 1693/726/1432 3109/1373/2013 1750/1284/1928 765/728/1434
f 858/1345/1990 1903/1348/1995 3110/1375/2015 1989/1374/2014
f 1903/1348/1995 859/1349/1994 1990/1376/2016 3110/1375/2015
f 3110/1375/2015 1990/1376/2016 874/1294/1936 1919/1290/1934
f 1989/1374/2014 3110/1375/2015 1919/1290/1934 875/1288/1930
f 859/1349/1994 1904/1352/1997 3111/1377/2017 1990/1376/2016
f 1904/1352/1997 860/801/1499 1991/802/1502 3111/1377/2017
f 3111/1377/2017 1991/802/1502 873/805/1507 1918/1296/1940
f 1990/1376/2016 3111/1377/2017 1918/1296/1940 874/1294/1936
f 744/638/1354 1908/1325/1973 3112/1378/2018 1661/654/1368
f 1908/1325/1973 864/1326/1972 1992/1379/2019 3112/1378/2018
f 3112/1378/2018 1992/1379/2019 899/1223/1865 1765/1219/1863
f 1661/654/1368 3112/1378/2018 1765/1219/1863 748/656/1370
f 864/1326/1972 1909/1331/1979 3113/1380/2020 1992/1379/2019
f 1909/1331/1979 865/1332/1978 1993/1381/2021 3113/1380/2020
f 3113/1380/2020 1993/1381/2021 898/1229/1871 1943/1225/1869
f 1992/1379/2019 3113/1380/2020 1943/1225/1869 899/1223/1865
f 865/1332/1978 1910/1337/1982 3114/1382/2022 1993/1381/2021
f 1910/1337/1982 866/792/1490 1994/793/1493 3114/1382/2022
f 3114/1382/2022 1994/793/1493 897/796/1498 1942/1231/1875
f 1993/1381/2021 3114/1382/2022 1942/1231/1875 898/1229/1871
f 905/562/2023 2002/1383/2024 3115/1384/2025 1996/563/2026
f 2002/1383/2024 909/570/2027 1999/569/2028 3115/1384/2025
f 3115/1384/2025 1999/569/2028 908/568/2029 2003/567/2030
f 1996/563/2026 3115/1384/2025 2003/567/2030 904/566/2031
f 903/571/2032 2004/574/2033 3116/573/2034 2104/572/2035
f 907/577/2036 2105/576/2037 3116/573/2034 2004/574/2033
f 939/575/2038 2104/572/2035 3116/573/2034 2105/576/2037
f 906/1385/2039 2001/581/2040 3117/580/2041 1997/579/2042
f 2001/581/2040 910/583/2043 2000/582/2044 3117/580/2041
f 3117/580/2041 2000/582/2044 909/570/2027 2002/1383/2024
f 1997/579/2042 3117/580/2041 2002/1383/2024 905/562/2023
f 904/566/2031 2003/567/2030 3118/585/2045 1995/584/2046
f 2003/567/2030 908/568/2029 1998/586/2047 3118/585/2045
f 3118/585/2045 1998/586/2047 907/577/2036 2004/574/2033
f 1995/584/2046 3118/585/2045 2004/574/2033 903/571/2032
f 907/577/2036 2008/589/2048 3119/588/2049 2105/587/2037
f 911/592/2050 2107/591/2051 3119/588/2049 2008/589/2048
f 939/590/2038 2105/587/2037 3119/588/2049 2107/591/2051
f 910/583/2043 2009/594/2052 3120/593/2053 2000/582/2044
f 2009/594/2052 914/598/2054 2007/597/2055 3120/593/2053
f 3120/593/2053 2007/597/2055 913/596/2056 2010/595/2057
f 2000/582/2044 3120/593/2053 2010/595/2057 909/570/2027
f 908/568/2029 2011/600/2058 3121/599/2059 1998/586/2047
f 2011/600/2058 912/602/2060 2005/601/2061 3121/599/2059
f 3121/599/2059 2005/601/2061 911/592/2050 2008/589/2048
f 1998/586/2047 3121/599/2059 2008/589/2048 907/577/2036
f 909/570/2027 2010/595/2057 3122/603/2062 1999/569/2028
f 2010/595/2057 913/596/2056 2006/604/2063 3122/603/2062
f 3122/603/2062 2006/604/2063 912/602/2060 2011/600/2058
f 1999/569/2028 3122/603/2062 2011/600/2058 908/568/2029
f 914/598/2054 2015/606/2064 3123/605/2065 2007/597/2055
f 2015/606/2064 918/610/2066 2014/609/2067 3123/605/2065
f 3123/605/2065 2014/609/2067 917/608/2068 2016/607/2069
f 2007/597/2055 3123/605/2065 2016/607/2069 913/596/2056
f 912/602/2060 2017/612/2070 3124/611/2071 2005/601/2061
f 2017/612/2070 916/616/2072 2012/615/2073 3124/611/2071
f 3124/611/2071 2012/615/2073 915/614/2074 2018/613/2075
f 2005/601/2061 3124/611/2071 2018/613/2075 911/592/2050
f 913/596/2056 2016/607/2069 3125/617/2076 2006/604/2063
f 2016/607/2069 917/608/2068 2013/1386/2077 3125/617/2076
f 3125/617/2076 2013/1386/2077 916/616/2072 2017/612/2070
f 2006/604/2063 3125/617/2076 2017/612/2070 912/602/2060
f 911/592/2050 2018/613/2075 3126/620/2078 2107/619/2051
f 915/614/2074 2109/622/2079 3126/620/2078 2018/613/2075
f 939/621/2038 2107/619/2051 3126/620/2078 2109/622/2079
f 917/608/2068 2023/624/2080 3127/623/2081 2013/1386/2077
f 2023/624/2080 921/628/2082 2020/1387/2083 3127/623/2081
f 3127/623/2081 2020/1387/2083 920/626/2084 2024/625/2085
f 2013/1386/2077 3127/623/2081 2024/625/2085 916/616/2072
f 915/614/2074 2025/631/2086 3128/630/2087 2109/629/2079
f 919/634/2088 2111/633/2089 3128/630/2087 2025/631/2086
f 939/632/2038 2109/629/2079 3128/630/2087 2111/633/2089
f 918/610/2066 2022/636/2090 3129/635/2091 2014/609/2067
f 2022/636/2090 922/638/2092 2021/637/2093 3129/635/2091
f 3129/635/2091 2021/637/2093 921/628/2082 2023/624/2080
f 2014/609/2067 3129/635/2091 2023/624/2080 917/608/2068
f 916/616/2072 2024/625/2085 3130/639/2094 2012/615/2073
f 2024/625/2085 920/626/2084 2019/640/2095 3130/639/2094
f 3130/639/2094 2019/640/2095 919/634/2088 2025/631/2086
f 2012/615/2073 3130/639/2094 2025/631/2086 915/614/2074
f 921/628/2082 2030/642/2096 3131/641/2097 2020/1387/2083
f 2030/642/2096 925/646/2098 2027/645/2099 3131/641/2097
f 3131/641/2097 2027/645/2099 924/644/2100 2031/643/2101
f 2020/1387/2083 3131/641/2097 2031/643/2101 920/626/2084
f 919/634/2088 2032/649/2102 3132/648/2103 2111/647/2089
f 923/652/2104 2113/651/2105 3132/648/2103 2032/649/2102
f 939/650/2038 2111/647/2089 3132/648/2103 2113/651/2105
f 922/638/2092 2029/654/2106 3133/653/2107 2021/637/2093
f 2029/654/2106 926/656/2108 2028/655/2109 3133/653/2107
f 3133/653/2107 2028/655/2109 925/646/2098 2030/642/2096
f 2021/637/2093 3133/653/2107 2030/642/2096 921/628/2082
f 920/626/2084 2031/643/2101 3134/657/2110 2019/640/2095
f 2031/643/2101 924/644/2100 2026/658/2111 3134/657/2110
f 3134/657/2110 2026/658/2111 923/652/2104 2032/649/2102
f 2019/640/2095 3134/657/2110 2032/649/2102 919/634/2088
f 926/656/2108 2036/660/2112 3135/659/2113 2028/655/2109
f 2036/660/2112 930/664/2114 2035/663/2115 3135/659/2113
f 3135/659/2113 2035/663/2115 929/662/2116 2037/661/2117
f 2028/655/2109 3135/659/2113 2037/661/2117 925/646/2098
f 924/644/2100 2038/666/2118 3136/665/2119 2026/658/2111
f 2038/666/2118 928/670/2120 2033/669/2121 3136/665/2119
f 3136/665/2119 2033/669/2121 927/668/2122 2039/667/2123
f 2026/658/2111 3136/665/2119 2039/667/2123 923/652/2104
f 925/646/2098 2037/661/2117 3137/671/2124 2027/645/2099
f 2037/661/2117 929/662/2116 2034/672/2125 3137/671/2124
f 3137/671/2124 2034/672/2125 928/670/2120 2038/666/2118
f 2027/645/2099 3137/671/2124 2038/666/2118 924/644/2100
f 923/652/2104 2039/667/2123 3138/674/2126 2113/673/2105
f 927/668/2122 2115/676/2127 3138/674/2126 2039/667/2123
f 939/675/2038 2113/673/2105 3138/674/2126 2115/676/2127
f 930/664/2114 2043/678/2128 3139/677/2129 2035/663/2115
f 2043/678/2128 934/682/2130 2042/681/2131 3139/677/2129
f 3139/677/2129 2042/681/2131 933/680/2132 2044/679/2133
f 2035/663/2115 3139/677/2129 2044/679/2133 929/662/2116
f 928/670/2120 2045/684/2134 3140/683/2135 2033/669/2121
f 2045/684/2134 932/688/2136 2040/687/2137 3140/683/2135
f 3140/683/2135 2040/687/2137 931/686/2138 2046/685/2139
f 2033/669/2121 3140/683/2135 2046/685/2139 927/668/2122
f 929/662/2116 2044/679/2133 3141/689/2140 2034/672/2125
f 2044/679/2133 933/680/2132 2041/690/2141 3141/689/2140
f 3141/689/2140 2041/690/2141 932/688/2136 2045/684/2134
f 2034/672/2125 3141/689/2140 2045/684/2134 928/670/2120
f 927/668/2122 2046/685/2139 3142/692/2142 2115/691/2127
f 931/686/2138 2117/694/2143 3142/692/2142 2046/685/2139
f 939/693/2038 2115/691/2127 3142/692/2142 2117/694/2143
f 933/680/2132 2051/696/2144 3143/1388/2145 2041/690/2141
f 2051/696/2144 937/700/2146 2048/699/2147 3143/1388/2145
f 3143/1388/2145 2048/699/2147 936/698/2148 2052/697/2149
f 2041/690/2141 3143/1388/2145 2052/697/2149 932/688/2136
f 931/686/2138 2053/703/2150 3144/702/2151 2117/701/2143
f 935/706/2152 2119/705/2153 3144/702/2151 2053/703/2150
f 939/704/2038 2117/701/2143 3144/702/2151 2119/705/2153
f 934/682/2130 2050/708/2154 3145/707/2155 2042/681/2131
f 2050/708/2154 938/710/2156 2049/709/2157 3145/707/2155
f 3145/707/2155 2049/709/2157 937/700/2146 2051/696/2144
f 2042/681/2131 3145/707/2155 2051/696/2144 933/680/2132
f 932/688/2136 2052/697/2149 3146/711/2158 2040/687/2137
f 2052/697/2149 936/698/2148 2047/712/2159 3146/711/2158
f 3146/711/2158 2047/712/2159 935/706/2152 2053/703/2150
f 2040/687/2137 3146/711/2158 2053/703/2150 931/686/2138
f 937/700/2146 2058/714/2160 3147/713/2161 2048/699/2147
f 2058/714/2160 942/718/2162 2056/717/2163 3147/713/2161
f 3147/713/2161 2056/717/2163 941/1389/2164 2059/715/2165
f 2048/699/2147 3147/713/2161 2059/715/2165 936/698/2148
f 935/706/2152 2060/721/2166 3148/720/2167 2119/719/2153
f 940/724/2168 2054/723/2169 3148/720/2167 2060/721/2166
f 939/722/2038 2119/719/2153 3148/720/2167 2054/723/2169
f 938/710/2156 2061/726/2170 3149/725/2171 2049/709/2157
f 2061/726/2170 943/728/2172 2057/727/2173 3149/725/2171
f 3149/725/2171 2057/727/2173 942/718/2162 2058/714/2160
f 2049/709/2157 3149/725/2171 2058/714/2160 937/700/2146
f 936/698/2148 2059/715/2165 3150/729/2174 2047/712/2159
f 2059/715/2165 941/1389/2164 2055/730/2175 3150/729/2174
f 3150/729/2174 2055/730/2175 940/724/2168 2060/721/2166
f 2047/712/2159 3150/729/2174 2060/721/2166 935/706/2152
f 943/728/2172 2065/732/2176 3151/731/2177 2057/727/2173
f 2065/732/2176 947/736/2178 2064/735/2179 3151/731/2177
f 3151/731/2177 2064/735/2179 946/734/2180 2066/733/2181
f 2057/727/2173 3151/731/2177 2066/733/2181 942/718/2162
f 941/1389/2164 2067/738/2182 3152/737/2183 2055/730/2175
f 2067/738/2182 945/742/2184 2062/741/2185 3152/737/2183
f 3152/737/2183 2062/741/2185 944/740/2186 2068/739/2187
f 2055/730/2175 3152/737/2183 2068/739/2187 940/724/2168
f 942/718/2162 2066/733/2181 3153/743/2188 2056/717/2163
f 2066/733/2181 946/734/2180 2063/744/2189 3153/743/2188
f 3153/743/2188 2063/744/2189 945/742/2184 2067/738/2182
f 2056/717/2163 3153/743/2188 2067/738/2182 941/1389/2164
f 940/724/2168 2068/739/2187 3154/746/2190 2054/745/2169
f 944/740/2186 2121/748/2191 3154/746/2190 2068/739/2187
f 939/747/2038 2054/745/2169 3154/746/2190 2121/748/2191
f 945/742/2184 2072/750/2192 3155/1390/2193 2062/741/2185
f 2072/750/2192 949/754/2194 2069/753/2195 3155/1390/2193
f 3155/1390/2193 2069/753/2195 948/752/2196 2073/751/2197
f 2062/741/2185 3155/1390/2193 2073/751/2197 944/740/2186
f 946/734/2180 2075/756/2198 3156/755/2199 2063/744/2189
f 2075/756/2198 950/758/2200 2070/757/2201 3156/755/2199
f 3156/755/2199 2070/757/2201 949/754/2194 2072/750/2192
f 2063/744/2189 3156/755/2199 2072/750/2192 945/742/2184
f 944/740/2186 2073/751/2197 3157/760/2202 2121/759/2191
f 948/752/2196 2123/762/2203 3157/760/2202 2073/751/2197
f 939/761/2038 2121/759/2191 3157/760/2202 2123/762/2203
f 947/736/2178 2074/764/2204 3158/763/2205 2064/735/2179
f 2074/764/2204 951/766/2206 2071/765/2207 3158/763/2205
f 3158/763/2205 2071/765/2207 950/758/2200 2075/756/2198
f 2064/735/2179 3158/763/2205 2075/756/2198 946/734/2180
f 950/758/2200 2080/768/2208 3159/767/2209 2070/757/2201
f 2080/768/2208 954/772/2210 2077/771/2211 3159/767/2209
f 3159/767/2209 2077/771/2211 953/770/2212 2081/769/2213
f 2070/757/2201 3159/767/2209 2081/769/2213 949/754/2194
f 948/752/2196 2082/775/2214 3160/774/2215 2123/773/2203
f 952/778/2216 2125/777/2217 3160/774/2215 2082/775/2214
f 939/776/2038 2123/773/2203 3160/774/2215 2125/777/2217
f 951/766/2206 2079/780/2218 3161/779/2219 2071/765/2207
f 2079/780/2218 955/782/2220 2078/781/2221 3161/779/2219
f 3161/779/2219 2078/781/2221 954/772/2210 2080/768/2208
f 2071/765/2207 3161/779/2219 2080/768/2208 950/758/2200
f 949/754/2194 2081/769/2213 3162/783/2222 2069/753/2195
f 2081/769/2213 953/770/2212 2076/784/2223 3162/783/2222
f 3162/783/2222 2076/784/2223 952/778/2216 2082/775/2214
f 2069/753/2195 3162/783/2222 2082/775/2214 948/752/2196
f 952/785/2216 2086/788/2224 3163/787/2225 2125/786/2217
f 956/791/2226 2127/790/2227 3163/787/2225 2086/788/2224
f 939/789/2038 2125/786/2217 3163/787/2225 2127/790/2227
f 1044/792/2228 2112/795/2229 3164/794/2230 2362/793/2231
f 2112/795/2229 983/800/2232 2171/799/2233 3164/794/2230
f 3164/794/2230 2171/799/2233 987/798/2234 2309/797/2235
f 2362/793/2231 3164/794/2230 2309/797/2235 1075/796/2236
f 1038/801/2237 2108/804/2238 3165/803/2239 2359/802/2240
f 2108/804/2238 999/809/2241 2202/808/2242 3165/803/2239
f 3165/803/2239 2202/808/2242 1004/807/2243 2285/806/2244
f 2359/802/2240 3165/803/2239 2285/806/2244 1051/805/2245
f 955/810/2220 2087/813/2246 3166/812/2247 2078/811/2221
f 2087/813/2246 959/818/2248 2085/1391/2249 3166/812/2247
f 3166/812/2247 2085/1391/2249 958/816/2250 2088/815/2251
f 2078/811/2221 3166/812/2247 2088/815/2251 954/814/2210
f 953/819/2212 2089/1392/2252 3167/821/2253 2076/820/2223
f 2089/1392/2252 957/1393/2254 2083/823/2255 3167/821/2253
f 3167/821/2253 2083/823/2255 956/791/2226 2086/788/2224
f 2076/820/2223 3167/821/2253 2086/788/2224 952/785/2216
f 1050/825/2256 2116/828/2257 3168/827/2258 2356/826/2259
f 2116/828/2257 1012/833/2260 2223/832/2261 3168/827/2258
f 3168/827/2258 2223/832/2261 1016/831/2262 2267/830/2263
f 2356/826/2259 3168/827/2258 2267/830/2263 1033/829/2264
f 1033/834/2264 2267/837/2263 3169/836/2265 2353/835/2266
f 2267/837/2263 1016/842/2262 2230/841/2267 3169/836/2265
f 3169/836/2265 2230/841/2267 1020/840/2268 2294/839/2269
f 2353/835/2266 3169/836/2265 2294/839/2269 1060/838/2270
f 954/814/2210 2088/815/2251 3170/844/2271 2077/843/2211
f 2088/815/2251 958/816/2250 2084/845/2272 3170/844/2271
f 3170/844/2271 2084/845/2272 957/1393/2254 2089/1392/2252
f 2077/843/2211 3170/844/2271 2089/1392/2252 953/819/2212
f 1047/846/2273 2114/849/2274 3171/848/2275 2350/847/2276
f 2114/849/2274 995/851/2277 2195/850/2278 3171/848/2275
f 3171/848/2275 2195/850/2278 999/809/2241 2108/804/2238
f 2350/847/2276 3171/848/2275 2108/804/2238 1038/801/2237
f 959/818/2248 2093/853/2279 3172/852/2280 2085/1391/2249
f 2093/853/2279 963/857/2281 2092/1394/2282 3172/852/2280
f 3172/852/2280 2092/1394/2282 962/855/2283 2094/854/2284
f 2085/1391/2249 3172/852/2280 2094/854/2284 958/816/2250
f 957/1393/2254 2095/859/2285 3173/858/2286 2083/823/2255
f 2095/859/2285 961/863/2287 2090/862/2288 3173/858/2286
f 3173/858/2286 2090/862/2288 960/861/2289 2096/860/2290
f 2083/823/2255 3173/858/2286 2096/860/2290 956/791/2226
f 1068/864/2291 2128/867/2292 3174/866/2293 2347/865/2294
f 2128/867/2292 975/872/2295 2158/871/2296 3174/866/2293
f 3174/866/2293 2158/871/2296 979/870/2297 2273/869/2298
f 2347/865/2294 3174/866/2293 2273/869/2298 1039/868/2299
f 1039/868/2299 2273/869/2298 3175/874/2300 2344/1395/2301
f 2273/869/2298 979/870/2297 2166/875/2302 3175/874/2300
f 3175/874/2300 2166/875/2302 983/800/2232 2112/795/2229
f 2344/1395/2301 3175/874/2300 2112/795/2229 1044/792/2228
f 958/816/2250 2094/854/2284 3176/876/2303 2084/845/2272
f 2094/854/2284 962/855/2283 2091/877/2304 3176/876/2303
f 3176/876/2303 2091/877/2304 961/863/2287 2095/859/2285
f 2084/845/2272 3176/876/2303 2095/859/2285 957/1393/2254
f 956/791/2226 2096/860/2290 3177/879/2305 2127/878/2227
f 960/861/2289 2129/881/2306 3177/879/2305 2096/860/2290
f 939/880/2038 2127/878/2227 3177/879/2305 2129/881/2306
f 1080/882/2307 2138/885/2308 3178/884/2309 2341/883/2310
f 2138/885/2308 991/887/2311 2184/886/2312 3178/884/2309
f 3178/884/2309 2184/886/2312 995/851/2277 2114/849/2274
f 2341/883/2310 3178/884/2309 2114/849/2274 1047/846/2273
f 1074/888/2313 2132/891/2314 3179/890/2315 2338/889/2316
f 2132/891/2314 1028/896/2317 2265/895/2318 3179/890/2315
f 3179/890/2315 2265/895/2318 968/894/2319 2291/893/2320
f 2338/889/2316 3179/890/2315 2291/893/2320 1057/892/2321
f 1056/897/2322 2120/900/2323 3180/899/2324 2335/898/2325
f 2120/900/2323 1008/902/2326 2216/901/2327 3180/899/2324
f 3180/899/2324 2216/901/2327 1012/833/2260 2116/828/2257
f 2335/898/2325 3180/899/2324 2116/828/2257 1050/825/2256
f 962/855/2283 2101/904/2328 3181/903/2329 2091/877/2304
f 2101/904/2328 966/908/2330 2098/907/2331 3181/903/2329
f 3181/903/2329 2098/907/2331 965/906/2332 2102/905/2333
f 2091/877/2304 3181/903/2329 2102/905/2333 961/863/2287
f 960/861/2289 2103/911/2334 3182/910/2335 2129/909/2306
f 964/914/2336 2131/913/2337 3182/910/2335 2103/911/2334
f 939/912/2038 2129/909/2306 3182/910/2335 2131/913/2337
f 1051/805/2245 2285/806/2244 3183/916/2338 2332/915/2339
f 2285/806/2244 1004/807/2243 2209/917/2340 3183/916/2338
f 3183/916/2338 2209/917/2340 1008/902/2326 2120/900/2323
f 2332/915/2339 3183/916/2338 2120/900/2323 1056/897/2322
f 1057/892/2321 2291/893/2320 3184/919/2341 2329/918/2342
f 2291/893/2320 968/894/2319 2145/923/2343 3184/919/2341
f 3184/919/2341 2145/923/2343 971/922/2344 2297/921/2345
f 2329/918/2342 3184/919/2341 2297/921/2345 1063/920/2346
f 963/857/2281 2100/925/2347 3185/924/2348 2092/1394/2282
f 2100/925/2347 967/1396/2349 2099/926/2350 3185/924/2348
f 3185/924/2348 2099/926/2350 966/908/2330 2101/904/2328
f 2092/1394/2282 3185/924/2348 2101/904/2328 962/855/2283
f 961/863/2287 2102/905/2333 3186/928/2351 2090/862/2288
f 2102/905/2333 965/906/2332 2097/929/2352 3186/928/2351
f 3186/928/2351 2097/929/2352 964/914/2336 2103/911/2334
f 2090/862/2288 3186/928/2351 2103/911/2334 960/861/2289
f 1060/838/2270 2294/839/2269 3187/931/2353 2326/930/2354
f 2294/839/2269 1020/840/2268 2236/935/2355 3187/931/2353
f 3187/931/2353 2236/935/2355 1024/934/2356 2303/933/2357
f 2326/930/2354 3187/931/2353 2303/933/2357 1069/1397/2358
f 966/908/2330 2135/937/2359 3188/936/2360 2098/907/2331
f 2135/937/2359 905/562/2023 1996/563/2026 3188/936/2360
f 3188/936/2360 1996/563/2026 904/566/2031 2136/938/2361
f 2098/907/2331 3188/936/2360 2136/938/2361 965/906/2332
f 964/914/2336 2137/941/2362 3189/940/2363 2131/939/2337
f 903/571/2032 2104/943/2035 3189/940/2363 2137/941/2362
f 939/942/2038 2131/939/2337 3189/940/2363 2104/943/2035
f 1063/920/2346 2297/921/2345 3190/945/2364 2323/944/2365
f 2297/921/2345 971/922/2344 2152/946/2366 3190/945/2364
f 3190/945/2364 2152/946/2366 975/872/2295 2128/867/2292
f 2323/944/2365 3190/945/2364 2128/867/2292 1068/864/2291
f 1069/1397/2358 2303/933/2357 3191/948/2367 2320/947/2368
f 2303/933/2357 1024/934/2356 2244/949/2369 3191/948/2367
f 3191/948/2367 2244/949/2369 1028/896/2317 2132/891/2314
f 2320/947/2368 3191/948/2367 2132/891/2314 1074/888/2313
f 967/1396/2349 2134/951/2370 3192/950/2371 2099/926/2350
f 2134/951/2370 906/1385/2039 1997/579/2042 3192/950/2371
f 3192/950/2371 1997/579/2042 905/562/2023 2135/937/2359
f 2099/926/2350 3192/950/2371 2135/937/2359 966/908/2330
f 965/906/2332 2136/938/2361 3193/952/2372 2097/929/2352
f 2136/938/2361 904/566/2031 1995/584/2046 3193/952/2372
f 3193/952/2372 1995/584/2046 903/571/2032 2137/941/2362
f 2097/929/2352 3193/952/2372 2137/941/2362 964/914/2336
f 1075/796/2236 2309/797/2235 3194/954/2373 2317/953/2374
f 2309/797/2235 987/798/2234 2180/955/2375 3194/954/2373
f 3194/954/2373 2180/955/2375 991/887/2311 2138/885/2308
f 2317/953/2374 3194/954/2373 2138/885/2308 1080/882/2307
f 970/956/2376 2143/959/2377 3195/958/2378 2247/957/2379
f 2143/959/2377 974/964/2380 2142/963/2381 3195/958/2378
f 3195/958/2378 2142/963/2381 973/962/2382 2250/961/2383
f 2247/957/2379 3195/958/2378 2250/961/2383 1032/960/2384
f 969/965/2385 2144/968/2386 3196/967/2387 2139/966/2388
f 2144/968/2386 972/970/2389 2140/969/2390 3196/967/2387
f 3196/967/2387 2140/969/2390 971/922/2344 2145/923/2343
f 2139/966/2388 3196/967/2387 2145/923/2343 968/894/2319
f 1003/971/2391 2249/974/2392 3197/973/2393 2248/972/2394
f 974/964/2380 2143/959/2377 3197/973/2393 2249/974/2392
f 970/956/2376 2248/972/2394 3197/973/2393 2143/959/2377
f 1032/960/2384 2250/961/2383 3198/976/2395 2246/975/2396
f 2250/961/2383 973/962/2382 2141/977/2397 3198/976/2395
f 3198/976/2395 2141/977/2397 972/970/2389 2144/968/2386
f 2246/975/2396 3198/976/2395 2144/968/2386 969/965/2385
f 1003/978/2391 2251/981/2398 3199/980/2399 2249/979/2392
f 978/983/2400 2149/982/2401 3199/980/2399 2251/981/2398
f 974/964/2380 2249/979/2392 3199/980/2399 2149/982/2401
f 973/962/2382 2150/985/2402 3200/984/2403 2141/977/2397
f 2150/985/2402 977/989/2404 2147/988/2405 3200/984/2403
f 3200/984/2403 2147/988/2405 976/987/2406 2151/986/2407
f 2141/977/2397 3200/984/2403 2151/986/2407 972/970/2389
f 974/964/2380 2149/982/2401 3201/990/2408 2142/963/2381
f 2149/982/2401 978/983/2400 2148/991/2409 3201/990/2408
f 3201/990/2408 2148/991/2409 977/989/2404 2150/985/2402
f 2142/963/2381 3201/990/2408 2150/985/2402 973/962/2382
f 972/970/2389 2151/986/2407 3202/992/2410 2140/969/2390
f 2151/986/2407 976/987/2406 2146/993/2411 3202/992/2410
f 3202/992/2410 2146/993/2411 975/872/2295 2152/946/2366
f 2140/969/2390 3202/992/2410 2152/946/2366 971/922/2344
f 977/989/2404 2156/995/2412 3203/994/2413 2147/988/2405
f 2156/995/2412 981/999/2414 2154/998/2415 3203/994/2413
f 3203/994/2413 2154/998/2415 980/997/2416 2157/996/2417
f 2147/988/2405 3203/994/2413 2157/996/2417 976/987/2406
f 978/983/2400 2159/1001/2418 3204/1000/2419 2148/991/2409
f 2159/1001/2418 982/1003/2420 2155/1002/2421 3204/1000/2419
f 3204/1000/2419 2155/1002/2421 981/999/2414 2156/995/2412
f 2148/991/2409 3204/1000/2419 2156/995/2412 977/989/2404
f 976/987/2406 2157/996/2417 3205/1004/2422 2146/993/2411
f 2157/996/2417 980/997/2416 2153/1005/2423 3205/1004/2422
f 3205/1004/2422 2153/1005/2423 979/870/2297 2158/871/2296
f 2146/993/2411 3205/1004/2422 2158/871/2296 975/872/2295
f 1003/1006/2391 2252/1009/2424 3206/1008/2425 2251/1007/2398
f 982/1003/2420 2159/1001/2418 3206/1008/2425 2252/1009/2424
f 978/983/2400 2251/1007/2398 3206/1008/2425 2159/1001/2418
f 982/1003/2420 2163/1011/2426 3207/1010/2427 2155/1002/2421
f 2163/1011/2426 986/1015/2428 2162/1014/2429 3207/1010/2427
f 3207/1010/2427 2162/1014/2429 985/1013/2430 2164/1012/2431
f 2155/1002/2421 3207/1010/2427 2164/1012/2431 981/999/2414
f 980/997/2416 2165/1017/2432 3208/1016/2433 2153/1005/2423
f 2165/1017/2432 984/1019/2434 2160/1018/2435 3208/1016/2433
f 3208/1016/2433 2160/1018/2435 983/800/2232 2166/875/2302
f 2153/1005/2423 3208/1016/2433 2166/875/2302 979/870/2297
f 1003/1020/2391 2253/1023/2436 3209/1022/2437 2252/1021/2424
f 986/1015/2428 2163/1011/2426 3209/1022/2437 2253/1023/2436
f 982/1003/2420 2252/1021/2424 3209/1022/2437 2163/1011/2426
f 981/999/2414 2164/1012/2431 3210/1024/2438 2154/998/2415
f 2164/1012/2431 985/1013/2430 2161/1025/2439 3210/1024/2438
f 3210/1024/2438 2161/1025/2439 984/1019/2434 2165/1017/2432
f 2154/998/2415 3210/1024/2438 2165/1017/2432 980/997/2416
f 984/1019/2434 2170/1027/2440 3211/1026/2441 2160/1018/2435
f 2170/1027/2440 988/1029/2442 2167/1028/2443 3211/1026/2441
f 3211/1026/2441 2167/1028/2443 987/798/2234 2171/799/2233
f 2160/1018/2435 3211/1026/2441 2171/799/2233 983/800/2232
f 1003/1030/2391 2254/1033/2444 3212/1032/2445 2253/1031/2436
f 990/1035/2446 2172/1034/2447 3212/1032/2445 2254/1033/2444
f 986/1015/2428 2253/1031/2436 3212/1032/2445 2172/1034/2447
f 985/1013/2430 2173/1037/2448 3213/1036/2449 2161/1025/2439
f 2173/1037/2448 989/1039/2450 2168/1038/2451 3213/1036/2449
f 3213/1036/2449 2168/1038/2451 988/1029/2442 2170/1027/2440
f 2161/1025/2439 3213/1036/2449 2170/1027/2440 984/1019/2434
f 986/1015/2428 2172/1034/2447 3214/1040/2452 2162/1014/2429
f 2172/1034/2447 990/1035/2446 2169/1041/2453 3214/1040/2452
f 3214/1040/2452 2169/1041/2453 989/1039/2450 2173/1037/2448
f 2162/1014/2429 3214/1040/2452 2173/1037/2448 985/1013/2430
f 1003/1042/2391 2255/1045/2454 3215/1044/2455 2254/1043/2444
f 994/1047/2456 2177/1046/2457 3215/1044/2455 2255/1045/2454
f 990/1035/2446 2254/1043/2444 3215/1044/2455 2177/1046/2457
f 989/1039/2450 2178/1049/2458 3216/1048/2459 2168/1038/2451
f 2178/1049/2458 993/1053/2460 2175/1052/2461 3216/1048/2459
f 3216/1048/2459 2175/1052/2461 992/1051/2462 2179/1050/2463
f 2168/1038/2451 3216/1048/2459 2179/1050/2463 988/1029/2442
f 990/1035/2446 2177/1046/2457 3217/1054/2464 2169/1041/2453
f 2177/1046/2457 994/1047/2456 2176/1055/2465 3217/1054/2464
f 3217/1054/2464 2176/1055/2465 993/1053/2460 2178/1049/2458
f 2169/1041/2453 3217/1054/2464 2178/1049/2458 989/1039/2450
f 988/1029/2442 2179/1050/2463 3218/1056/2466 2167/1028/2443
f 2179/1050/2463 992/1051/2462 2174/1057/2467 3218/1056/2466
f 3218/1056/2466 2174/1057/2467 991/887/2311 2180/955/2375
f 2167/1028/2443 3218/1056/2466 2180/955/2375 987/798/2234
f 994/1047/2456 2185/1059/2468 3219/1058/2469 2176/1055/2465
f 2185/1059/2468 998/1063/2470 2183/1062/2471 3219/1058/2469
f 3219/1058/2469 2183/1062/2471 997/1061/2472 2186/1060/2473
f 2176/1055/2465 3219/1058/2469 2186/1060/2473 993/1053/2460
f 992/1051/2462 2187/1065/2474 3220/1064/2475 2174/1057/2467
f 2187/1065/2474 996/1067/2476 2181/1066/2477 3220/1064/2475
f 3220/1064/2475 2181/1066/2477 995/851/2277 2184/886/2312
f 2174/1057/2467 3220/1064/2475 2184/886/2312 991/887/2311
f 1003/1068/2391 2256/1071/2478 3221/1070/2479 2255/1069/2454
f 998/1063/2470 2185/1059/2468 3221/1070/2479 2256/1071/2478
f 994/1047/2456 2255/1069/2454 3221/1070/2479 2185/1059/2468
f 993/1053/2460 2186/1060/2473 3222/1072/2480 2175/1052/2461
f 2186/1060/2473 997/1061/2472 2182/1073/2481 3222/1072/2480
f 3222/1072/2480 2182/1073/2481 996/1067/2476 2187/1065/2474
f 2175/1052/2461 3222/1072/2480 2187/1065/2474 992/1051/2462
f 998/1063/2470 2192/1075/2482 3223/1074/2483 2183/1062/2471
f 2192/1075/2482 1002/1079/2484 2190/1078/2485 3223/1074/2483
f 3223/1074/2483 2190/1078/2485 1001/1077/2486 2193/1076/2487
f 2183/1062/2471 3223/1074/2483 2193/1076/2487 997/1061/2472
f 996/1067/2476 2194/1081/2488 3224/1080/2489 2181/1066/2477
f 2194/1081/2488 1000/1083/2490 2188/1082/2491 3224/1080/2489
f 3224/1080/2489 2188/1082/2491 999/809/2241 2195/850/2278
f 2181/1066/2477 3224/1080/2489 2195/850/2278 995/851/2277
f 1003/1084/2391 2191/1087/2492 3225/1086/2493 2256/1085/2478
f 1002/1079/2484 2192/1075/2482 3225/1086/2493 2191/1087/2492
f 998/1063/2470 2256/1085/2478 3225/1086/2493 2192/1075/2482
f 997/1061/2472 2193/1076/2487 3226/1088/2494 2182/1073/2481
f 2193/1076/2487 1001/1077/2486 2189/1089/2495 3226/1088/2494
f 3226/1088/2494 2189/1089/2495 1000/1083/2490 2194/1081/2488
f 2182/1073/2481 3226/1088/2494 2194/1081/2488 996/1067/2476
f 1003/1090/2391 2257/1093/2496 3227/1092/2497 2191/1091/2492
f 1007/1095/2498 2199/1094/2499 3227/1092/2497 2257/1093/2496
f 1002/1079/2484 2191/1091/2492 3227/1092/2497 2199/1094/2499
f 1001/1077/2486 2200/1097/2500 3228/1096/2501 2189/1089/2495
f 2200/1097/2500 1006/1101/2502 2197/1100/2503 3228/1096/2501
f 3228/1096/2501 2197/1100/2503 1005/1099/2504 2201/1098/2505
f 2189/1089/2495 3228/1096/2501 2201/1098/2505 1000/1083/2490
f 1002/1079/2484 2199/1094/2499 3229/1102/2506 2190/1078/2485
f 2199/1094/2499 1007/1095/2498 2198/1103/2507 3229/1102/2506
f 3229/1102/2506 2198/1103/2507 1006/1101/2502 2200/1097/2500
f 2190/1078/2485 3229/1102/2506 2200/1097/2500 1001/1077/2486
f 1000/1083/2490 2201/1098/2505 3230/1104/2508 2188/1082/2491
f 2201/1098/2505 1005/1099/2504 2196/1105/2509 3230/1104/2508
f 3230/1104/2508 2196/1105/2509 1004/807/2243 2202/808/2242
f 2188/1082/2491 3230/1104/2508 2202/808/2242 999/809/2241
f 1003/1106/2391 2258/1109/2510 3231/1108/2511 2257/1107/2496
f 1011/1111/2512 2206/1110/2513 3231/1108/2511 2258/1109/2510
f 1007/1095/2498 2257/1107/2496 3231/1108/2511 2206/1110/2513
f 1006/1101/2502 2207/1113/2514 3232/1112/2515 2197/1100/2503
f 2207/1113/2514 1010/1117/2516 2204/1116/2517 3232/1112/2515
f 3232/1112/2515 2204/1116/2517 1009/1115/2518 2208/1114/2519
f 2197/1100/2503 3232/1112/2515 2208/1114/2519 1005/1099/2504
f 1007/1095/2498 2206/1110/2513 3233/1118/2520 2198/1103/2507
f 2206/1110/2513 1011/1111/2512 2205/1119/2521 3233/1118/2520
f 3233/1118/2520 2205/1119/2521 1010/1117/2516 2207/1113/2514
f 2198/1103/2507 3233/1118/2520 2207/1113/2514 1006/1101/2502
f 1005/1099/2504 2208/1114/2519 3234/1120/2522 2196/1105/2509
f 2208/1114/2519 1009/1115/2518 2203/1121/2523 3234/1120/2522
f 3234/1120/2522 2203/1121/2523 1008/902/2326 2209/917/2340
f 2196/1105/2509 3234/1120/2522 2209/917/2340 1004/807/2243
f 1011/1111/2512 2213/1123/2524 3235/1122/2525 2205/1119/2521
f 2213/1123/2524 1015/1127/2526 2212/1126/2527 3235/1122/2525
f 3235/1122/2525 2212/1126/2527 1014/1125/2528 2214/1124/2529
f 2205/1119/2521 3235/1122/2525 2214/1124/2529 1010/1117/2516
f 1009/1115/2518 2215/1129/2530 3236/1128/2531 2203/1121/2523
f 2215/1129/2530 1013/1131/2532 2210/1130/2533 3236/1128/2531
f 3236/1128/2531 2210/1130/2533 1012/833/2260 2216/901/2327
f 2203/1121/2523 3236/1128/2531 2216/901/2327 1008/902/2326
f 1003/1132/2391 2259/1135/2534 3237/1134/2535 2258/1133/2510
f 1015/1127/2526 2213/1123/2524 3237/1134/2535 2259/1135/2534
f 1011/1111/2512 2258/1133/2510 3237/1134/2535 2213/1123/2524
f 1010/1117/2516 2214/1124/2529 3238/1136/2536 2204/1116/2517
f 2214/1124/2529 1014/1125/2528 2211/1137/2537 3238/1136/2536
f 3238/1136/2536 2211/1137/2537 1013/1131/2532 2215/1129/2530
f 2204/1116/2517 3238/1136/2536 2215/1129/2530 1009/1115/2518
f 1015/1127/2526 2220/1139/2538 3239/1138/2539 2212/1126/2527
f 2220/1139/2538 1019/1143/2540 2219/1142/2541 3239/1138/2539
f 3239/1138/2539 2219/1142/2541 1018/1141/2542 2221/1140/2543
f 2212/1126/2527 3239/1138/2539 2221/1140/2543 1014/1125/2528
f 1013/1131/2532 2222/1145/2544 3240/1144/2545 2210/1130/2533
f 2222/1145/2544 1017/1147/2546 2217/1146/2547 3240/1144/2545
f 3240/1144/2545 2217/1146/2547 1016/831/2262 2223/832/2261
f 2210/1130/2533 3240/1144/2545 2223/832/2261 1012/833/2260
f 1003/1148/2391 2260/1151/2548 3241/1150/2549 2259/1149/2534
f 1019/1143/2540 2220/1139/2538 3241/1150/2549 2260/1151/2548
f 1015/1127/2526 2259/1149/2534 3241/1150/2549 2220/1139/2538
f 1014/1125/2528 2221/1140/2543 3242/1152/2550 2211/1137/2537
f 2221/1140/2543 1018/1141/2542 2218/1153/2551 3242/1152/2550
f 3242/1152/2550 2218/1153/2551 1017/1147/2546 2222/1145/2544
f 2211/1137/2537 3242/1152/2550 2222/1145/2544 1013/1131/2532
f 1003/1154/2391 2261/1157/2552 3243/1156/2553 2260/1155/2548
f 1023/1160/2554 2227/1159/2555 3243/1156/2553 2261/1157/2552
f 1019/1158/2540 2260/1155/2548 3243/1156/2553 2227/1159/2555
f 1018/1161/2542 2228/1164/2556 3244/1163/2557 2218/1162/2551
f 2228/1164/2556 1022/1169/2558 2225/1168/2559 3244/1163/2557
f 3244/1163/2557 2225/1168/2559 1021/1167/2560 2229/1166/2561
f 2218/1162/2551 3244/1163/2557 2229/1166/2561 1017/1165/2546
f 1019/1158/2540 2227/1159/2555 3245/1171/2562 2219/1170/2541
f 2227/1159/2555 1023/1160/2554 2226/1172/2563 3245/1171/2562
f 3245/1171/2562 2226/1172/2563 1022/1169/2558 2228/1164/2556
f 2219/1170/2541 3245/1171/2562 2228/1164/2556 1018/1161/2542
f 1017/1165/2546 2229/1166/2561 3246/1174/2564 2217/1173/2547
f 2229/1166/2561 1021/1167/2560 2224/1175/2565 3246/1174/2564
f 3246/1174/2564 2224/1175/2565 1020/840/2268 2230/841/2267
f 2217/1173/2547 3246/1174/2564 2230/841/2267 1016/842/2262
f 1022/1169/2558 2234/1177/2566 3247/1176/2567 2225/1168/2559
f 2234/1177/2566 1026/1181/2568 2232/1180/2569 3247/1176/2567
f 3247/1176/2567 2232/1180/2569 1025/1179/2570 2235/1178/2571
f 2225/1168/2559 3247/1176/2567 2235/1178/2571 1021/1167/2560
f 1023/1160/2554 2237/1183/2572 3248/1182/2573 2226/1172/2563
f 2237/1183/2572 1027/1185/2574 2233/1184/2575 3248/1182/2573
f 3248/1182/2573 2233/1184/2575 1026/1181/2568 2234/1177/2566
f 2226/1172/2563 3248/1182/2573 2234/1177/2566 1022/1169/2558
f 1021/1167/2560 2235/1178/2571 3249/1186/2576 2224/1175/2565
f 2235/1178/2571 1025/1179/2570 2231/1187/2577 3249/1186/2576
f 3249/1186/2576 2231/1187/2577 1024/934/2356 2236/935/2355
f 2224/1175/2565 3249/1186/2576 2236/935/2355 1020/840/2268
f 1003/1188/2391 2262/1191/2578 3250/1190/2579 2261/1189/2552
f 1027/1185/2574 2237/1183/2572 3250/1190/2579 2262/1191/2578
f 1023/1160/2554 2261/1189/2552 3250/1190/2579 2237/1183/2572
f 1027/1185/2574 2241/1193/2580 3251/1192/2581 2233/1184/2575
f 2241/1193/2580 1031/1197/2582 2240/1196/2583 3251/1192/2581
f 3251/1192/2581 2240/1196/2583 1030/1195/2584 2242/1194/2585
f 2233/1184/2575 3251/1192/2581 2242/1194/2585 1026/1181/2568
f 1025/1179/2570 2243/1199/2586 3252/1198/2587 2231/1187/2577
f 2243/1199/2586 1029/1201/2588 2238/1200/2589 3252/1198/2587
f 3252/1198/2587 2238/1200/2589 1028/896/2317 2244/949/2369
f 2231/1187/2577 3252/1198/2587 2244/949/2369 1024/934/2356
f 1003/1202/2391 2263/1205/2590 3253/1204/2591 2262/1203/2578
f 1031/1197/2582 2241/1193/2580 3253/1204/2591 2263/1205/2590
f 1027/1185/2574 2262/1203/2578 3253/1204/2591 2241/1193/2580
f 1026/1181/2568 2242/1194/2585 3254/1206/2592 2232/1180/2569
f 2242/1194/2585 1030/1195/2584 2239/1207/2593 3254/1206/2592
f 3254/1206/2592 2239/1207/2593 1029/1201/2588 2243/1199/2586
f 2232/1180/2569 3254/1206/2592 2243/1199/2586 1025/1179/2570
f 1029/1201/2588 2264/1209/2594 3255/1208/2595 2238/1200/2589
f 2264/1209/2594 969/965/2385 2139/966/2388 3255/1208/2595
f 3255/1208/2595 2139/966/2388 968/894/2319 2265/895/2318
f 2238/1200/2589 3255/1208/2595 2265/895/2318 1028/896/2317
f 1003/1210/2391 2248/1213/2394 3256/1212/2596 2263/1211/2590
f 970/956/2376 2266/1214/2597 3256/1212/2596 2248/1213/2394
f 1031/1197/2582 2263/1211/2590 3256/1212/2596 2266/1214/2597
f 1030/1195/2584 2245/1216/2598 3257/1215/2599 2239/1207/2593
f 2245/1216/2598 1032/960/2384 2246/975/2396 3257/1215/2599
f 3257/1215/2599 2246/975/2396 969/965/2385 2264/1209/2594
f 2239/1207/2593 3257/1215/2599 2264/1209/2594 1029/1201/2588
f 1031/1197/2582 2266/1214/2597 3258/1217/2600 2240/1196/2583
f 2266/1214/2597 970/956/2376 2247/957/2379 3258/1217/2600
f 3258/1217/2600 2247/957/2379 1032/960/2384 2245/1216/2598
f 2240/1196/2583 3258/1217/2600 2245/1216/2598 1030/1195/2584
f 926/656/2108 2133/1219/2601 3259/1218/2602 2036/660/2112
f 2133/1219/2601 1077/1223/2603 2315/1222/2604 3259/1218/2602
f 3259/1218/2602 2315/1222/2604 1078/1221/2605 2312/1220/2606
f 2036/660/2112 3259/1218/2602 2312/1220/2606 930/664/2114
f 1077/1223/2603 2311/1225/2607 3260/1224/2608 2315/1222/2604
f 2311/1225/2607 1076/1229/2609 2316/1398/2610 3260/1224/2608
f 3260/1224/2608 2316/1398/2610 1079/1227/2611 2313/1399/2612
f 2315/1222/2604 3260/1224/2608 2313/1399/2612 1078/1221/2605
f 1076/1229/2609 2310/1231/2613 3261/1230/2614 2316/1398/2610
f 2310/1231/2613 1075/796/2236 2317/953/2374 3261/1230/2614
f 3261/1230/2614 2317/953/2374 1080/882/2307 2314/1232/2615
f 2316/1398/2610 3261/1230/2614 2314/1232/2615 1079/1227/2611
f 963/857/2281 2130/1234/2616 3262/1233/2617 2100/925/2347
f 2130/1234/2616 1071/1238/2618 2318/1237/2619 3262/1233/2617
f 3262/1233/2617 2318/1237/2619 1072/1236/2620 2306/1235/2621
f 2100/925/2347 3262/1233/2617 2306/1235/2621 967/1396/2349
f 1071/1238/2618 2305/1240/2622 3263/1239/2623 2318/1237/2619
f 2305/1240/2622 1070/1244/2624 2319/1243/2625 3263/1239/2623
f 3263/1239/2623 2319/1243/2625 1073/1242/2626 2307/1241/2627
f 2318/1237/2619 3263/1239/2623 2307/1241/2627 1072/1236/2620
f 1070/1244/2624 2304/1246/2628 3264/1400/2629 2319/1243/2625
f 2304/1246/2628 1069/1397/2358 2320/947/2368 3264/1400/2629
f 3264/1400/2629 2320/947/2368 1074/888/2313 2308/1247/2630
f 2319/1243/2625 3264/1400/2629 2308/1247/2630 1073/1242/2626
f 910/583/2043 2126/1249/2631 3265/1248/2632 2009/594/2052
f 2126/1249/2631 1065/1253/2633 2321/1252/2634 3265/1248/2632
f 3265/1248/2632 2321/1252/2634 1066/1251/2635 2300/1250/2636
f 2009/594/2052 3265/1248/2632 2300/1250/2636 914/598/2054
f 1065/1253/2633 2299/1255/2637 3266/1254/2638 2321/1252/2634
f 2299/1255/2637 1064/1259/2639 2322/1258/2640 3266/1254/2638
f 3266/1254/2638 2322/1258/2640 1067/1257/2641 2301/1256/2642
f 2321/1252/2634 3266/1254/2638 2301/1256/2642 1066/1251/2635
f 1064/1259/2639 2298/1261/2643 3267/1260/2644 2322/1258/2640
f 2298/1261/2643 1063/920/2346 2323/944/2365 3267/1260/2644
f 3267/1260/2644 2323/944/2365 1068/864/2291 2302/1262/2645
f 2322/1258/2640 3267/1260/2644 2302/1262/2645 1067/1257/2641
f 959/818/2248 2124/1264/2646 3268/1401/2647 2093/853/2279
f 2124/1264/2646 1062/1266/2648 2324/1265/2649 3268/1401/2647
f 3268/1401/2647 2324/1265/2649 1071/1238/2618 2130/1234/2616
f 2093/853/2279 3268/1401/2647 2130/1234/2616 963/857/2281
f 1062/1266/2648 2296/1268/2650 3269/1267/2651 2324/1265/2649
f 2296/1268/2650 1061/1270/2652 2325/1269/2653 3269/1267/2651
f 3269/1267/2651 2325/1269/2653 1070/1244/2624 2305/1240/2622
f 2324/1265/2649 3269/1267/2651 2305/1240/2622 1071/1238/2618
f 1061/1270/2652 2295/1402/2654 3270/1271/2655 2325/1269/2653
f 2295/1402/2654 1060/838/2270 2326/930/2354 3270/1271/2655
f 3270/1271/2655 2326/930/2354 1069/1397/2358 2304/1246/2628
f 2325/1269/2653 3270/1271/2655 2304/1246/2628 1070/1244/2624
f 906/1385/2039 2122/1274/2656 3271/1273/2657 2001/581/2040
f 2122/1274/2656 1059/1276/2658 2327/1275/2659 3271/1273/2657
f 3271/1273/2657 2327/1275/2659 1065/1253/2633 2126/1249/2631
f 2001/581/2040 3271/1273/2657 2126/1249/2631 910/583/2043
f 1059/1276/2658 2293/1278/2660 3272/1277/2661 2327/1275/2659
f 2293/1278/2660 1058/1280/2662 2328/1279/2663 3272/1277/2661
f 3272/1277/2661 2328/1279/2663 1064/1259/2639 2299/1255/2637
f 2327/1275/2659 3272/1277/2661 2299/1255/2637 1065/1253/2633
f 1058/1280/2662 2292/1282/2664 3273/1281/2665 2328/1279/2663
f 2292/1282/2664 1057/892/2321 2329/918/2342 3273/1281/2665
f 3273/1281/2665 2329/918/2342 1063/920/2346 2298/1261/2643
f 2328/1279/2663 3273/1281/2665 2298/1261/2643 1064/1259/2639
f 943/728/2172 2118/1284/2666 3274/1283/2667 2065/732/2176
f 2118/1284/2666 1053/1288/2668 2330/1287/2669 3274/1283/2667
f 3274/1283/2667 2330/1287/2669 1054/1286/2670 2288/1285/2671
f 2065/732/2176 3274/1283/2667 2288/1285/2671 947/736/2178
f 1053/1288/2668 2287/1290/2672 3275/1289/2673 2330/1287/2669
f 2287/1290/2672 1052/1294/2674 2331/1293/2675 3275/1289/2673
f 3275/1289/2673 2331/1293/2675 1055/1292/2676 2289/1403/2677
f 2330/1287/2669 3275/1289/2673 2289/1403/2677 1054/1286/2670
f 1052/1294/2674 2286/1296/2678 3276/1295/2679 2331/1293/2675
f 2286/1296/2678 1051/805/2245 2332/915/2339 3276/1295/2679
f 3276/1295/2679 2332/915/2339 1056/897/2322 2290/1297/2680
f 2331/1293/2675 3276/1295/2679 2290/1297/2680 1055/1292/2676
f 947/736/2178 2288/1285/2671 3277/1298/2681 2074/764/2204
f 2288/1285/2671 1054/1286/2670 2333/1301/2682 3277/1298/2681
f 3277/1298/2681 2333/1301/2682 1048/1300/2683 2282/1299/2684
f 2074/764/2204 3277/1298/2681 2282/1299/2684 951/766/2206
f 1054/1286/2670 2289/1403/2677 3278/1302/2685 2333/1301/2682
f 2289/1403/2677 1055/1292/2676 2334/1305/2686 3278/1302/2685
f 3278/1302/2685 2334/1305/2686 1049/1304/2687 2283/1303/2688
f 2333/1301/2682 3278/1302/2685 2283/1303/2688 1048/1300/2683
f 1055/1292/2676 2290/1297/2680 3279/1306/2689 2334/1305/2686
f 2290/1297/2680 1056/897/2322 2335/898/2325 3279/1306/2689
f 3279/1306/2689 2335/898/2325 1050/825/2256 2284/1307/2690
f 2334/1305/2686 3279/1306/2689 2284/1307/2690 1049/1304/2687
f 967/1396/2349 2306/1235/2621 3280/1308/2691 2134/951/2370
f 2306/1235/2621 1072/1236/2620 2336/1309/2692 3280/1308/2691
f 3280/1308/2691 2336/1309/2692 1059/1276/2658 2122/1274/2656
f 2134/951/2370 3280/1308/2691 2122/1274/2656 906/1385/2039
f 1072/1236/2620 2307/1241/2627 3281/1310/2693 2336/1309/2692
f 2307/1241/2627 1073/1242/2626 2337/1311/2694 3281/1310/2693
f 3281/1310/2693 2337/1311/2694 1058/1280/2662 2293/1278/2660
f 2336/1309/2692 3281/1310/2693 2293/1278/2660 1059/1276/2658
f 1073/1242/2626 2308/1247/2630 3282/1312/2695 2337/1311/2694
f 2308/1247/2630 1074/888/2313 2338/889/2316 3282/1312/2695
f 3282/1312/2695 2338/889/2316 1057/892/2321 2292/1282/2664
f 2337/1311/2694 3282/1312/2695 2292/1282/2664 1058/1280/2662
f 930/664/2114 2312/1220/2606 3283/1313/2696 2043/678/2128
f 2312/1220/2606 1078/1221/2605 2339/1316/2697 3283/1313/2696
f 3283/1313/2696 2339/1316/2697 1045/1315/2698 2279/1314/2699
f 2043/678/2128 3283/1313/2696 2279/1314/2699 934/682/2130
f 1078/1221/2605 2313/1399/2612 3284/1317/2700 2339/1316/2697
f 2313/1399/2612 1079/1227/2611 2340/1320/2701 3284/1317/2700
f 3284/1317/2700 2340/1320/2701 1046/1319/2702 2280/1318/2703
f 2339/1316/2697 3284/1317/2700 2280/1318/2703 1045/1315/2698
f 1079/1227/2611 2314/1232/2615 3285/1321/2704 2340/1320/2701
f 2314/1232/2615 1080/882/2307 2341/883/2310 3285/1321/2704
f 3285/1321/2704 2341/883/2310 1047/846/2273 2281/1404/2705
f 2340/1320/2701 3285/1321/2704 2281/1404/2705 1046/1319/2702
f 918/610/2066 2110/1324/2706 3286/1323/2707 2022/636/2090
f 2110/1324/2706 1041/1328/2708 2342/1327/2709 3286/1323/2707
f 3286/1323/2707 2342/1327/2709 1042/1326/2710 2276/1325/2711
f 2022/636/2090 3286/1323/2707 2276/1325/2711 922/638/2092
f 1041/1328/2708 2275/1330/2712 3287/1329/2713 2342/1327/2709
f 2275/1330/2712 1040/1334/2714 2343/1333/2715 3287/1329/2713
f 3287/1329/2713 2343/1333/2715 1043/1332/2716 2277/1331/2717
f 2342/1327/2709 3287/1329/2713 2277/1331/2717 1042/1326/2710
f 1040/1334/2714 2274/1336/2718 3288/1335/2719 2343/1333/2715
f 2274/1336/2718 1039/868/2299 2344/1395/2301 3288/1335/2719
f 3288/1335/2719 2344/1395/2301 1044/792/2228 2278/1337/2720
f 2343/1333/2715 3288/1335/2719 2278/1337/2720 1043/1332/2716
f 914/598/2054 2300/1250/2636 3289/1338/2721 2015/606/2064
f 2300/1250/2636 1066/1251/2635 2345/1339/2722 3289/1338/2721
f 3289/1338/2721 2345/1339/2722 1041/1328/2708 2110/1324/2706
f 2015/606/2064 3289/1338/2721 2110/1324/2706 918/610/2066
f 1066/1251/2635 2301/1256/2642 3290/1340/2723 2345/1339/2722
f 2301/1256/2642 1067/1257/2641 2346/1341/2724 3290/1340/2723
f 3290/1340/2723 2346/1341/2724 1040/1334/2714 2275/1330/2712
f 2345/1339/2722 3290/1340/2723 2275/1330/2712 1041/1328/2708
f 1067/1257/2641 2302/1262/2645 3291/1342/2725 2346/1341/2724
f 2302/1262/2645 1068/864/2291 2347/865/2294 3291/1342/2725
f 3291/1342/2725 2347/865/2294 1039/868/2299 2274/1336/2718
f 2346/1341/2724 3291/1342/2725 2274/1336/2718 1040/1334/2714
f 934/682/2130 2279/1314/2699 3292/1405/2726 2050/708/2154
f 2279/1314/2699 1045/1315/2698 2348/1346/2727 3292/1405/2726
f 3292/1405/2726 2348/1346/2727 1036/1345/2728 2270/1344/2729
f 2050/708/2154 3292/1405/2726 2270/1344/2729 938/710/2156
f 1045/1315/2698 2280/1318/2703 3293/1347/2730 2348/1346/2727
f 2280/1318/2703 1046/1319/2702 2349/1350/2731 3293/1347/2730
f 3293/1347/2730 2349/1350/2731 1037/1349/2732 2271/1348/2733
f 2348/1346/2727 3293/1347/2730 2271/1348/2733 1036/1345/2728
f 1046/1319/2702 2281/1404/2705 3294/1351/2734 2349/1350/2731
f 2281/1404/2705 1047/846/2273 2350/847/2276 3294/1351/2734
f 3294/1351/2734 2350/847/2276 1038/801/2237 2272/1352/2735
f 2349/1350/2731 3294/1351/2734 2272/1352/2735 1037/1349/2732
f 955/810/2220 2106/1354/2736 3295/1353/2737 2087/813/2246
f 2106/1354/2736 1035/1356/2738 2351/1355/2739 3295/1353/2737
f 3295/1353/2737 2351/1355/2739 1062/1266/2648 2124/1264/2646
f 2087/813/2246 3295/1353/2737 2124/1264/2646 959/818/2248
f 1035/1356/2738 2269/1358/2740 3296/1357/2741 2351/1355/2739
f 2269/1358/2740 1034/1360/2742 2352/1359/2743 3296/1357/2741
f 3296/1357/2741 2352/1359/2743 1061/1270/2652 2296/1268/2650
f 2351/1355/2739 3296/1357/2741 2296/1268/2650 1062/1266/2648
f 1034/1360/2742 2268/1362/2744 3297/1361/2745 2352/1359/2743
f 2268/1362/2744 1033/834/2264 2353/835/2266 3297/1361/2745
f 3297/1361/2745 2353/835/2266 1060/838/2270 2295/1402/2654
f 2352/1359/2743 3297/1361/2745 2295/1402/2654 1061/1270/2652
f 951/766/2206 2282/1299/2684 3298/1363/2746 2079/780/2218
f 2282/1299/2684 1048/1300/2683 2354/1366/2747 3298/1363/2746
f 3298/1363/2746 2354/1366/2747 1035/1365/2738 2106/1364/2736
f 2079/780/2218 3298/1363/2746 2106/1364/2736 955/782/2220
f 1048/1300/2683 2283/1303/2688 3299/1367/2748 2354/1366/2747
f 2283/1303/2688 1049/1304/2687 2355/1370/2749 3299/1367/2748
f 3299/1367/2748 2355/1370/2749 1034/1369/2742 2269/1368/2740
f 2354/1366/2747 3299/1367/2748 2269/1368/2740 1035/1365/2738
f 1049/1304/2687 2284/1307/2690 3300/1371/2750 2355/1370/2749
f 2284/1307/2690 1050/825/2256 2356/826/2259 3300/1371/2750
f 3300/1371/2750 2356/826/2259 1033/829/2264 2268/1372/2744
f 2355/1370/2749 3300/1371/2750 2268/1372/2744 1034/1369/2742
f 938/710/2156 2270/1344/2729 3301/1373/2751 2061/726/2170
f 2270/1344/2729 1036/1345/2728 2357/1374/2752 3301/1373/2751
f 3301/1373/2751 2357/1374/2752 1053/1288/2668 2118/1284/2666
f 2061/726/2170 3301/1373/2751 2118/1284/2666 943/728/2172
f 1036/1345/2728 2271/1348/2733 3302/1375/2753 2357/1374/2752
f 2271/1348/2733 1037/1349/2732 2358/1376/2754 3302/1375/2753
f 3302/1375/2753 2358/1376/2754 1052/1294/2674 2287/1290/2672
f 2357/1374/2752 3302/1375/2753 2287/1290/2672 1053/1288/2668
f 1037/1349/2732 2272/1352/2735 3303/1377/2755 2358/1376/2754
f 2272/1352/2735 1038/801/2237 2359/802/2240 3303/1377/2755
f 3303/1377/2755 2359/802/2240 1051/805/2245 2286/1296/2678
f 2358/1376/2754 3303/1377/2755 2286/1296/2678 1052/1294/2674
f 922/638/2092 2276/1325/2711 3304/1378/2756 2029/654/2106
f 2276/1325/2711 1042/1326/2710 2360/1379/2757 3304/1378/2756
f 3304/1378/2756 2360/1379/2757 1077/1223/2603 2133/1219/2601
f 2029/654/2106 3304/1378/2756 2133/1219/2601 926/656/2108
f 1042/1326/2710 2277/1331/2717 3305/1380/2758 2360/1379/2757
f 2277/1331/2717 1043/1332/2716 2361/1381/2759 3305/1380/2758
f 3305/1380/2758 2361/1381/2759 1076/1229/2609 2311/1225/2607
f 2360/1379/2757 3305/1380/2758 2311/1225/2607 1077/1223/2603
f 1043/1332/2716 2278/1337/2720 3306/1382/2760 2361/1381/2759
f 2278/1337/2720 1044/792/2228 2362/793/2231 3306/1382/2760
f 3306/1382/2760 2362/793/2231 1075/796/2236 2310/1231/2613
f 2361/1381/2759 3306/1382/2760 2310/1231/2613 1076/1229/2609
f 1083/562/2761 2364/563/2762 3307/564/2763 2370/565/2764
f 2364/563/2762 1082/566/2765 2371/567/2766 3307/564/2763
f 3307/564/2763 2371/567/2766 1086/568/2767 2367/569/2768
f 2370/565/2764 3307/564/2763 2367/569/2768 1087/570/2769
f 1081/571/2770 2472/572/2771 3308/573/2772 2372/574/2773
f 1117/575/2774 2473/576/2775 3308/573/2772 2472/572/2771
f 1085/577/2776 2372/574/2773 3308/573/2772 2473/576/2775
f 1084/578/2777 2365/579/2778 3309/580/2779 2369/581/2780
f 2365/579/2778 1083/562/2761 2370/565/2764 3309/580/2779
f 3309/580/2779 2370/565/2764 1087/570/2769 2368/582/2781
f 2369/581/2780 3309/580/2779 2368/582/2781 1088/583/2782
f 1082/566/2765 2363/584/2783 3310/585/2784 2371/567/2766
f 2363/584/2783 1081/571/2770 2372/574/2773 3310/585/2784
f 3310/585/2784 2372/574/2773 1085/577/2776 2366/586/2785
f 2371/567/2766 3310/585/2784 2366/586/2785 1086/568/2767
f 1085/577/2776 2473/587/2775 3311/588/2786 2376/589/2787
f 1117/590/2774 2475/591/2788 3311/588/2786 2473/587/2775
f 1089/592/2789 2376/589/2787 3311/588/2786 2475/591/2788
f 1088/583/2782 2368/582/2781 3312/593/2790 2377/594/2791
f 2368/582/2781 1087/570/2769 2378/595/2792 3312/593/2790
f 3312/593/2790 2378/595/2792 1091/596/2793 2375/597/2794
f 2377/594/2791 3312/593/2790 2375/597/2794 1092/598/2795
f 1086/568/2767 2366/586/2785 3313/599/2796 2379/600/2797
f 2366/586/2785 1085/577/2776 2376/589/2787 3313/599/2796
f 3313/599/2796 2376/589/2787 1089/592/2789 2373/601/2798
f 2379/600/2797 3313/599/2796 2373/601/2798 1090/602/2799
f 1087/570/2769 2367/569/2768 3314/603/2800 2378/595/2792
f 2367/569/2768 1086/568/2767 2379/600/2797 3314/603/2800
f 3314/603/2800 2379/600/2797 1090/602/2799 2374/604/2801
f 2378/595/2792 3314/603/2800 2374/604/2801 1091/596/2793
f 1092/598/2795 2375/597/2794 3315/605/2802 2383/606/2803
f 2375/597/2794 1091/596/2793 2384/607/2804 3315/605/2802
f 3315/605/2802 2384/607/2804 1095/608/2805 2382/609/2806
f 2383/606/2803 3315/605/2802 2382/609/2806 1096/610/2807
f 1090/602/2799 2373/601/2798 3316/611/2808 2385/612/2809
f 2373/601/2798 1089/592/2789 2386/613/2810 3316/611/2808
f 3316/611/2808 2386/613/2810 1093/614/2811 2380/615/2812
f 2385/612/2809 3316/611/2808 2380/615/2812 1094/616/2813
f 1091/596/2793 2374/604/2801 3317/617/2814 2384/607/2804
f 2374/604/2801 1090/602/2799 2385/612/2809 3317/617/2814
f 3317/617/2814 2385/612/2809 1094/616/2813 2381/618/2815
f 2384/607/2804 3317/617/2814 2381/618/2815 1095/608/2805
f 1089/592/2789 2475/619/2788 3318/620/2816 2386/613/2810
f 1117/621/2774 2477/622/2817 3318/620/2816 2475/619/2788
f 1093/614/2811 2386/613/2810 3318/620/2816 2477/622/2817
f 1095/608/2805 2381/618/2815 3319/623/2818 2391/624/2819
f 2381/618/2815 1094/616/2813 2392/625/2820 3319/623/2818
f 3319/623/2818 2392/625/2820 1098/626/2821 2388/627/2822
f 2391/624/2819 3319/623/2818 2388/627/2822 1099/628/2823
f 1093/614/2811 2477/629/2817 3320/630/2824 2393/631/2825
f 1117/632/2774 2479/633/2826 3320/630/2824 2477/629/2817
f 1097/634/2827 2393/631/2825 3320/630/2824 2479/633/2826
f 1096/610/2807 2382/609/2806 3321/635/2828 2390/636/2829
f 2382/609/2806 1095/608/2805 2391/624/2819 3321/635/2828
f 3321/635/2828 2391/624/2819 1099/628/2823 2389/637/2830
f 2390/636/2829 3321/635/2828 2389/637/2830 1100/638/2831
f 1094/616/2813 2380/615/2812 3322/639/2832 2392/625/2820
f 2380/615/2812 1093/614/2811 2393/631/2825 3322/639/2832
f 3322/639/2832 2393/631/2825 1097/634/2827 2387/640/2833
f 2392/625/2820 3322/639/2832 2387/640/2833 1098/626/2821
f 1099/628/2823 2388/627/2822 3323/641/2834 2398/642/2835
f 2388/627/2822 1098/626/2821 2399/643/2836 3323/641/2834
f 3323/641/2834 2399/643/2836 1102/644/2837 2395/645/2838
f 2398/642/2835 3323/641/2834 2395/645/2838 1103/646/2839
f 1097/634/2827 2479/647/2826 3324/648/2840 2400/649/2841
f 1117/650/2774 2481/651/2842 3324/648/2840 2479/647/2826
f 1101/652/2843 2400/649/2841 3324/648/2840 2481/651/2842
f 1100/638/2831 2389/637/2830 3325/653/2844 2397/654/2845
f 2389/637/2830 1099/628/2823 2398/642/2835 3325/653/2844
f 3325/653/2844 2398/642/2835 1103/646/2839 2396/655/2846
f 2397/654/2845 3325/653/2844 2396/655/2846 1104/656/2847
f 1098/626/2821 2387/640/2833 3326/657/2848 2399/643/2836
f 2387/640/2833 1097/634/2827 2400/649/2841 3326/657/2848
f 3326/657/2848 2400/649/2841 1101/652/2843 2394/658/2849
f 2399/643/2836 3326/657/2848 2394/658/2849 1102/644/2837
f 1104/656/2847 2396/655/2846 3327/659/2850 2404/660/2851
f 2396/655/2846 1103/646/2839 2405/661/2852 3327/659/2850
f 3327/659/2850 2405/661/2852 1107/662/2853 2403/663/2854
f 2404/660/2851 3327/659/2850 2403/663/2854 1108/664/2855
f 1102/644/2837 2394/658/2849 3328/665/2856 2406/666/2857
f 2394/658/2849 1101/652/2843 2407/667/2858 3328/665/2856
f 3328/665/2856 2407/667/2858 1105/668/2859 2401/669/2860
f 2406/666/2857 3328/665/2856 2401/669/2860 1106/670/2861
f 1103/646/2839 2395/645/2838 3329/671/2862 2405/661/2852
f 2395/645/2838 1102/644/2837 2406/666/2857 3329/671/2862
f 3329/671/2862 2406/666/2857 1106/670/2861 2402/672/2863
f 2405/661/2852 3329/671/2862 2402/672/2863 1107/662/2853
f 1101/652/2843 2481/673/2842 3330/674/2864 2407/667/2858
f 1117/675/2774 2483/676/2865 3330/674/2864 2481/673/2842
f 1105/668/2859 2407/667/2858 3330/674/2864 2483/676/2865
f 1108/664/2855 2403/663/2854 3331/677/2866 2411/678/2867
f 2403/663/2854 1107/662/2853 2412/679/2868 3331/677/2866
f 3331/677/2866 2412/679/2868 1111/680/2869 2410/681/2870
f 2411/678/2867 3331/677/2866 2410/681/2870 1112/682/2871
f 1106/670/2861 2401/669/2860 3332/683/2872 2413/684/2873
f 2401/669/2860 1105/668/2859 2414/685/2874 3332/683/2872
f 3332/683/2872 2414/685/2874 1109/686/2875 2408/687/2876
f 2413/684/2873 3332/683/2872 2408/687/2876 1110/688/2877
f 1107/662/2853 2402/672/2863 3333/689/2878 2412/679/2868
f 2402/672/2863 1106/670/2861 2413/684/2873 3333/689/2878
f 3333/689/2878 2413/684/2873 1110/688/2877 2409/690/2879
f 2412/679/2868 3333/689/2878 2409/690/2879 1111/680/2869
f 1105/668/2859 2483/691/2865 3334/692/2880 2414/685/2874
f 1117/693/2774 2485/694/2881 3334/692/2880 2483/691/2865
f 1109/686/2875 2414/685/2874 3334/692/2880 2485/694/2881
f 1111/680/2869 2409/690/2879 3335/695/2882 2419/696/2883
f 2409/690/2879 1110/688/2877 2420/697/2884 3335/695/2882
f 3335/695/2882 2420/697/2884 1114/698/2885 2416/699/2886
f 2419/696/2883 3335/695/2882 2416/699/2886 1115/700/2887
f 1109/686/2875 2485/701/2881 3336/702/2888 2421/703/2889
f 1117/704/2774 2487/705/2890 3336/702/2888 2485/701/2881
f 1113/706/2891 2421/703/2889 3336/702/2888 2487/705/2890
f 1112/682/2871 2410/681/2870 3337/707/2892 2418/708/2893
f 2410/681/2870 1111/680/2869 2419/696/2883 3337/707/2892
f 3337/707/2892 2419/696/2883 1115/700/2887 2417/709/2894
f 2418/708/2893 3337/707/2892 2417/709/2894 1116/710/2895
f 1110/688/2877 2408/687/2876 3338/711/2896 2420/697/2884
f 2408/687/2876 1109/686/2875 2421/703/2889 3338/711/2896
f 3338/711/2896 2421/703/2889 1113/706/2891 2415/712/2897
f 2420/697/2884 3338/711/2896 2415/712/2897 1114/698/2885
f 1115/700/2887 2416/699/2886 3339/713/2898 2426/714/2899
f 2416/699/2886 1114/698/2885 2427/715/2900 3339/713/2898
f 3339/713/2898 2427/715/2900 1119/716/2901 2424/717/2902
f 2426/714/2899 3339/713/2898 2424/717/2902 1120/718/2903
f 1113/706/2891 2487/719/2890 3340/720/2904 2428/721/2905
f 1117/722/2774 2422/723/2906 3340/720/2904 2487/719/2890
f 1118/724/2907 2428/721/2905 3340/720/2904 2422/723/2906
f 1116/710/2895 2417/709/2894 3341/725/2908 2429/726/2909
f 2417/709/2894 1115/700/2887 2426/714/2899 3341/725/2908
f 3341/725/2908 2426/714/2899 1120/718/2903 2425/727/2910
f 2429/726/2909 3341/725/2908 2425/727/2910 1121/728/2911
f 1114/698/2885 2415/712/2897 3342/729/2912 2427/715/2900
f 2415/712/2897 1113/706/2891 2428/721/2905 3342/729/2912
f 3342/729/2912 2428/721/2905 1118/724/2907 2423/730/2913
f 2427/715/2900 3342/729/2912 2423/730/2913 1119/716/2901
f 1121/728/2911 2425/727/2910 3343/731/2914 2433/732/2915
f 2425/727/2910 1120/718/2903 2434/733/2916 3343/731/2914
f 3343/731/2914 2434/733/2916 1124/734/2917 2432/735/2918
f 2433/732/2915 3343/731/2914 2432/735/2918 1125/736/2919
f 1119/716/2901 2423/730/2913 3344/737/2920 2435/738/2921
f 2423/730/2913 1118/724/2907 2436/739/2922 3344/737/2920
f 3344/737/2920 2436/739/2922 1122/740/2923 2430/741/2924
f 2435/738/2921 3344/737/2920 2430/741/2924 1123/742/2925
f 1120/718/2903 2424/717/2902 3345/743/2926 2434/733/2916
f 2424/717/2902 1119/716/2901 2435/738/2921 3345/743/2926
f 3345/743/2926 2435/738/2921 1123/742/2925 2431/744/2927
f 2434/733/2916 3345/743/2926 2431/744/2927 1124/734/2917
f 1118/724/2907 2422/745/2906 3346/746/2928 2436/739/2922
f 1117/747/2774 2489/748/2929 3346/746/2928 2422/745/2906
f 1122/740/2923 2436/739/2922 3346/746/2928 2489/748/2929
f 1123/742/2925 2430/741/2924 3347/749/2930 2440/750/2931
f 2430/741/2924 1122/740/2923 2441/751/2932 3347/749/2930
f 3347/749/2930 2441/751/2932 1126/752/2933 2437/753/2934
f 2440/750/2931 3347/749/2930 2437/753/2934 1127/754/2935
f 1124/734/2917 2431/744/2927 3348/755/2936 2443/756/2937
f 2431/744/2927 1123/742/2925 2440/750/2931 3348/755/2936
f 3348/755/2936 2440/750/2931 1127/754/2935 2438/757/2938
f 2443/756/2937 3348/755/2936 2438/757/2938 1128/758/2939
f 1122/740/2923 2489/759/2929 3349/760/2940 2441/751/2932
f 1117/761/2774 2491/762/2941 3349/760/2940 2489/759/2929
f 1126/752/2933 2441/751/2932 3349/760/2940 2491/762/2941
f 1125/736/2919 2432/735/2918 3350/763/2942 2442/764/2943
f 2432/735/2918 1124/734/2917 2443/756/2937 3350/763/2942
f 3350/763/2942 2443/756/2937 1128/758/2939 2439/765/2944
f 2442/764/2943 3350/763/2942 2439/765/2944 1129/766/2945
f 1128/758/2939 2438/757/2938 3351/767/2946 2448/768/2947
f 2438/757/2938 1127/754/2935 2449/769/2948 3351/767/2946
f 3351/767/2946 2449/769/2948 1131/770/2949 2445/771/2950
f 2448/768/2947 3351/767/2946 2445/771/2950 1132/772/2951
f 1126/752/2933 2491/773/2941 3352/774/2952 2450/775/2953
f 1117/776/2774 2493/777/2954 3352/774/2952 2491/773/2941
f 1130/778/2955 2450/775/2953 3352/774/2952 2493/777/2954
f 1129/766/2945 2439/765/2944 3353/779/2956 2447/780/2957
f 2439/765/2944 1128/758/2939 2448/768/2947 3353/779/2956
f 3353/779/2956 2448/768/2947 1132/772/2951 2446/781/2958
f 2447/780/2957 3353/779/2956 2446/781/2958 1133/782/2959
f 1127/754/2935 2437/753/2934 3354/783/2960 2449/769/2948
f 2437/753/2934 1126/752/2933 2450/775/2953 3354/783/2960
f 3354/783/2960 2450/775/2953 1130/778/2955 2444/784/2961
f 2449/769/2948 3354/783/2960 2444/784/2961 1131/770/2949
f 1130/785/2955 2493/786/2954 3355/787/2962 2454/788/2963
f 1117/789/2774 2495/790/2964 3355/787/2962 2493/786/2954
f 1134/791/2965 2454/788/2963 3355/787/2962 2495/790/2964
f 1222/792/2966 2730/793/2967 3356/794/2968 2480/795/2969
f 2730/793/2967 1253/796/2970 2677/797/2971 3356/794/2968
f 3356/794/2968 2677/797/2971 1165/798/2972 2539/799/2973
f 2480/795/2969 3356/794/2968 2539/799/2973 1161/800/2974
f 1216/801/2975 2727/802/2976 3357/803/2977 2476/804/2978
f 2727/802/2976 1229/805/2979 2653/806/2980 3357/803/2977
f 3357/803/2977 2653/806/2980 1182/807/2981 2570/808/2982
f 2476/804/2978 3357/803/2977 2570/808/2982 1177/809/2983
f 1133/810/2959 2446/811/2958 3358/812/2984 2455/813/2985
f 2446/811/2958 1132/814/2951 2456/815/2986 3358/812/2984
f 3358/812/2984 2456/815/2986 1136/816/2987 2453/817/2988
f 2455/813/2985 3358/812/2984 2453/817/2988 1137/818/2989
f 1131/819/2949 2444/820/2961 3359/821/2990 2457/822/2991
f 2444/820/2961 1130/785/2955 2454/788/2963 3359/821/2990
f 3359/821/2990 2454/788/2963 1134/791/2965 2451/823/2992
f 2457/822/2991 3359/821/2990 2451/823/2992 1135/824/2993
f 1228/825/2994 2724/826/2995 3360/827/2996 2484/828/2997
f 2724/826/2995 1211/829/2998 2635/830/2999 3360/827/2996
f 3360/827/2996 2635/830/2999 1194/831/3000 2591/832/3001
f 2484/828/2997 3360/827/2996 2591/832/3001 1190/833/3002
f 1211/834/2998 2721/835/3003 3361/836/3004 2635/837/2999
f 2721/835/3003 1238/838/3005 2662/839/3006 3361/836/3004
f 3361/836/3004 2662/839/3006 1198/840/3007 2598/841/3008
f 2635/837/2999 3361/836/3004 2598/841/3008 1194/842/3000
f 1132/814/2951 2445/843/2950 3362/844/3009 2456/815/2986
f 2445/843/2950 1131/819/2949 2457/822/2991 3362/844/3009
f 3362/844/3009 2457/822/2991 1135/824/2993 2452/845/3010
f 2456/815/2986 3362/844/3009 2452/845/3010 1136/816/2987
f 1225/846/3011 2718/847/3012 3363/848/3013 2482/849/3014
f 2718/847/3012 1216/801/2975 2476/804/2978 3363/848/3013
f 3363/848/3013 2476/804/2978 1177/809/2983 2563/850/3015
f 2482/849/3014 3363/848/3013 2563/850/3015 1173/851/3016
f 1137/818/2989 2453/817/2988 3364/852/3017 2461/853/3018
f 2453/817/2988 1136/816/2987 2462/854/3019 3364/852/3017
f 3364/852/3017 2462/854/3019 1140/855/3020 2460/856/3021
f 2461/853/3018 3364/852/3017 2460/856/3021 1141/857/3022
f 1135/824/2993 2451/823/2992 3365/858/3023 2463/859/3024
f 2451/823/2992 1134/791/2965 2464/860/3025 3365/858/3023
f 3365/858/3023 2464/860/3025 1138/861/3026 2458/862/3027
f 2463/859/3024 3365/858/3023 2458/862/3027 1139/863/3028
f 1246/864/3029 2715/865/3030 3366/866/3031 2496/867/3032
f 2715/865/3030 1217/868/3033 2641/869/3034 3366/866/3031
f 3366/866/3031 2641/869/3034 1157/870/3035 2526/871/3036
f 2496/867/3032 3366/866/3031 2526/871/3036 1153/872/3037
f 1217/868/3033 2712/873/3038 3367/874/3039 2641/869/3034
f 2712/873/3038 1222/792/2966 2480/795/2969 3367/874/3039
f 3367/874/3039 2480/795/2969 1161/800/2974 2534/875/3040
f 2641/869/3034 3367/874/3039 2534/875/3040 1157/870/3035
f 1136/816/2987 2452/845/3010 3368/876/3041 2462/854/3019
f 2452/845/3010 1135/824/2993 2463/859/3024 3368/876/3041
f 3368/876/3041 2463/859/3024 1139/863/3028 2459/877/3042
f 2462/854/3019 3368/876/3041 2459/877/3042 1140/855/3020
f 1134/791/2965 2495/878/2964 3369/879/3043 2464/860/3025
f 1117/880/2774 2497/881/3044 3369/879/3043 2495/878/2964
f 1138/861/3026 2464/860/3025 3369/879/3043 2497/881/3044
f 1258/882/3045 2709/883/3046 3370/884/3047 2506/885/3048
f 2709/883/3046 1225/846/3011 2482/849/3014 3370/884/3047
f 3370/884/3047 2482/849/3014 1173/851/3016 2552/886/3049
f 2506/885/3048 3370/884/3047 2552/886/3049 1169/887/3050
f 1252/888/3051 2706/889/3052 3371/890/3053 2500/891/3054
f 2706/889/3052 1235/892/3055 2659/893/3056 3371/890/3053
f 3371/890/3053 2659/893/3056 1146/894/3057 2633/895/3058
f 2500/891/3054 3371/890/3053 2633/895/3058 1206/896/3059
f 1234/897/3060 2703/898/3061 3372/899/3062 2488/900/3063
f 2703/898/3061 1228/825/2994 2484/828/2997 3372/899/3062
f 3372/899/3062 2484/828/2997 1190/833/3002 2584/901/3064
f 2488/900/3063 3372/899/3062 2584/901/3064 1186/902/3065
f 1140/855/3020 2459/877/3042 3373/903/3066 2469/904/3067
f 2459/877/3042 1139/863/3028 2470/905/3068 3373/903/3066
f 3373/903/3066 2470/905/3068 1143/906/3069 2466/907/3070
f 2469/904/3067 3373/903/3066 2466/907/3070 1144/908/3071
f 1138/861/3026 2497/909/3044 3374/910/3072 2471/911/3073
f 1117/912/2774 2499/913/3074 3374/910/3072 2497/909/3044
f 1142/914/3075 2471/911/3073 3374/910/3072 2499/913/3074
f 1229/805/2979 2700/915/3076 3375/916/3077 2653/806/2980
f 2700/915/3076 1234/897/3060 2488/900/3063 3375/916/3077
f 3375/916/3077 2488/900/3063 1186/902/3065 2577/917/3078
f 2653/806/2980 3375/916/3077 2577/917/3078 1182/807/2981
f 1235/892/3055 2697/918/3079 3376/919/3080 2659/893/3056
f 2697/918/3079 1241/920/3081 2665/921/3082 3376/919/3080
f 3376/919/3080 2665/921/3082 1149/922/3083 2513/923/3084
f 2659/893/3056 3376/919/3080 2513/923/3084 1146/894/3057
f 1141/857/3022 2460/856/3021 3377/924/3085 2468/925/3086
f 2460/856/3021 1140/855/3020 2469/904/3067 3377/924/3085
f 3377/924/3085 2469/904/3067 1144/908/3071 2467/926/3087
f 2468/925/3086 3377/924/3085 2467/926/3087 1145/927/3088
f 1139/863/3028 2458/862/3027 3378/928/3089 2470/905/3068
f 2458/862/3027 1138/861/3026 2471/911/3073 3378/928/3089
f 3378/928/3089 2471/911/3073 1142/914/3075 2465/929/3090
f 2470/905/3068 3378/928/3089 2465/929/3090 1143/906/3069
f 1238/838/3005 2694/930/3091 3379/931/3092 2662/839/3006
f 2694/930/3091 1247/932/3093 2671/933/3094 3379/931/3092
f 3379/931/3092 2671/933/3094 1202/934/3095 2604/935/3096
f 2662/839/3006 3379/931/3092 2604/935/3096 1198/840/3007
f 1144/908/3071 2466/907/3070 3380/936/3097 2503/937/3098
f 2466/907/3070 1143/906/3069 2504/938/3099 3380/936/3097
f 3380/936/3097 2504/938/3099 1082/566/2765 2364/563/2762
f 2503/937/3098 3380/936/3097 2364/563/2762 1083/562/2761
f 1142/914/3075 2499/939/3074 3381/940/3100 2505/941/3101
f 1117/942/2774 2472/943/2771 3381/940/3100 2499/939/3074
f 1081/571/2770 2505/941/3101 3381/940/3100 2472/943/2771
f 1241/920/3081 2691/944/3102 3382/945/3103 2665/921/3082
f 2691/944/3102 1246/864/3029 2496/867/3032 3382/945/3103
f 3382/945/3103 2496/867/3032 1153/872/3037 2520/946/3104
f 2665/921/3082 3382/945/3103 2520/946/3104 1149/922/3083
f 1247/932/3093 2688/947/3105 3383/948/3106 2671/933/3094
f 2688/947/3105 1252/888/3051 2500/891/3054 3383/948/3106
f 3383/948/3106 2500/891/3054 1206/896/3059 2612/949/3107
f 2671/933/3094 3383/948/3106 2612/949/3107 1202/934/3095
f 1145/927/3088 2467/926/3087 3384/950/3108 2502/951/3109
f 2467/926/3087 1144/908/3071 2503/937/3098 3384/950/3108
f 3384/950/3108 2503/937/3098 1083/562/2761 2365/579/2778
f 2502/951/3109 3384/950/3108 2365/579/2778 1084/578/2777
f 1143/906/3069 2465/929/3090 3385/952/3110 2504/938/3099
f 2465/929/3090 1142/914/3075 2505/941/3101 3385/952/3110
f 3385/952/3110 2505/941/3101 1081/571/2770 2363/584/2783
f 2504/938/3099 3385/952/3110 2363/584/2783 1082/566/2765
f 1253/796/2970 2685/953/3111 3386/954/3112 2677/797/2971
f 2685/953/3111 1258/882/3045 2506/885/3048 3386/954/3112
f 3386/954/3112 2506/885/3048 1169/887/3050 2548/955/3113
f 2677/797/2971 3386/954/3112 2548/955/3113 1165/798/2972
f 1148/956/3114 2615/957/3115 3387/958/3116 2511/959/3117
f 2615/957/3115 1210/960/3118 2618/961/3119 3387/958/3116
f 3387/958/3116 2618/961/3119 1151/962/3120 2510/963/3121
f 2511/959/3117 3387/958/3116 2510/963/3121 1152/964/3122
f 1147/965/3123 2507/966/3124 3388/967/3125 2512/968/3126
f 2507/966/3124 1146/894/3057 2513/923/3084 3388/967/3125
f 3388/967/3125 2513/923/3084 1149/922/3083 2508/969/3127
f 2512/968/3126 3388/967/3125 2508/969/3127 1150/970/3128
f 1181/971/3129 2616/972/3130 3389/973/3131 2617/974/3132
f 1148/956/3114 2511/959/3117 3389/973/3131 2616/972/3130
f 1152/964/3122 2617/974/3132 3389/973/3131 2511/959/3117
f 1210/960/3118 2614/975/3133 3390/976/3134 2618/961/3119
f 2614/975/3133 1147/965/3123 2512/968/3126 3390/976/3134
f 3390/976/3134 2512/968/3126 1150/970/3128 2509/977/3135
f 2618/961/3119 3390/976/3134 2509/977/3135 1151/962/3120
f 1181/978/3129 2617/979/3132 3391/980/3136 2619/981/3137
f 1152/964/3122 2517/982/3138 3391/980/3136 2617/979/3132
f 1156/983/3139 2619/981/3137 3391/980/3136 2517/982/3138
f 1151/962/3120 2509/977/3135 3392/984/3140 2518/985/3141
f 2509/977/3135 1150/970/3128 2519/986/3142 3392/984/3140
f 3392/984/3140 2519/986/3142 1154/987/3143 2515/988/3144
f 2518/985/3141 3392/984/3140 2515/988/3144 1155/989/3145
f 1152/964/3122 2510/963/3121 3393/990/3146 2517/982/3138
f 2510/963/3121 1151/962/3120 2518/985/3141 3393/990/3146
f 3393/990/3146 2518/985/3141 1155/989/3145 2516/991/3147
f 2517/982/3138 3393/990/3146 2516/991/3147 1156/983/3139
f 1150/970/3128 2508/969/3127 3394/992/3148 2519/986/3142
f 2508/969/3127 1149/922/3083 2520/946/3104 3394/992/3148
f 3394/992/3148 2520/946/3104 1153/872/3037 2514/993/3149
f 2519/986/3142 3394/992/3148 2514/993/3149 1154/987/3143
f 1155/989/3145 2515/988/3144 3395/994/3150 2524/995/3151
f 2515/988/3144 1154/987/3143 2525/996/3152 3395/994/3150
f 3395/994/3150 2525/996/3152 1158/997/3153 2522/998/3154
f 2524/995/3151 3395/994/3150 2522/998/3154 1159/999/3155
f 1156/983/3139 2516/991/3147 3396/1000/3156 2527/1001/3157
f 2516/991/3147 1155/989/3145 2524/995/3151 3396/1000/3156
f 3396/1000/3156 2524/995/3151 1159/999/3155 2523/1002/3158
f 2527/1001/3157 3396/1000/3156 2523/1002/3158 1160/1003/3159
f 1154/987/3143 2514/993/3149 3397/1004/3160 2525/996/3152
f 2514/993/3149 1153/872/3037 2526/871/3036 3397/1004/3160
f 3397/1004/3160 2526/871/3036 1157/870/3035 2521/1005/3161
f 2525/996/3152 3397/1004/3160 2521/1005/3161 1158/997/3153
f 1181/1006/3129 2619/1007/3137 3398/1008/3162 2620/1009/3163
f 1156/983/3139 2527/1001/3157 3398/1008/3162 2619/1007/3137
f 1160/1003/3159 2620/1009/3163 3398/1008/3162 2527/1001/3157
f 1160/1003/3159 2523/1002/3158 3399/1010/3164 2531/1011/3165
f 2523/1002/3158 1159/999/3155 2532/1012/3166 3399/1010/3164
f 3399/1010/3164 2532/1012/3166 1163/1013/3167 2530/1014/3168
f 2531/1011/3165 3399/1010/3164 2530/1014/3168 1164/1015/3169
f 1158/997/3153 2521/1005/3161 3400/1016/3170 2533/1017/3171
f 2521/1005/3161 1157/870/3035 2534/875/3040 3400/1016/3170
f 3400/1016/3170 2534/875/3040 1161/800/2974 2528/1018/3172
f 2533/1017/3171 3400/1016/3170 2528/1018/3172 1162/1019/3173
f 1181/1020/3129 2620/1021/3163 3401/1022/3174 2621/1023/3175
f 1160/1003/3159 2531/1011/3165 3401/1022/3174 2620/1021/3163
f 1164/1015/3169 2621/1023/3175 3401/1022/3174 2531/1011/3165
f 1159/999/3155 2522/998/3154 3402/1024/3176 2532/1012/3166
f 2522/998/3154 1158/997/3153 2533/1017/3171 3402/1024/3176
f 3402/1024/3176 2533/1017/3171 1162/1019/3173 2529/1025/3177
f 2532/1012/3166 3402/1024/3176 2529/1025/3177 1163/1013/3167
f 1162/1019/3173 2528/1018/3172 3403/1026/3178 2538/1027/3179
f 2528/1018/3172 1161/800/2974 2539/799/2973 3403/1026/3178
f 3403/1026/3178 2539/799/2973 1165/798/2972 2535/1028/3180
f 2538/1027/3179 3403/1026/3178 2535/1028/3180 1166/1029/3181
f 1181/1030/3129 2621/1031/3175 3404/1032/3182 2622/1033/3183
f 1164/1015/3169 2540/1034/3184 3404/1032/3182 2621/1031/3175
f 1168/1035/3185 2622/1033/3183 3404/1032/3182 2540/1034/3184
f 1163/1013/3167 2529/1025/3177 3405/1036/3186 2541/1037/3187
f 2529/1025/3177 1162/1019/3173 2538/1027/3179 3405/1036/3186
f 3405/1036/3186 2538/1027/3179 1166/1029/3181 2536/1038/3188
f 2541/1037/3187 3405/1036/3186 2536/1038/3188 1167/1039/3189
f 1164/1015/3169 2530/1014/3168 3406/1040/3190 2540/1034/3184
f 2530/1014/3168 1163/1013/3167 2541/1037/3187 3406/1040/3190
f 3406/1040/3190 2541/1037/3187 1167/1039/3189 2537/1041/3191
f 2540/1034/3184 3406/1040/3190 2537/1041/3191 1168/1035/3185
f 1181/1042/3129 2622/1043/3183 3407/1044/3192 2623/1045/3193
f 1168/1035/3185 2545/1046/3194 3407/1044/3192 2622/1043/3183
f 1172/1047/3195 2623/1045/3193 3407/1044/3192 2545/1046/3194
f 1167/1039/3189 2536/1038/3188 3408/1048/3196 2546/1049/3197
f 2536/1038/3188 1166/1029/3181 2547/1050/3198 3408/1048/3196
f 3408/1048/3196 2547/1050/3198 1170/1051/3199 2543/1052/3200
f 2546/1049/3197 3408/1048/3196 2543/1052/3200 1171/1053/3201
f 1168/1035/3185 2537/1041/3191 3409/1054/3202 2545/1046/3194
f 2537/1041/3191 1167/1039/3189 2546/1049/3197 3409/1054/3202
f 3409/1054/3202 2546/1049/3197 1171/1053/3201 2544/1055/3203
f 2545/1046/3194 3409/1054/3202 2544/1055/3203 1172/1047/3195
f 1166/1029/3181 2535/1028/3180 3410/1056/3204 2547/1050/3198
f 2535/1028/3180 1165/798/2972 2548/955/3113 3410/1056/3204
f 3410/1056/3204 2548/955/3113 1169/887/3050 2542/1057/3205
f 2547/1050/3198 3410/1056/3204 2542/1057/3205 1170/1051/3199
f 1172/1047/3195 2544/1055/3203 3411/1058/3206 2553/1059/3207
f 2544/1055/3203 1171/1053/3201 2554/1060/3208 3411/1058/3206
f 3411/1058/3206 2554/1060/3208 1175/1061/3209 2551/1062/3210
f 2553/1059/3207 3411/1058/3206 2551/1062/3210 1176/1063/3211
f 1170/1051/3199 2542/1057/3205 3412/1064/3212 2555/1065/3213
f 2542/1057/3205 1169/887/3050 2552/886/3049 3412/1064/3212
f 3412/1064/3212 2552/886/3049 1173/851/3016 2549/1066/3214
f 2555/1065/3213 3412/1064/3212 2549/1066/3214 1174/1067/3215
f 1181/1068/3129 2623/1069/3193 3413/1070/3216 2624/1071/3217
f 1172/1047/3195 2553/1059/3207 3413/1070/3216 2623/1069/3193
f 1176/1063/3211 2624/1071/3217 3413/1070/3216 2553/1059/3207
f 1171/1053/3201 2543/1052/3200 3414/1072/3218 2554/1060/3208
f 2543/1052/3200 1170/1051/3199 2555/1065/3213 3414/1072/3218
f 3414/1072/3218 2555/1065/3213 1174/1067/3215 2550/1073/3219
f 2554/1060/3208 3414/1072/3218 2550/1073/3219 1175/1061/3209
f 1176/1063/3211 2551/1062/3210 3415/1074/3220 2560/1075/3221
f 2551/1062/3210 1175/1061/3209 2561/1076/3222 3415/1074/3220
f 3415/1074/3220 2561/1076/3222 1179/1077/3223 2558/1078/3224
f 2560/1075/3221 3415/1074/3220 2558/1078/3224 1180/1079/3225
f 1174/1067/3215 2549/1066/3214 3416/1080/3226 2562/1081/3227
f 2549/1066/3214 1173/851/3016 2563/850/3015 3416/1080/3226
f 3416/1080/3226 2563/850/3015 1177/809/2983 2556/1082/3228
f 2562/1081/3227 3416/1080/3226 2556/1082/3228 1178/1083/3229
f 1181/1084/3129 2624/1085/3217 3417/1086/3230 2559/1087/3231
f 1176/1063/3211 2560/1075/3221 3417/1086/3230 2624/1085/3217
f 1180/1079/3225 2559/1087/3231 3417/1086/3230 2560/1075/3221
f 1175/1061/3209 2550/1073/3219 3418/1088/3232 2561/1076/3222
f 2550/1073/3219 1174/1067/3215 2562/1081/3227 3418/1088/3232
f 3418/1088/3232 2562/1081/3227 1178/1083/3229 2557/1089/3233
f 2561/1076/3222 3418/1088/3232 2557/1089/3233 1179/1077/3223
f 1181/1090/3129 2559/1091/3231 3419/1092/3234 2625/1093/3235
f 1180/1079/3225 2567/1094/3236 3419/1092/3234 2559/1091/3231
f 1185/1095/3237 2625/1093/3235 3419/1092/3234 2567/1094/3236
f 1179/1077/3223 2557/1089/3233 3420/1096/3238 2568/1097/3239
f 2557/1089/3233 1178/1083/3229 2569/1098/3240 3420/1096/3238
f 3420/1096/3238 2569/1098/3240 1183/1099/3241 2565/1100/3242
f 2568/1097/3239 3420/1096/3238 2565/1100/3242 1184/1101/3243
f 1180/1079/3225 2558/1078/3224 3421/1102/3244 2567/1094/3236
f 2558/1078/3224 1179/1077/3223 2568/1097/3239 3421/1102/3244
f 3421/1102/3244 2568/1097/3239 1184/1101/3243 2566/1103/3245
f 2567/1094/3236 3421/1102/3244 2566/1103/3245 1185/1095/3237
f 1178/1083/3229 2556/1082/3228 3422/1104/3246 2569/1098/3240
f 2556/1082/3228 1177/809/2983 2570/808/2982 3422/1104/3246
f 3422/1104/3246 2570/808/2982 1182/807/2981 2564/1105/3247
f 2569/1098/3240 3422/1104/3246 2564/1105/3247 1183/1099/3241
f 1181/1106/3129 2625/1107/3235 3423/1108/3248 2626/1109/3249
f 1185/1095/3237 2574/1110/3250 3423/1108/3248 2625/1107/3235
f 1189/1111/3251 2626/1109/3249 3423/1108/3248 2574/1110/3250
f 1184/1101/3243 2565/1100/3242 3424/1112/3252 2575/1113/3253
f 2565/1100/3242 1183/1099/3241 2576/1114/3254 3424/1112/3252
f 3424/1112/3252 2576/1114/3254 1187/1115/3255 2572/1116/3256
f 2575/1113/3253 3424/1112/3252 2572/1116/3256 1188/1117/3257
f 1185/1095/3237 2566/1103/3245 3425/1118/3258 2574/1110/3250
f 2566/1103/3245 1184/1101/3243 2575/1113/3253 3425/1118/3258
f 3425/1118/3258 2575/1113/3253 1188/1117/3257 2573/1119/3259
f 2574/1110/3250 3425/1118/3258 2573/1119/3259 1189/1111/3251
f 1183/1099/3241 2564/1105/3247 3426/1120/3260 2576/1114/3254
f 2564/1105/3247 1182/807/2981 2577/917/3078 3426/1120/3260
f 3426/1120/3260 2577/917/3078 1186/902/3065 2571/1121/3261
f 2576/1114/3254 3426/1120/3260 2571/1121/3261 1187/1115/3255
f 1189/1111/3251 2573/1119/3259 3427/1122/3262 2581/1123/3263
f 2573/1119/3259 1188/1117/3257 2582/1124/3264 3427/1122/3262
f 3427/1122/3262 2582/1124/3264 1192/1125/3265 2580/1126/3266
f 2581/1123/3263 3427/1122/3262 2580/1126/3266 1193/1127/3267
f 1187/1115/3255 2571/1121/3261 3428/1128/3268 2583/1129/3269
f 2571/1121/3261 1186/902/3065 2584/901/3064 3428/1128/3268
f 3428/1128/3268 2584/901/3064 1190/833/3002 2578/1130/3270
f 2583/1129/3269 3428/1128/3268 2578/1130/3270 1191/1131/3271
f 1181/1132/3129 2626/1133/3249 3429/1134/3272 2627/1135/3273
f 1189/1111/3251 2581/1123/3263 3429/1134/3272 2626/1133/3249
f 1193/1127/3267 2627/1135/3273 3429/1134/3272 2581/1123/3263
f 1188/1117/3257 2572/1116/3256 3430/1136/3274 2582/1124/3264
f 2572/1116/3256 1187/1115/3255 2583/1129/3269 3430/1136/3274
f 3430/1136/3274 2583/1129/3269 1191/1131/3271 2579/1137/3275
f 2582/1124/3264 3430/1136/3274 2579/1137/3275 1192/1125/3265
f 1193/1127/3267 2580/1126/3266 3431/1138/3276 2588/1139/3277
f 2580/1126/3266 1192/1125/3265 2589/1140/3278 3431/1138/3276
f 3431/1138/3276 2589/1140/3278 1196/1141/3279 2587/1142/3280
f 2588/1139/3277 3431/1138/3276 2587/1142/3280 1197/1143/3281
f 1191/1131/3271 2578/1130/3270 3432/1144/3282 2590/1145/3283
f 2578/1130/3270 1190/833/3002 2591/832/3001 3432/1144/3282
f 3432/1144/3282 2591/832/3001 1194/831/3000 2585/1146/3284
f 2590/1145/3283 3432/1144/3282 2585/1146/3284 1195/1147/3285
f 1181/1148/3129 2627/1149/3273 3433/1150/3286 2628/1151/3287
f 1193/1127/3267 2588/1139/3277 3433/1150/3286 2627/1149/3273
f 1197/1143/3281 2628/1151/3287 3433/1150/3286 2588/1139/3277
f 1192/1125/3265 2579/1137/3275 3434/1152/3288 2589/1140/3278
f 2579/1137/3275 1191/1131/3271 2590/1145/3283 3434/1152/3288
f 3434/1152/3288 2590/1145/3283 1195/1147/3285 2586/1153/3289
f 2589/1140/3278 3434/1152/3288 2586/1153/3289 1196/1141/3279
f 1181/1154/3129 2628/1155/3287 3435/1156/3290 2629/1157/3291
f 1197/1158/3281 2595/1159/3292 3435/1156/3290 2628/1155/3287
f 1201/1160/3293 2629/1157/3291 3435/1156/3290 2595/1159/3292
f 1196/1161/3279 2586/1162/3289 3436/1163/3294 2596/1164/3295
f 2586/1162/3289 1195/1165/3285 2597/1166/3296 3436/1163/3294
f 3436/1163/3294 2597/1166/3296 1199/1167/3297 2593/1168/3298
f 2596/1164/3295 3436/1163/3294 2593/1168/3298 1200/1169/3299
f 1197/1158/3281 2587/1170/3280 3437/1171/3300 2595/1159/3292
f 2587/1170/3280 1196/1161/3279 2596/1164/3295 3437/1171/3300
f 3437/1171/3300 2596/1164/3295 1200/1169/3299 2594/1172/3301
f 2595/1159/3292 3437/1171/3300 2594/1172/3301 1201/1160/3293
f 1195/1165/3285 2585/1173/3284 3438/1174/3302 2597/1166/3296
f 2585/1173/3284 1194/842/3000 2598/841/3008 3438/1174/3302
f 3438/1174/3302 2598/841/3008 1198/840/3007 2592/1175/3303
f 2597/1166/3296 3438/1174/3302 2592/1175/3303 1199/1167/3297
f 1200/1169/3299 2593/1168/3298 3439/1176/3304 2602/1177/3305
f 2593/1168/3298 1199/1167/3297 2603/1178/3306 3439/1176/3304
f 3439/1176/3304 2603/1178/3306 1203/1179/3307 2600/1180/3308
f 2602/1177/3305 3439/1176/3304 2600/1180/3308 1204/1181/3309
f 1201/1160/3293 2594/1172/3301 3440/1182/3310 2605/1183/3311
f 2594/1172/3301 1200/1169/3299 2602/1177/3305 3440/1182/3310
f 3440/1182/3310 2602/1177/3305 1204/1181/3309 2601/1184/3312
f 2605/1183/3311 3440/1182/3310 2601/1184/3312 1205/1185/3313
f 1199/1167/3297 2592/1175/3303 3441/1186/3314 2603/1178/3306
f 2592/1175/3303 1198/840/3007 2604/935/3096 3441/1186/3314
f 3441/1186/3314 2604/935/3096 1202/934/3095 2599/1187/3315
f 2603/1178/3306 3441/1186/3314 2599/1187/3315 1203/1179/3307
f 1181/1188/3129 2629/1189/3291 3442/1190/3316 2630/1191/3317
f 1201/1160/3293 2605/1183/3311 3442/1190/3316 2629/1189/3291
f 1205/1185/3313 2630/1191/3317 3442/1190/3316 2605/1183/3311
f 1205/1185/3313 2601/1184/3312 3443/1192/3318 2609/1193/3319
f 2601/1184/3312 1204/1181/3309 2610/1194/3320 3443/1192/3318
f 3443/1192/3318 2610/1194/3320 1208/1195/3321 2608/1196/3322
f 2609/1193/3319 3443/1192/3318 2608/1196/3322 1209/1197/3323
f 1203/1179/3307 2599/1187/3315 3444/1198/3324 2611/1199/3325
f 2599/1187/3315 1202/934/3095 2612/949/3107 3444/1198/3324
f 3444/1198/3324 2612/949/3107 1206/896/3059 2606/1200/3326
f 2611/1199/3325 3444/1198/3324 2606/1200/3326 1207/1201/3327
f 1181/1202/3129 2630/1203/3317 3445/1204/3328 2631/1205/3329
f 1205/1185/3313 2609/1193/3319 3445/1204/3328 2630/1203/3317
f 1209/1197/3323 2631/1205/3329 3445/1204/3328 2609/1193/3319
f 1204/1181/3309 2600/1180/3308 3446/1206/3330 2610/1194/3320
f 2600/1180/3308 1203/1179/3307 2611/1199/3325 3446/1206/3330
f 3446/1206/3330 2611/1199/3325 1207/1201/3327 2607/1207/3331
f 2610/1194/3320 3446/1206/3330 2607/1207/3331 1208/1195/3321
f 1207/1201/3327 2606/1200/3326 3447/1208/3332 2632/1209/3333
f 2606/1200/3326 1206/896/3059 2633/895/3058 3447/1208/3332
f 3447/1208/3332 2633/895/3058 1146/894/3057 2507/966/3124
f 2632/1209/3333 3447/1208/3332 2507/966/3124 1147/965/3123
f 1181/1210/3129 2631/1211/3329 3448/1212/3334 2616/1213/3130
f 1209/1197/3323 2634/1214/3335 3448/1212/3334 2631/1211/3329
f 1148/956/3114 2616/1213/3130 3448/1212/3334 2634/1214/3335
f 1208/1195/3321 2607/1207/3331 3449/1215/3336 2613/1216/3337
f 2607/1207/3331 1207/1201/3327 2632/1209/3333 3449/1215/3336
f 3449/1215/3336 2632/1209/3333 1147/965/3123 2614/975/3133
f 2613/1216/3337 3449/1215/3336 2614/975/3133 1210/960/3118
f 1209/1197/3323 2608/1196/3322 3450/1217/3338 2634/1214/3335
f 2608/1196/3322 1208/1195/3321 2613/1216/3337 3450/1217/3338
f 3450/1217/3338 2613/1216/3337 1210/960/3118 2615/957/3115
f 2634/1214/3335 3450/1217/3338 2615/957/3115 1148/956/3114
f 1104/656/2847 2404/660/2851 3451/1218/3339 2501/1219/3340
f 2404/660/2851 1108/664/2855 2680/1220/3341 3451/1218/3339
f 3451/1218/3339 2680/1220/3341 1256/1221/3342 2683/1222/3343
f 2501/1219/3340 3451/1218/3339 2683/1222/3343 1255/1223/3344
f 1255/1223/3344 2683/1222/3343 3452/1224/3345 2679/1225/3346
f 2683/1222/3343 1256/1221/3342 2681/1226/3347 3452/1224/3345
f 3452/1224/3345 2681/1226/3347 1257/1227/3348 2684/1228/3349
f 2679/1225/3346 3452/1224/3345 2684/1228/3349 1254/1229/3350
f 1254/1229/3350 2684/1228/3349 3453/1230/3351 2678/1231/3352
f 2684/1228/3349 1257/1227/3348 2682/1232/3353 3453/1230/3351
f 3453/1230/3351 2682/1232/3353 1258/882/3045 2685/953/3111
f 2678/1231/3352 3453/1230/3351 2685/953/3111 1253/796/2970
f 1141/857/3022 2468/925/3086 3454/1233/3354 2498/1234/3355
f 2468/925/3086 1145/927/3088 2674/1235/3356 3454/1233/3354
f 3454/1233/3354 2674/1235/3356 1250/1236/3357 2686/1237/3358
f 2498/1234/3355 3454/1233/3354 2686/1237/3358 1249/1238/3359
f 1249/1238/3359 2686/1237/3358 3455/1239/3360 2673/1240/3361
f 2686/1237/3358 1250/1236/3357 2675/1241/3362 3455/1239/3360
f 3455/1239/3360 2675/1241/3362 1251/1242/3363 2687/1243/3364
f 2673/1240/3361 3455/1239/3360 2687/1243/3364 1248/1244/3365
f 1248/1244/3365 2687/1243/3364 3456/1245/3366 2672/1246/3367
f 2687/1243/3364 1251/1242/3363 2676/1247/3368 3456/1245/3366
f 3456/1245/3366 2676/1247/3368 1252/888/3051 2688/947/3105
f 2672/1246/3367 3456/1245/3366 2688/947/3105 1247/932/3093
f 1088/583/2782 2377/594/2791 3457/1248/3369 2494/1249/3370
f 2377/594/2791 1092/598/2795 2668/1250/3371 3457/1248/3369
f 3457/1248/3369 2668/1250/3371 1244/1251/3372 2689/1252/3373
f 2494/1249/3370 3457/1248/3369 2689/1252/3373 1243/1253/3374
f 1243/1253/3374 2689/1252/3373 3458/1254/3375 2667/1255/3376
f 2689/1252/3373 1244/1251/3372 2669/1256/3377 3458/1254/3375
f 3458/1254/3375 2669/1256/3377 1245/1257/3378 2690/1258/3379
f 2667/1255/3376 3458/1254/3375 2690/1258/3379 1242/1259/3380
f 1242/1259/3380 2690/1258/3379 3459/1260/3381 2666/1261/3382
f 2690/1258/3379 1245/1257/3378 2670/1262/3383 3459/1260/3381
f 3459/1260/3381 2670/1262/3383 1246/864/3029 2691/944/3102
f 2666/1261/3382 3459/1260/3381 2691/944/3102 1241/920/3081
f 1137/818/2989 2461/853/3018 3460/1263/3384 2492/1264/3385
f 2461/853/3018 1141/857/3022 2498/1234/3355 3460/1263/3384
f 3460/1263/3384 2498/1234/3355 1249/1238/3359 2692/1265/3386
f 2492/1264/3385 3460/1263/3384 2692/1265/3386 1240/1266/3387
f 1240/1266/3387 2692/1265/3386 3461/1267/3388 2664/1268/3389
f 2692/1265/3386 1249/1238/3359 2673/1240/3361 3461/1267/3388
f 3461/1267/3388 2673/1240/3361 1248/1244/3365 2693/1269/3390
f 2664/1268/3389 3461/1267/3388 2693/1269/3390 1239/1270/3391
f 1239/1270/3391 2693/1269/3390 3462/1271/3392 2663/1272/3393
f 2693/1269/3390 1248/1244/3365 2672/1246/3367 3462/1271/3392
f 3462/1271/3392 2672/1246/3367 1247/932/3093 2694/930/3091
f 2663/1272/3393 3462/1271/3392 2694/930/3091 1238/838/3005
f 1084/578/2777 2369/581/2780 3463/1273/3394 2490/1274/3395
f 2369/581/2780 1088/583/2782 2494/1249/3370 3463/1273/3394
f 3463/1273/3394 2494/1249/3370 1243/1253/3374 2695/1275/3396
f 2490/1274/3395 3463/1273/3394 2695/1275/3396 1237/1276/3397
f 1237/1276/3397 2695/1275/3396 3464/1277/3398 2661/1278/3399
f 2695/1275/3396 1243/1253/3374 2667/1255/3376 3464/1277/3398
f 3464/1277/3398 2667/1255/3376 1242/1259/3380 2696/1279/3400
f 2661/1278/3399 3464/1277/3398 2696/1279/3400 1236/1280/3401
f 1236/1280/3401 2696/1279/3400 3465/1281/3402 2660/1282/3403
f 2696/1279/3400 1242/1259/3380 2666/1261/3382 3465/1281/3402
f 3465/1281/3402 2666/1261/3382 1241/920/3081 2697/918/3079
f 2660/1282/3403 3465/1281/3402 2697/918/3079 1235/892/3055
f 1121/728/2911 2433/732/2915 3466/1283/3404 2486/1284/3405
f 2433/732/2915 1125/736/2919 2656/1285/3406 3466/1283/3404
f 3466/1283/3404 2656/1285/3406 1232/1286/3407 2698/1287/3408
f 2486/1284/3405 3466/1283/3404 2698/1287/3408 1231/1288/3409
f 1231/1288/3409 2698/1287/3408 3467/1289/3410 2655/1290/3411
f 2698/1287/3408 1232/1286/3407 2657/1291/3412 3467/1289/3410
f 3467/1289/3410 2657/1291/3412 1233/1292/3413 2699/1293/3414
f 2655/1290/3411 3467/1289/3410 2699/1293/3414 1230/1294/3415
f 1230/1294/3415 2699/1293/3414 3468/1295/3416 2654/1296/3417
f 2699/1293/3414 1233/1292/3413 2658/1297/3418 3468/1295/3416
f 3468/1295/3416 2658/1297/3418 1234/897/3060 2700/915/3076
f 2654/1296/3417 3468/1295/3416 2700/915/3076 1229/805/2979
f 1125/736/2919 2442/764/2943 3469/1298/3419 2656/1285/3406
f 2442/764/2943 1129/766/2945 2650/1299/3420 3469/1298/3419
f 3469/1298/3419 2650/1299/3420 1226/1300/3421 2701/1301/3422
f 2656/1285/3406 3469/1298/3419 2701/1301/3422 1232/1286/3407
f 1232/1286/3407 2701/1301/3422 3470/1302/3423 2657/1291/3412
f 2701/1301/3422 1226/1300/3421 2651/1303/3424 3470/1302/3423
f 3470/1302/3423 2651/1303/3424 1227/1304/3425 2702/1305/3426
f 2657/1291/3412 3470/1302/3423 2702/1305/3426 1233/1292/3413
f 1233/1292/3413 2702/1305/3426 3471/1306/3427 2658/1297/3418
f 2702/1305/3426 1227/1304/3425 2652/1307/3428 3471/1306/3427
f 3471/1306/3427 2652/1307/3428 1228/825/2994 2703/898/3061
f 2658/1297/3418 3471/1306/3427 2703/898/3061 1234/897/3060
f 1145/927/3088 2502/951/3109 3472/1308/3429 2674/1235/3356
f 2502/951/3109 1084/578/2777 2490/1274/3395 3472/1308/3429
f 3472/1308/3429 2490/1274/3395 1237/1276/3397 2704/1309/3430
f 2674/1235/3356 3472/1308/3429 2704/1309/3430 1250/1236/3357
f 1250/1236/3357 2704/1309/3430 3473/1310/3431 2675/1241/3362
f 2704/1309/3430 1237/1276/3397 2661/1278/3399 3473/1310/3431
f 3473/1310/3431 2661/1278/3399 1236/1280/3401 2705/1311/3432
f 2675/1241/3362 3473/1310/3431 2705/1311/3432 1251/1242/3363
f 1251/1242/3363 2705/1311/3432 3474/1312/3433 2676/1247/3368
f 2705/1311/3432 1236/1280/3401 2660/1282/3403 3474/1312/3433
f 3474/1312/3433 2660/1282/3403 1235/892/3055 2706/889/3052
f 2676/1247/3368 3474/1312/3433 2706/889/3052 1252/888/3051
f 1108/664/2855 2411/678/2867 3475/1313/3434 2680/1220/3341
f 2411/678/2867 1112/682/2871 2647/1314/3435 3475/1313/3434
f 3475/1313/3434 2647/1314/3435 1223/1315/3436 2707/1316/3437
f 2680/1220/3341 3475/1313/3434 2707/1316/3437 1256/1221/3342
f 1256/1221/3342 2707/1316/3437 3476/1317/3438 2681/1226/3347
f 2707/1316/3437 1223/1315/3436 2648/1318/3439 3476/1317/3438
f 3476/1317/3438 2648/1318/3439 1224/1319/3440 2708/1320/3441
f 2681/1226/3347 3476/1317/3438 2708/1320/3441 1257/1227/3348
f 1257/1227/3348 2708/1320/3441 3477/1321/3442 2682/1232/3353
f 2708/1320/3441 1224/1319/3440 2649/1322/3443 3477/1321/3442
f 3477/1321/3442 2649/1322/3443 1225/846/3011 2709/883/3046
f 2682/1232/3353 3477/1321/3442 2709/883/3046 1258/882/3045
f 1096/610/2807 2390/636/2829 3478/1323/3444 2478/1324/3445
f 2390/636/2829 1100/638/2831 2644/1325/3446 3478/1323/3444
f 3478/1323/3444 2644/1325/3446 1220/1326/3447 2710/1327/3448
f 2478/1324/3445 3478/1323/3444 2710/1327/3448 1219/1328/3449
f 1219/1328/3449 2710/1327/3448 3479/1329/3450 2643/1330/3451
f 2710/1327/3448 1220/1326/3447 2645/1331/3452 3479/1329/3450
f 3479/1329/3450 2645/1331/3452 1221/1332/3453 2711/1333/3454
f 2643/1330/3451 3479/1329/3450 2711/1333/3454 1218/1334/3455
f 1218/1334/3455 2711/1333/3454 3480/1335/3456 2642/1336/3457
f 2711/1333/3454 1221/1332/3453 2646/1337/3458 3480/1335/3456
f 3480/1335/3456 2646/1337/3458 1222/792/2966 2712/873/3038
f 2642/1336/3457 3480/1335/3456 2712/873/3038 1217/868/3033
f 1092/598/2795 2383/606/2803 3481/1338/3459 2668/1250/3371
f 2383/606/2803 1096/610/2807 2478/1324/3445 3481/1338/3459
f 3481/1338/3459 2478/1324/3445 1219/1328/3449 2713/1339/3460
f 2668/1250/3371 3481/1338/3459 2713/1339/3460 1244/1251/3372
f 1244/1251/3372 2713/1339/3460 3482/1340/3461 2669/1256/3377
f 2713/1339/3460 1219/1328/3449 2643/1330/3451 3482/1340/3461
f 3482/1340/3461 2643/1330/3451 1218/1334/3455 2714/1341/3462
f 2669/1256/3377 3482/1340/3461 2714/1341/3462 1245/1257/3378
f 1245/1257/3378 2714/1341/3462 3483/1342/3463 2670/1262/3383
f 2714/1341/3462 1218/1334/3455 2642/1336/3457 3483/1342/3463
f 3483/1342/3463 2642/1336/3457 1217/868/3033 2715/865/3030
f 2670/1262/3383 3483/1342/3463 2715/865/3030 1246/864/3029
f 1112/682/2871 2418/708/2893 3484/1343/3464 2647/1314/3435
f 2418/708/2893 1116/710/2895 2638/1344/3465 3484/1343/3464
f 3484/1343/3464 2638/1344/3465 1214/1345/3466 2716/1346/3467
f 2647/1314/3435 3484/1343/3464 2716/1346/3467 1223/1315/3436
f 1223/1315/3436 2716/1346/3467 3485/1347/3468 2648/1318/3439
f 2716/1346/3467 1214/1345/3466 2639/1348/3469 3485/1347/3468
f 3485/1347/3468 2639/1348/3469 1215/1349/3470 2717/1350/3471
f 2648/1318/3439 3485/1347/3468 2717/1350/3471 1224/1319/3440
f 1224/1319/3440 2717/1350/3471 3486/1351/3472 2649/1322/3443
f 2717/1350/3471 1215/1349/3470 2640/1352/3473 3486/1351/3472
f 3486/1351/3472 2640/1352/3473 1216/801/2975 2718/847/3012
f 2649/1322/3443 3486/1351/3472 2718/847/3012 1225/846/3011
f 1133/810/2959 2455/813/2985 3487/1353/3474 2474/1354/3475
f 2455/813/2985 1137/818/2989 2492/1264/3385 3487/1353/3474
f 3487/1353/3474 2492/1264/3385 1240/1266/3387 2719/1355/3476
f 2474/1354/3475 3487/1353/3474 2719/1355/3476 1213/1356/3477
f 1213/1356/3477 2719/1355/3476 3488/1357/3478 2637/1358/3479
f 2719/1355/3476 1240/1266/3387 2664/1268/3389 3488/1357/3478
f 3488/1357/3478 2664/1268/3389 1239/1270/3391 2720/1359/3480
f 2637/1358/3479 3488/1357/3478 2720/1359/3480 1212/1360/3481
f 1212/1360/3481 2720/1359/3480 3489/1361/3482 2636/1362/3483
f 2720/1359/3480 1239/1270/3391 2663/1272/3393 3489/1361/3482
f 3489/1361/3482 2663/1272/3393 1238/838/3005 2721/835/3003
f 2636/1362/3483 3489/1361/3482 2721/835/3003 1211/834/2998
f 1129/766/2945 2447/780/2957 3490/1363/3484 2650/1299/3420
f 2447/780/2957 1133/782/2959 2474/1364/3475 3490/1363/3484
f 3490/1363/3484 2474/1364/3475 1213/1365/3477 2722/1366/3485
f 2650/1299/3420 3490/1363/3484 2722/1366/3485 1226/1300/3421
f 1226/1300/3421 2722/1366/3485 3491/1367/3486 2651/1303/3424
f 2722/1366/3485 1213/1365/3477 2637/1368/3479 3491/1367/3486
f 3491/1367/3486 2637/1368/3479 1212/1369/3481 2723/1370/3487
f 2651/1303/3424 3491/1367/3486 2723/1370/3487 1227/1304/3425
f 1227/1304/3425 2723/1370/3487 3492/1371/3488 2652/1307/3428
f 2723/1370/3487 1212/1369/3481 2636/1372/3483 3492/1371/3488
f 3492/1371/3488 2636/1372/3483 1211/829/2998 2724/826/2995
f 2652/1307/3428 3492/1371/3488 2724/826/2995 1228/825/2994
f 1116/710/2895 2429/726/2909 3493/1373/3489 2638/1344/3465
f 2429/726/2909 1121/728/2911 2486/1284/3405 3493/1373/3489
f 3493/1373/3489 2486/1284/3405 1231/1288/3409 2725/1374/3490
f 2638/1344/3465 3493/1373/3489 2725/1374/3490 1214/1345/3466
f 1214/1345/3466 2725/1374/3490 3494/1375/3491 2639/1348/3469
f 2725/1374/3490 1231/1288/3409 2655/1290/3411 3494/1375/3491
f 3494/1375/3491 2655/1290/3411 1230/1294/3415 2726/1376/3492
f 2639/1348/3469 3494/1375/3491 2726/1376/3492 1215/1349/3470
f 1215/1349/3470 2726/1376/3492 3495/1377/3493 2640/1352/3473
f 2726/1376/3492 1230/1294/3415 2654/1296/3417 3495/1377/3493
f 3495/1377/3493 2654/1296/3417 1229/805/2979 2727/802/2976
f 2640/1352/3473 3495/1377/3493 2727/802/2976 1216/801/2975
f 1100/638/2831 2397/654/2845 3496/1378/3494 2644/1325/3446
f 2397/654/2845 1104/656/2847 2501/1219/3340 3496/1378/3494
f 3496/1378/3494 2501/1219/3340 1255/1223/3344 2728/1379/3495
f 2644/1325/3446 3496/1378/3494 2728/1379/3495 1220/1326/3447
f 1220/1326/3447 2728/1379/3495 3497/1380/3496 2645/1331/3452
f 2728/1379/3495 1255/1223/3344 2679/1225/3346 3497/1380/3496
f 3497/1380/3496 2679/1225/3346 1254/1229/3350 2729/1381/3497
f 2645/1331/3452 3497/1380/3496 2729/1381/3497 1221/1332/3453
f 1221/1332/3453 2729/1381/3497 3498/1382/3498 2646/1337/3458
f 2729/1381/3497 1254/1229/3350 2678/1231/3352 3498/1382/3498
f 3498/1382/3498 2678/1231/3352 1253/796/2970 2730/793/2967
f 2646/1337/3458 3498/1382/3498 2730/793/2967 1222/792/2966
o Sphere.002
v 0.079096 0.218424 -0.011734
v 0.085167 0.215857 -0.021286
v 0.094096 0.211578 -0.027811
v 0.104462 0.206221 -0.030102
v 0.114689 0.200601 -0.027811
v 0.128736 0.191966 -0.011734
v 0.084998 0.229627 -0.010941
v 0.092439 0.229671 -0.019486
v 0.102365 0.227185 -0.025459
v 0.113109 0.222443 -0.027557
v 0.123035 0.216167 -0.025459
v 0.130633 0.209314 -0.019486
v 0.134745 0.203112 -0.010941
v 0.086806 0.233017 -0.008374
v 0.095658 0.235710 -0.014914
v 0.106570 0.235074 -0.019486
v 0.117661 0.230982 -0.021091
v 0.127241 0.224057 -0.019486
v 0.133852 0.215352 -0.014914
v 0.136552 0.206502 -0.008374
v 0.088013 0.235283 -0.004532
v 0.097808 0.239744 -0.008071
v 0.109380 0.240346 -0.010546
v 0.120702 0.236688 -0.011414
v 0.130050 0.229328 -0.010546
v 0.136002 0.219387 -0.008071
v 0.137760 0.208768 -0.004532
v 0.088437 0.236078 -0.000000
v 0.098564 0.241161 -0.000000
v 0.110367 0.242197 -0.000000
v 0.121770 0.238692 -0.000000
v 0.131037 0.231179 -0.000000
v 0.136757 0.220804 -0.000000
v 0.138184 0.209563 -0.000000
v 0.134694 0.197707 -0.000000
v 0.080540 0.226571 -0.000000
v 0.123220 0.195575 -0.021286
v 0.061983 0.185255 -0.011515
v 0.067426 0.181637 -0.020846
v 0.075789 0.176671 -0.027183
v 0.085779 0.171168 -0.029399
v 0.095917 0.165942 -0.027183
v 0.110740 0.159266 -0.011515
v 0.108937 0.151225 -0.000000
v 0.056312 0.179274 -0.000000
v 0.053762 0.166267 -0.000000
v 0.056004 0.154620 -0.000000
v 0.061393 0.145126 -0.000000
v 0.068692 0.139109 -0.000000
v 0.077756 0.136405 -0.000000
v 0.088642 0.137224 -0.000000
v 0.099561 0.141856 -0.000000
v 0.054052 0.167161 -0.004134
v 0.056457 0.156107 -0.006944
v 0.062014 0.146851 -0.008558
v 0.069575 0.140765 -0.009031
v 0.078842 0.137882 -0.008558
v 0.089624 0.138429 -0.006944
v 0.100141 0.142595 -0.004134
v 0.054935 0.169722 -0.007802
v 0.057923 0.160447 -0.013388
v 0.064065 0.152052 -0.016890
v 0.072323 0.145922 -0.018018
v 0.082016 0.142484 -0.016890
v 0.092410 0.142065 -0.013388
v 0.101774 0.144756 -0.007802
v 0.056391 0.173571 -0.010455
v 0.060498 0.167125 -0.018330
v 0.067698 0.160368 -0.023621
v 0.076877 0.154466 -0.025428
v 0.086894 0.150136 -0.023621
v 0.096518 0.147926 -0.018330
v 0.104159 0.148111 -0.010455
v 0.104702 0.161768 -0.020846
v 0.079096 0.218424 0.011734
v 0.085167 0.215857 0.021286
v 0.094096 0.211578 0.027811
v 0.104462 0.206221 0.030102
v 0.114689 0.200601 0.027811
v 0.128736 0.191966 0.011734
v 0.084998 0.229627 0.010941
v 0.092439 0.229671 0.019486
v 0.102365 0.227185 0.025459
v 0.113109 0.222443 0.027557
v 0.123035 0.216167 0.025459
v 0.130633 0.209314 0.019486
v 0.134745 0.203112 0.010941
v 0.086806 0.233017 0.008374
v 0.095658 0.235710 0.014914
v 0.106570 0.235074 0.019486
v 0.117661 0.230982 0.021091
v 0.127241 0.224057 0.019486
v 0.133852 0.215352 0.014914
v 0.136552 0.206502 0.008374
v 0.088013 0.235283 0.004532
v 0.097808 0.239744 0.008071
v 0.109380 0.240346 0.010546
v 0.120702 0.236688 0.011414
v 0.130050 0.229328 0.010546
v 0.136002 0.219387 0.008071
v 0.137760 0.208768 0.004532
v 0.123220 0.195575 0.021286
v 0.061983 0.185255 0.011515
v 0.067426 0.181637 0.020846
v 0.075789 0.176671 0.027183
v 0.085779 0.171168 0.029400
v 0.095917 0.165942 0.027183
v 0.110740 0.159266 0.011515
v 0.054052 0.167161 0.004134
v 0.056457 0.156107 0.006944
v 0.062014 0.146851 0.008558
v 0.069575 0.140765 0.009031
v 0.078842 0.137882 0.008558
v 0.089624 0.138429 0.006944
v 0.100141 0.142595 0.004134
v 0.054935 0.169722 0.007802
v 0.057923 0.160447 0.013388
v 0.064065 0.152052 0.016890
v 0.072323 0.145922 0.018018
v 0.082016 0.142484 0.016890
v 0.092410 0.142065 0.013388
v 0.101774 0.144756 0.007802
v 0.056391 0.173571 0.010455
v 0.060498 0.167125 0.018330
v 0.067698 0.160368 0.023621
v 0.076877 0.154466 0.025428
v 0.086894 0.150136 0.023621
v 0.096518 0.147926 0.018330
v 0.104159 0.148111 0.010455
v 0.104702 0.161768 0.020846
v 0.081691 0.217381 -0.016750
v 0.089360 0.213897 -0.025028
v 0.099196 0.208985 -0.029522
v 0.109694 0.203390 -0.029522
v 0.088288 0.229947 -0.015358
v 0.097200 0.228742 -0.022911
v 0.107737 0.225057 -0.027026
v 0.118274 0.219441 -0.027026
v 0.127207 0.212748 -0.022911
v 0.133177 0.206021 -0.015358
v 0.120181 0.210823 -0.027057
v 0.110067 0.216736 -0.029287
v 0.099520 0.221835 -0.027057
v 0.090144 0.225343 -0.020709
v 0.083512 0.226775 -0.011712
v 0.133206 0.200288 -0.011712
v 0.090825 0.234706 -0.011755
v 0.100985 0.235841 -0.017536
v 0.112201 0.233432 -0.020685
v 0.122738 0.227815 -0.020685
v 0.130992 0.219848 -0.017536
v 0.135713 0.210780 -0.011755
v 0.135718 0.204984 -0.009940
v 0.132348 0.212531 -0.017536
v 0.125276 0.220371 -0.022911
v 0.115534 0.226993 -0.024799
v 0.104606 0.231388 -0.022911
v 0.094154 0.232888 -0.017536
v 0.086010 0.231478 -0.009940
v 0.092520 0.237886 -0.006362
v 0.103513 0.240585 -0.009490
v 0.115183 0.239028 -0.011194
v 0.125720 0.233411 -0.011194
v 0.133520 0.224592 -0.009490
v 0.137408 0.213960 -0.006362
v 0.096891 0.238023 -0.011717
v 0.087562 0.234389 -0.006642
v 0.137269 0.207895 -0.006642
v 0.135085 0.217666 -0.011717
v 0.128852 0.227080 -0.015309
v 0.119405 0.234254 -0.016570
v 0.108181 0.238097 -0.015309
v 0.093115 0.239003 -0.000000
v 0.104401 0.242251 -0.000000
v 0.116231 0.240993 -0.000000
v 0.126768 0.235376 -0.000000
v 0.134408 0.226257 -0.000000
v 0.138004 0.215077 -0.000000
v 0.138109 0.209470 -0.002332
v 0.136566 0.220445 -0.004114
v 0.130787 0.230711 -0.005376
v 0.121499 0.238184 -0.005819
v 0.110117 0.241728 -0.005376
v 0.098372 0.240802 -0.004114
v 0.088402 0.235964 -0.002332
v 0.077831 0.219654 -0.006503
v 0.119256 0.197963 -0.025028
v 0.126423 0.193538 -0.016750
v 0.130462 0.191602 -0.006503
v 0.082626 0.228620 -0.006529
v 0.135232 0.200580 -0.006529
v 0.128320 0.204995 -0.020709
v 0.083789 0.230801 -0.005007
v 0.136394 0.202762 -0.005007
v 0.084511 0.232156 -0.002710
v 0.137116 0.204117 -0.002710
v 0.084764 0.232631 -0.000000
v 0.137370 0.204592 -0.000000
v 0.105356 0.183298 -0.027844
v 0.114018 0.178684 -0.021316
v 0.095145 0.188739 -0.030136
v 0.084935 0.194182 -0.027844
v 0.070494 0.201889 -0.011592
v 0.076275 0.198802 -0.021316
v 0.068421 0.202992 -0.000000
v 0.119805 0.175606 -0.011592
v 0.121876 0.174500 -0.000000
v 0.064270 0.183671 -0.016423
v 0.071318 0.179270 -0.024484
v 0.080671 0.173936 -0.028839
v 0.090925 0.168470 -0.028839
v 0.054411 0.160416 -0.000000
v 0.058395 0.149460 -0.000000
v 0.064834 0.141688 -0.000000
v 0.072983 0.137344 -0.000000
v 0.083026 0.136332 -0.000000
v 0.094342 0.139132 -0.000000
v 0.054788 0.161636 -0.005645
v 0.058923 0.151114 -0.007913
v 0.065579 0.143403 -0.008919
v 0.073992 0.138919 -0.008919
v 0.084104 0.137692 -0.007913
v 0.095144 0.140126 -0.005645
v 0.099620 0.141954 -0.002115
v 0.088891 0.137524 -0.003496
v 0.078029 0.136768 -0.004277
v 0.068909 0.139516 -0.004497
v 0.061542 0.145555 -0.004277
v 0.056114 0.154994 -0.003496
v 0.053811 0.166370 -0.002115
v 0.055973 0.165160 -0.010759
v 0.060667 0.156016 -0.015444
v 0.067978 0.148670 -0.017740
v 0.077027 0.143847 -0.017740
v 0.087201 0.141873 -0.015444
v 0.097409 0.143074 -0.010759
v 0.057053 0.157942 -0.010281
v 0.054401 0.168146 -0.006118
v 0.100764 0.143434 -0.006118
v 0.090815 0.139947 -0.010281
v 0.080183 0.139782 -0.012815
v 0.070710 0.142896 -0.013596
v 0.062844 0.149024 -0.012815
v 0.057994 0.170508 -0.014565
v 0.063779 0.163694 -0.021389
v 0.072111 0.157260 -0.024974
v 0.081854 0.152067 -0.024974
v 0.091840 0.148738 -0.021389
v 0.100722 0.147733 -0.014565
v 0.102841 0.146262 -0.009381
v 0.094342 0.144755 -0.016125
v 0.084287 0.145973 -0.020579
v 0.074403 0.149825 -0.022063
v 0.065696 0.155882 -0.020579
v 0.059078 0.163551 -0.016125
v 0.055591 0.171447 -0.009381
v 0.099275 0.152284 -0.019881
v 0.060289 0.185613 -0.006379
v 0.100568 0.163680 -0.024484
v 0.108150 0.160282 -0.016423
v 0.111982 0.158060 -0.006379
v 0.054147 0.171719 -0.000000
v 0.103872 0.145215 -0.000000
v 0.054329 0.172261 -0.002516
v 0.104221 0.145669 -0.002516
v 0.054876 0.173810 -0.004719
v 0.105202 0.146986 -0.004719
v 0.055834 0.176280 -0.006270
v 0.106718 0.149158 -0.006270
v 0.057767 0.176655 -0.011330
v 0.105952 0.150973 -0.011330
v 0.090132 0.155585 -0.025806
v 0.080047 0.160413 -0.027861
v 0.070416 0.166093 -0.025806
v 0.062579 0.171844 -0.019881
v 0.081691 0.217381 0.016750
v 0.089360 0.213897 0.025028
v 0.099196 0.208985 0.029522
v 0.109694 0.203390 0.029522
v 0.088288 0.229947 0.015358
v 0.097200 0.228742 0.022911
v 0.107737 0.225057 0.027026
v 0.118274 0.219441 0.027026
v 0.127207 0.212748 0.022911
v 0.133177 0.206021 0.015358
v 0.120181 0.210823 0.027057
v 0.110067 0.216736 0.029287
v 0.099520 0.221835 0.027057
v 0.090144 0.225343 0.020709
v 0.083512 0.226775 0.011712
v 0.133206 0.200288 0.011712
v 0.090825 0.234706 0.011755
v 0.100985 0.235841 0.017536
v 0.112201 0.233432 0.020685
v 0.122738 0.227815 0.020685
v 0.130992 0.219848 0.017536
v 0.135713 0.210780 0.011755
v 0.135718 0.204984 0.009940
v 0.132348 0.212531 0.017536
v 0.125276 0.220371 0.022911
v 0.115534 0.226993 0.024799
v 0.104606 0.231388 0.022911
v 0.094154 0.232888 0.017536
v 0.086010 0.231478 0.009940
v 0.092520 0.237886 0.006362
v 0.103513 0.240585 0.009490
v 0.115183 0.239028 0.011194
v 0.125720 0.233411 0.011194
v 0.133520 0.224592 0.009490
v 0.137408 0.213960 0.006362
v 0.096891 0.238023 0.011717
v 0.087562 0.234389 0.006642
v 0.137269 0.207895 0.006642
v 0.135085 0.217666 0.011717
v 0.128852 0.227080 0.015309
v 0.119405 0.234254 0.016570
v 0.108181 0.238097 0.015309
v 0.138109 0.209470 0.002332
v 0.136566 0.220445 0.004114
v 0.130787 0.230711 0.005376
v 0.121499 0.238184 0.005819
v 0.110117 0.241728 0.005376
v 0.098372 0.240802 0.004114
v 0.088402 0.235964 0.002332
v 0.077831 0.219654 0.006503
v 0.119256 0.197963 0.025028
v 0.126423 0.193538 0.016750
v 0.130462 0.191602 0.006503
v 0.082626 0.228620 0.006529
v 0.135232 0.200580 0.006529
v 0.128320 0.204995 0.020709
v 0.083789 0.230801 0.005007
v 0.136394 0.202762 0.005007
v 0.084511 0.232156 0.002710
v 0.137116 0.204117 0.002710
v 0.105356 0.183298 0.027844
v 0.114018 0.178684 0.021316
v 0.095145 0.188739 0.030136
v 0.084935 0.194182 0.027844
v 0.070494 0.201889 0.011592
v 0.076275 0.198802 0.021316
v 0.119805 0.175606 0.011592
v 0.064270 0.183671 0.016423
v 0.071318 0.179270 0.024484
v 0.080671 0.173936 0.028839
v 0.090925 0.168470 0.028839
v 0.054788 0.161636 0.005645
v 0.058923 0.151114 0.007913
v 0.065579 0.143403 0.008919
v 0.073992 0.138919 0.008919
v 0.084104 0.137692 0.007913
v 0.095144 0.140126 0.005645
v 0.099620 0.141954 0.002115
v 0.088891 0.137524 0.003496
v 0.078029 0.136768 0.004277
v 0.068909 0.139516 0.004497
v 0.061542 0.145555 0.004277
v 0.056114 0.154994 0.003496
v 0.053811 0.166370 0.002115
v 0.055973 0.165160 0.010759
v 0.060667 0.156016 0.015444
v 0.067978 0.148670 0.017740
v 0.077027 0.143847 0.017740
v 0.087201 0.141873 0.015444
v 0.097409 0.143074 0.010759
v 0.057053 0.157942 0.010281
v 0.054401 0.168146 0.006118
v 0.100764 0.143434 0.006118
v 0.090815 0.139947 0.010281
v 0.080183 0.139782 0.012815
v 0.070710 0.142896 0.013596
v 0.062844 0.149024 0.012815
v 0.057994 0.170508 0.014565
v 0.063779 0.163694 0.021389
v 0.072111 0.157260 0.024974
v 0.081854 0.152067 0.024974
v 0.091840 0.148738 0.021389
v 0.100722 0.147733 0.014565
v 0.102841 0.146262 0.009381
v 0.094342 0.144755 0.016125
v 0.084287 0.145973 0.020579
v 0.074403 0.149825 0.022063
v 0.065696 0.155882 0.020579
v 0.059078 0.163551 0.016125
v 0.055591 0.171447 0.009381
v 0.099275 0.152284 0.019881
v 0.060289 0.185613 0.006379
v 0.100568 0.163680 0.024484
v 0.108150 0.160282 0.016423
v 0.111982 0.158060 0.006379
v 0.054329 0.172261 0.002516
v 0.104221 0.145669 0.002516
v 0.054876 0.173810 0.004719
v 0.105202 0.146986 0.004719
v 0.055834 0.176280 0.006270
v 0.106718 0.149158 0.006270
v 0.057767 0.176655 0.011330
v 0.105952 0.150973 0.011330
v 0.090132 0.155585 0.025806
v 0.080047 0.160413 0.027861
v 0.070416 0.166093 0.025806
v 0.062579 0.171844 0.019881
v 0.115278 0.213826 -0.028722
v 0.094590 0.223827 -0.024350
v 0.081782 0.226528 -0.007930
v 0.133965 0.198714 -0.007930
v 0.124583 0.207841 -0.024350
v 0.104746 0.219440 -0.028722
v 0.086374 0.226327 -0.016333
v 0.131238 0.202414 -0.016333
v 0.135963 0.202462 -0.006786
v 0.129223 0.216531 -0.020618
v 0.110115 0.229519 -0.024321
v 0.089646 0.232488 -0.013833
v 0.134530 0.208565 -0.013833
v 0.120652 0.223903 -0.024321
v 0.099217 0.232524 -0.020618
v 0.083780 0.230276 -0.006786
v 0.091805 0.236539 -0.009243
v 0.136689 0.212615 -0.009243
v 0.124448 0.231024 -0.016251
v 0.102435 0.238562 -0.013777
v 0.084839 0.232263 -0.004534
v 0.137022 0.204449 -0.004534
v 0.132442 0.222568 -0.013777
v 0.113911 0.236641 -0.016251
v 0.137857 0.214808 -0.003246
v 0.126503 0.234879 -0.005706
v 0.104176 0.241829 -0.004838
v 0.085413 0.233339 -0.001592
v 0.137595 0.205525 -0.001592
v 0.134183 0.225836 -0.004838
v 0.115966 0.240495 -0.005706
v 0.092973 0.238731 -0.003246
v 0.117340 0.176917 -0.016756
v 0.100350 0.185966 -0.029555
v 0.109970 0.180840 -0.025060
v 0.089940 0.191514 -0.029555
v 0.068976 0.202700 -0.005995
v 0.080322 0.196643 -0.025060
v 0.072956 0.200574 -0.016756
v 0.121324 0.174798 -0.005995
v 0.103103 0.144509 -0.001469
v 0.083298 0.136668 -0.003969
v 0.065015 0.142111 -0.004446
v 0.054501 0.160708 -0.002855
v 0.094534 0.139370 -0.002855
v 0.073234 0.137730 -0.004446
v 0.058522 0.149873 -0.003969
v 0.053989 0.170686 -0.001469
v 0.055273 0.163119 -0.008320
v 0.096105 0.141355 -0.008320
v 0.075262 0.140951 -0.013406
v 0.059628 0.153175 -0.011784
v 0.054409 0.171913 -0.004232
v 0.103888 0.145541 -0.004232
v 0.085422 0.139426 -0.011784
v 0.066558 0.145590 -0.013406
v 0.098963 0.145216 -0.012892
v 0.079254 0.147595 -0.021693
v 0.062061 0.159569 -0.018717
v 0.055236 0.174184 -0.006450
v 0.105311 0.147494 -0.006450
v 0.089374 0.145011 -0.018717
v 0.069848 0.152609 -0.021693
v 0.056884 0.167644 -0.012892
v 0.056992 0.178298 -0.007687
v 0.107747 0.151245 -0.007687
v 0.094909 0.153707 -0.023292
v 0.075089 0.163194 -0.027343
v 0.059721 0.174460 -0.015741
v 0.103040 0.151371 -0.015741
v 0.085119 0.157847 -0.027343
v 0.066194 0.169012 -0.023292
v 0.115278 0.213826 0.028722
v 0.094590 0.223827 0.024350
v 0.081782 0.226528 0.007930
v 0.133965 0.198714 0.007930
v 0.124583 0.207841 0.024350
v 0.104746 0.219440 0.028722
v 0.086374 0.226327 0.016333
v 0.131238 0.202414 0.016333
v 0.135963 0.202462 0.006786
v 0.129223 0.216531 0.020618
v 0.110115 0.229519 0.024321
v 0.089646 0.232488 0.013833
v 0.134530 0.208565 0.013833
v 0.120652 0.223903 0.024321
v 0.099217 0.232524 0.020618
v 0.083780 0.230276 0.006786
v 0.091805 0.236539 0.009243
v 0.136689 0.212615 0.009243
v 0.124448 0.231024 0.016251
v 0.102435 0.238562 0.013777
v 0.084839 0.232263 0.004534
v 0.137022 0.204449 0.004534
v 0.132442 0.222568 0.013777
v 0.113911 0.236641 0.016251
v 0.137857 0.214808 0.003246
v 0.126503 0.234879 0.005706
v 0.104176 0.241829 0.004838
v 0.085413 0.233339 0.001592
v 0.137595 0.205525 0.001592
v 0.134183 0.225836 0.004838
v 0.115966 0.240495 0.005706
v 0.092973 0.238731 0.003246
v 0.117340 0.176917 0.016756
v 0.100350 0.185966 0.029555
v 0.109970 0.180840 0.025060
v 0.089940 0.191514 0.029555
v 0.068976 0.202700 0.005995
v 0.080322 0.196643 0.025060
v 0.072956 0.200574 0.016756
v 0.121324 0.174798 0.005995
v 0.103103 0.144509 0.001469
v 0.083298 0.136668 0.003969
v 0.065015 0.142111 0.004446
v 0.054501 0.160708 0.002855
v 0.094534 0.139370 0.002855
v 0.073234 0.137730 0.004446
v 0.058522 0.149873 0.003969
v 0.053989 0.170686 0.001469
v 0.055273 0.163119 0.008320
v 0.096105 0.141355 0.008320
v 0.075262 0.140951 0.013406
v 0.059628 0.153175 0.011784
v 0.054409 0.171913 0.004232
v 0.103888 0.145541 0.004232
v 0.085422 0.139426 0.011784
v 0.066558 0.145590 0.013406
v 0.098963 0.145216 0.012892
v 0.079254 0.147595 0.021693
v 0.062061 0.159569 0.018717
v 0.055236 0.174184 0.006450
v 0.105311 0.147494 0.006450
v 0.089374 0.145011 0.018717
v 0.069848 0.152609 0.021693
v 0.056884 0.167644 0.012892
v 0.056992 0.178298 0.007687
v 0.107747 0.151245 0.007687
v 0.094909 0.153707 0.023292
v 0.075089 0.163194 0.027343
v 0.059721 0.174460 0.015741
v 0.103040 0.151371 0.015741
v 0.085119 0.157847 0.027343
v 0.066194 0.169012 0.023292
vn 0.3467 -0.1518 -0.9256
vn 0.1852 -0.0610 -0.9808
vn 0.2431 0.0516 -0.9686
vn 0.3998 -0.0452 -0.9155
vn 0.0163 0.0307 -0.9994
vn 0.0771 0.1446 -0.9865
vn 0.1728 0.3242 -0.9301
vn 0.3368 0.2288 -0.9134
vn 0.4886 0.1240 -0.8636
vn -0.3193 0.2032 -0.9256
vn -0.4740 0.2781 -0.8355
vn -0.4202 0.3702 -0.8285
vn -0.2604 0.3066 -0.9155
vn -0.6111 0.3416 -0.7140
vn -0.5645 0.4187 -0.7113
vn -0.4907 0.5543 -0.6723
vn -0.3364 0.5247 -0.7820
vn -0.1695 0.4748 -0.8636
vn -0.8117 0.4233 -0.4024
vn -0.8678 0.4493 -0.2121
vn -0.8439 0.4725 -0.2541
vn -0.7786 0.4696 -0.4162
vn -0.8652 0.5014 -0.0000
vn -0.8341 0.5139 -0.2004
vn -0.7353 0.5476 -0.3994
vn 0.8986 -0.4388 -0.0000
vn 0.8568 -0.4699 -0.2121
vn 0.8627 -0.4372 -0.2542
vn 0.8916 -0.4059 -0.2004
vn 0.8040 -0.4379 -0.4024
vn 0.8239 -0.3846 -0.4162
vn 0.8645 -0.3051 -0.3994
vn 0.6243 -0.3169 -0.7140
vn 0.4952 -0.2384 -0.8354
vn 0.5417 -0.1424 -0.8285
vn 0.6624 -0.2352 -0.7113
vn 0.6231 0.0133 -0.7820
vn 0.7337 -0.0983 -0.6723
vn -0.1539 0.1197 -0.9808
vn -0.0927 0.2306 -0.9686
vn 0.0021 0.4071 -0.9134
vn -0.7243 0.3901 -0.5685
vn -0.6850 0.4503 -0.5728
vn -0.6230 0.5625 -0.5436
vn 0.7277 -0.3837 -0.5685
vn 0.7557 -0.3176 -0.5728
vn 0.8143 -0.2037 -0.5436
vn 0.9192 -0.3187 -0.2314
vn 0.9305 -0.3380 -0.1413
vn 0.9096 -0.2191 -0.3529
vn 0.9403 -0.1623 -0.2990
vn 0.6987 0.1561 -0.6982
vn 0.8001 0.0271 -0.5992
vn 0.5712 0.2798 -0.7717
vn 0.6373 0.4039 -0.6563
vn 0.7586 0.2684 -0.5938
vn 0.8515 0.1235 -0.5096
vn 0.0895 0.5705 -0.8164
vn 0.2613 0.4903 -0.8315
vn -0.0862 0.6302 -0.7717
vn -0.0200 0.7543 -0.6563
vn 0.1595 0.7018 -0.6943
vn 0.3326 0.6240 -0.7071
vn -0.5668 0.6676 -0.4827
vn -0.4236 0.6794 -0.5992
vn -0.6890 0.6330 -0.3529
vn -0.6590 0.6901 -0.2991
vn -0.5253 0.7453 -0.4106
vn -0.3722 0.7758 -0.5096
vn 0.8703 -0.0984 -0.4827
vn 0.9116 -0.0206 -0.4106
vn 0.4236 0.3924 -0.8164
vn 0.4936 0.5237 -0.6943
vn -0.2599 0.6671 -0.6982
vn -0.2000 0.7794 -0.5938
vn -0.7771 0.5854 -0.2314
vn -0.7994 0.5840 -0.1414
vn -0.4915 0.8090 -0.3225
vn -0.3301 0.8549 -0.4003
vn -0.6331 0.7372 -0.2358
vn -0.6159 0.7710 -0.1618
vn -0.4661 0.8564 -0.2222
vn -0.2987 0.9136 -0.2758
vn 0.9456 0.0430 -0.3225
vn 0.9650 -0.1146 -0.2358
vn 0.8937 0.2026 -0.4003
vn 0.9250 0.2614 -0.2757
vn 0.9708 0.0906 -0.2222
vn 0.9835 -0.0815 -0.1618
vn 0.5511 0.6315 -0.5455
vn 0.6916 0.5059 -0.5156
vn 0.3912 0.7337 -0.5555
vn 0.4346 0.8153 -0.3827
vn 0.5937 0.7115 -0.3758
vn 0.7319 0.5815 -0.3552
vn -0.1509 0.8716 -0.4665
vn 0.0343 0.8561 -0.5156
vn -0.1145 0.9400 -0.3213
vn 0.0746 0.9318 -0.3551
vn -0.7394 0.6553 -0.1541
vn -0.7788 0.6226 -0.0758
vn 0.9563 -0.2484 -0.1540
vn 0.9511 -0.2995 -0.0758
vn 0.8077 0.3606 -0.4664
vn 0.8442 0.4291 -0.3213
vn 0.2170 0.8095 -0.5455
vn 0.2597 0.8896 -0.3757
vn 0.9863 0.1195 -0.1133
vn 0.9948 -0.0587 -0.0828
vn 0.9443 0.2975 -0.1406
vn 0.9508 0.3098 -0.0000
vn 0.9916 0.1296 -0.0000
vn 0.9986 -0.0531 -0.0000
vn 0.6200 0.7608 -0.1916
vn 0.7568 0.6281 -0.1811
vn 0.4613 0.8655 -0.1951
vn 0.4704 0.8825 -0.0000
vn 0.6289 0.7775 -0.0000
vn 0.7652 0.6438 -0.0000
vn -0.0920 0.9822 -0.1638
vn 0.0994 0.9784 -0.1811
vn -0.2794 0.9498 -0.1406
vn -0.2729 0.9621 -0.0000
vn -0.0844 0.9964 -0.0000
vn 0.1078 0.9942 -0.0000
vn -0.7200 0.6919 -0.0540
vn -0.6033 0.7932 -0.0827
vn -0.7719 0.6357 -0.0000
vn -0.6008 0.7994 -0.0000
vn 0.9757 -0.2121 -0.0541
vn 0.9581 -0.2864 -0.0000
vn 0.8667 0.4713 -0.1638
vn 0.8743 0.4855 -0.0000
vn 0.2860 0.9389 -0.1916
vn 0.2948 0.9556 -0.0000
vn -0.4507 0.8854 -0.1133
vn -0.4453 0.8954 -0.0000
vn 0.7217 -0.4021 -0.5634
vn 0.6121 -0.3445 -0.7118
vn 0.8045 -0.4455 -0.3928
vn 0.7932 -0.4532 -0.4067
vn 0.7027 -0.4221 -0.5727
vn 0.5877 -0.3757 -0.7166
vn 0.1621 -0.1062 -0.9811
vn -0.0083 -0.0155 -0.9998
vn 0.3263 -0.1934 -0.9253
vn 0.2951 -0.2410 -0.9246
vn 0.1307 -0.1590 -0.9786
vn -0.0379 -0.0711 -0.9967
vn 0.4784 -0.2739 -0.8343
vn 0.4497 -0.3142 -0.8361
vn -0.1785 0.0754 -0.9810
vn -0.3425 0.1631 -0.9253
vn -0.2049 0.0198 -0.9786
vn -0.3646 0.1107 -0.9246
vn -0.8710 0.4473 -0.2034
vn -0.8896 0.4567 -0.0000
vn -0.8184 0.4195 -0.3928
vn -0.8185 0.4058 -0.4067
vn -0.8730 0.4398 -0.2106
vn -0.9231 0.3846 -0.0000
vn -0.4941 0.2444 -0.8344
vn -0.6272 0.3161 -0.7118
vn -0.5115 0.1981 -0.8361
vn -0.6395 0.2784 -0.7166
vn -0.7362 0.3750 -0.5633
vn -0.7422 0.3481 -0.5727
vn 0.8569 -0.4737 -0.2034
vn 0.8751 -0.4840 -0.0000
vn 0.8339 -0.5519 -0.0000
vn 0.8519 -0.4796 -0.2106
vn 0.7132 -0.7010 -0.0000
vn 0.6495 -0.7590 -0.0466
vn 0.7179 -0.6939 -0.0555
vn 0.5316 -0.8470 -0.0000
vn 0.5328 -0.8429 -0.0747
vn 0.5459 -0.8244 -0.1498
vn 0.2334 -0.9724 -0.0000
vn 0.0679 -0.9977 -0.0000
vn 0.0730 -0.9846 -0.1586
vn 0.2383 -0.9620 -0.1331
vn -0.1071 -0.9943 -0.0000
vn -0.1012 -0.9784 -0.1800
vn -0.0838 -0.9338 -0.3479
vn 0.0884 -0.9470 -0.3088
vn 0.2527 -0.9318 -0.2607
vn -0.4704 -0.8825 -0.0000
vn -0.6328 -0.7743 -0.0000
vn -0.6223 -0.7581 -0.1949
vn -0.4608 -0.8646 -0.2003
vn -0.7656 -0.6433 -0.0000
vn -0.7558 -0.6295 -0.1801
vn -0.7285 -0.5901 -0.3479
vn -0.5934 -0.7127 -0.3742
vn -0.4344 -0.8150 -0.3835
vn -0.9374 -0.3483 -0.0000
vn -0.9809 -0.1944 -0.0000
vn -0.9768 -0.1863 -0.1053
vn -0.9315 -0.3385 -0.1330
vn -0.9995 -0.0310 -0.0000
vn -0.9968 -0.0277 -0.0746
vn -0.9887 -0.0065 -0.1498
vn -0.9646 -0.1622 -0.2081
vn -0.9144 -0.3097 -0.2608
vn 0.3855 -0.9227 -0.0000
vn 0.3899 -0.9148 -0.1054
vn 0.4031 -0.8912 -0.2081
vn -0.2900 -0.9570 -0.0000
vn -0.2824 -0.9393 -0.1949
vn -0.2608 -0.8899 -0.3742
vn -0.8661 -0.4999 -0.0000
vn -0.8581 -0.4884 -0.1587
vn -0.8355 -0.4546 -0.3088
vn -0.9795 0.2012 -0.0000
vn -0.9922 0.1160 -0.0463
vn -0.9763 0.2091 -0.0556
vn -0.9452 -0.1224 -0.3027
vn -0.8878 -0.2623 -0.3781
vn -0.9759 0.0209 -0.2172
vn -0.9570 0.0667 -0.2825
vn -0.9186 -0.0663 -0.3896
vn -0.8532 -0.1961 -0.4833
vn 0.4254 -0.8529 -0.3026
vn 0.5615 -0.7985 -0.2172
vn 0.2773 -0.8833 -0.3780
vn 0.3129 -0.8176 -0.4833
vn 0.4571 -0.7995 -0.3896
vn 0.5889 -0.7572 -0.2826
vn -0.2270 -0.8171 -0.5299
vn -0.0547 -0.8664 -0.4963
vn -0.3954 -0.7418 -0.5416
vn -0.3459 -0.6490 -0.6776
vn -0.1814 -0.7250 -0.6645
vn -0.0131 -0.7798 -0.6259
vn -0.8016 -0.4000 -0.4444
vn -0.6888 -0.5284 -0.4963
vn -0.7590 -0.3249 -0.5643
vn -0.6401 -0.4456 -0.6259
vn -0.9792 0.1506 -0.1358
vn -0.9634 0.2412 -0.1172
vn 0.6709 -0.7290 -0.1358
vn 0.7373 -0.6653 -0.1171
vn 0.1148 -0.8884 -0.4444
vn 0.1534 -0.8112 -0.5643
vn -0.5518 -0.6440 -0.5299
vn -0.5007 -0.5548 -0.6645
vn 0.4983 -0.7331 -0.4630
vn 0.6206 -0.7081 -0.3367
vn 0.3601 -0.7360 -0.5733
vn 0.4309 -0.6200 -0.6557
vn 0.5627 -0.6314 -0.5336
vn 0.6792 -0.6193 -0.3938
vn -0.1239 -0.6149 -0.7788
vn 0.0415 -0.6755 -0.7362
vn -0.2865 -0.5375 -0.7931
vn -0.2077 -0.3896 -0.8973
vn -0.0446 -0.4696 -0.8817
vn 0.1197 -0.5365 -0.8354
vn -0.7091 -0.2295 -0.6667
vn -0.5839 -0.3422 -0.7362
vn -0.8118 -0.1114 -0.5732
vn -0.7549 0.0121 -0.6557
vn -0.6441 -0.0948 -0.7590
vn -0.5121 -0.1997 -0.8354
vn -0.9510 0.2237 -0.2135
vn -0.9338 0.1205 -0.3368
vn -0.9240 0.3316 -0.1907
vn -0.8928 0.2186 -0.3939
vn 0.7158 -0.6648 -0.2135
vn 0.7904 -0.5822 -0.1907
vn 0.2049 -0.7166 -0.6667
vn 0.2803 -0.5876 -0.7591
vn -0.4414 -0.4457 -0.7788
vn -0.3650 -0.2988 -0.8817
vn -0.8863 0.0049 -0.4630
vn -0.8378 0.1151 -0.5337
vn -0.8848 0.3909 -0.2537
vn -0.8462 0.3275 -0.4204
vn 0.8178 -0.5166 -0.2537
vn 0.7437 -0.5198 -0.4204
vn 0.3780 -0.4259 -0.8220
vn 0.5224 -0.4731 -0.7094
vn 0.2203 -0.3637 -0.9051
vn -0.2715 -0.1149 -0.9556
vn -0.1096 -0.2057 -0.9725
vn -0.4248 -0.0199 -0.9051
vn -0.7771 0.2552 -0.5752
vn -0.6840 0.1700 -0.7094
vn 0.6452 -0.5028 -0.5752
vn 0.0560 -0.2895 -0.9556
vn -0.5643 0.0764 -0.8220
vn 0.3467 -0.1518 0.9256
vn 0.3998 -0.0452 0.9155
vn 0.2431 0.0516 0.9686
vn 0.1852 -0.0610 0.9808
vn 0.4886 0.1240 0.8636
vn 0.3368 0.2288 0.9134
vn 0.1728 0.3242 0.9301
vn 0.0771 0.1446 0.9865
vn 0.0163 0.0307 0.9994
vn -0.3193 0.2032 0.9256
vn -0.2604 0.3066 0.9155
vn -0.4202 0.3702 0.8285
vn -0.4740 0.2781 0.8355
vn -0.1695 0.4748 0.8636
vn -0.3364 0.5247 0.7820
vn -0.4907 0.5543 0.6723
vn -0.5645 0.4187 0.7113
vn -0.6111 0.3416 0.7140
vn -0.8117 0.4233 0.4024
vn -0.7786 0.4696 0.4162
vn -0.8439 0.4725 0.2541
vn -0.8678 0.4493 0.2121
vn -0.7353 0.5476 0.3994
vn -0.8341 0.5139 0.2004
vn 0.8916 -0.4059 0.2004
vn 0.8627 -0.4372 0.2542
vn 0.8568 -0.4699 0.2121
vn 0.8645 -0.3051 0.3994
vn 0.8239 -0.3846 0.4162
vn 0.8040 -0.4379 0.4024
vn 0.6243 -0.3169 0.7140
vn 0.6624 -0.2352 0.7113
vn 0.5417 -0.1424 0.8285
vn 0.4952 -0.2384 0.8354
vn 0.7337 -0.0983 0.6723
vn 0.6231 0.0133 0.7820
vn -0.0927 0.2306 0.9686
vn -0.1539 0.1197 0.9808
vn 0.0021 0.4071 0.9134
vn -0.6850 0.4503 0.5728
vn -0.7243 0.3901 0.5685
vn -0.6230 0.5625 0.5436
vn 0.7557 -0.3176 0.5728
vn 0.7277 -0.3837 0.5685
vn 0.8143 -0.2037 0.5436
vn 0.9305 -0.3380 0.1413
vn 0.9192 -0.3187 0.2314
vn 0.9403 -0.1623 0.2990
vn 0.9096 -0.2191 0.3529
vn 0.8001 0.0271 0.5992
vn 0.6987 0.1561 0.6982
vn 0.8515 0.1235 0.5096
vn 0.7586 0.2684 0.5938
vn 0.6373 0.4039 0.6563
vn 0.5712 0.2798 0.7717
vn 0.2613 0.4903 0.8315
vn 0.0895 0.5705 0.8164
vn 0.3326 0.6240 0.7071
vn 0.1595 0.7018 0.6943
vn -0.0200 0.7543 0.6563
vn -0.0862 0.6302 0.7717
vn -0.4236 0.6794 0.5992
vn -0.5668 0.6676 0.4827
vn -0.3722 0.7758 0.5096
vn -0.5253 0.7453 0.4106
vn -0.6590 0.6901 0.2991
vn -0.6890 0.6330 0.3529
vn 0.8703 -0.0984 0.4827
vn 0.9116 -0.0206 0.4106
vn 0.4236 0.3924 0.8164
vn 0.4936 0.5237 0.6943
vn -0.2599 0.6671 0.6982
vn -0.2000 0.7794 0.5938
vn -0.7771 0.5854 0.2314
vn -0.7994 0.5840 0.1414
vn -0.3301 0.8549 0.4003
vn -0.4915 0.8090 0.3225
vn -0.2987 0.9136 0.2758
vn -0.4661 0.8564 0.2222
vn -0.6159 0.7710 0.1618
vn -0.6331 0.7372 0.2358
vn 0.9650 -0.1146 0.2358
vn 0.9456 0.0430 0.3225
vn 0.9835 -0.0815 0.1618
vn 0.9708 0.0906 0.2222
vn 0.9250 0.2614 0.2757
vn 0.8937 0.2026 0.4003
vn 0.6916 0.5059 0.5156
vn 0.5511 0.6315 0.5455
vn 0.7319 0.5815 0.3552
vn 0.5937 0.7115 0.3758
vn 0.4346 0.8153 0.3827
vn 0.3912 0.7337 0.5555
vn 0.0343 0.8561 0.5156
vn -0.1509 0.8716 0.4665
vn 0.0746 0.9318 0.3551
vn -0.1145 0.9400 0.3213
vn -0.7394 0.6553 0.1541
vn -0.7789 0.6226 0.0758
vn 0.9511 -0.2995 0.0758
vn 0.9563 -0.2484 0.1540
vn 0.8077 0.3606 0.4664
vn 0.8442 0.4291 0.3213
vn 0.2170 0.8095 0.5455
vn 0.2597 0.8896 0.3757
vn 0.9948 -0.0587 0.0828
vn 0.9863 0.1195 0.1133
vn 0.9443 0.2975 0.1406
vn 0.7568 0.6281 0.1811
vn 0.6200 0.7608 0.1916
vn 0.4613 0.8655 0.1951
vn 0.0994 0.9784 0.1811
vn -0.0920 0.9822 0.1638
vn -0.2794 0.9498 0.1406
vn -0.6033 0.7932 0.0827
vn -0.7200 0.6919 0.0540
vn 0.9757 -0.2121 0.0541
vn 0.8667 0.4713 0.1638
vn 0.2860 0.9389 0.1916
vn -0.4507 0.8854 0.1133
vn 0.6121 -0.3445 0.7118
vn 0.7217 -0.4021 0.5634
vn 0.5877 -0.3757 0.7166
vn 0.7027 -0.4221 0.5727
vn 0.7932 -0.4532 0.4067
vn 0.8045 -0.4455 0.3928
vn -0.0083 -0.0155 0.9998
vn 0.1621 -0.1062 0.9810
vn -0.0379 -0.0712 0.9967
vn 0.1307 -0.1591 0.9786
vn 0.2951 -0.2410 0.9246
vn 0.3263 -0.1934 0.9253
vn 0.4784 -0.2739 0.8343
vn 0.4497 -0.3142 0.8361
vn -0.3425 0.1631 0.9253
vn -0.1785 0.0754 0.9810
vn -0.3646 0.1107 0.9246
vn -0.2049 0.0198 0.9786
vn -0.8710 0.4473 0.2034
vn -0.8730 0.4398 0.2106
vn -0.8185 0.4058 0.4067
vn -0.8184 0.4195 0.3928
vn -0.6272 0.3161 0.7118
vn -0.4941 0.2444 0.8344
vn -0.6395 0.2784 0.7166
vn -0.5115 0.1981 0.8361
vn -0.7362 0.3750 0.5633
vn -0.7422 0.3481 0.5727
vn 0.8569 -0.4737 0.2034
vn 0.8519 -0.4796 0.2106
vn 0.7179 -0.6939 0.0555
vn 0.6496 -0.7589 0.0463
vn 0.5459 -0.8244 0.1498
vn 0.5328 -0.8429 0.0747
vn 0.2383 -0.9620 0.1331
vn 0.0730 -0.9846 0.1586
vn 0.2527 -0.9318 0.2607
vn 0.0884 -0.9470 0.3088
vn -0.0838 -0.9338 0.3479
vn -0.1012 -0.9784 0.1800
vn -0.4608 -0.8646 0.2003
vn -0.6223 -0.7581 0.1949
vn -0.4344 -0.8150 0.3835
vn -0.5934 -0.7127 0.3742
vn -0.7285 -0.5901 0.3479
vn -0.7558 -0.6295 0.1801
vn -0.9315 -0.3385 0.1330
vn -0.9768 -0.1863 0.1053
vn -0.9144 -0.3097 0.2608
vn -0.9646 -0.1622 0.2081
vn -0.9887 -0.0065 0.1498
vn -0.9968 -0.0277 0.0746
vn 0.3899 -0.9148 0.1054
vn 0.4031 -0.8912 0.2081
vn -0.2824 -0.9393 0.1949
vn -0.2608 -0.8899 0.3742
vn -0.8581 -0.4884 0.1587
vn -0.8355 -0.4546 0.3088
vn -0.9922 0.1160 0.0463
vn -0.9763 0.2091 0.0556
vn -0.8878 -0.2623 0.3781
vn -0.9452 -0.1224 0.3027
vn -0.8532 -0.1961 0.4833
vn -0.9186 -0.0663 0.3896
vn -0.9570 0.0667 0.2825
vn -0.9759 0.0209 0.2172
vn 0.5615 -0.7985 0.2172
vn 0.4254 -0.8529 0.3026
vn 0.5889 -0.7572 0.2826
vn 0.4571 -0.7995 0.3896
vn 0.3129 -0.8176 0.4833
vn 0.2773 -0.8833 0.3780
vn -0.0547 -0.8664 0.4963
vn -0.2270 -0.8171 0.5299
vn -0.0131 -0.7798 0.6259
vn -0.1814 -0.7250 0.6645
vn -0.3459 -0.6490 0.6776
vn -0.3954 -0.7418 0.5416
vn -0.6888 -0.5284 0.4963
vn -0.8016 -0.4000 0.4444
vn -0.6401 -0.4456 0.6259
vn -0.7590 -0.3249 0.5643
vn -0.9792 0.1506 0.1358
vn -0.9634 0.2412 0.1172
vn 0.7373 -0.6653 0.1171
vn 0.6709 -0.7290 0.1358
vn 0.1148 -0.8884 0.4444
vn 0.1534 -0.8112 0.5643
vn -0.5518 -0.6440 0.5299
vn -0.5007 -0.5548 0.6645
vn 0.6206 -0.7081 0.3367
vn 0.4983 -0.7331 0.4630
vn 0.6792 -0.6193 0.3938
vn 0.5627 -0.6314 0.5336
vn 0.4309 -0.6200 0.6557
vn 0.3601 -0.7360 0.5733
vn 0.0415 -0.6755 0.7362
vn -0.1239 -0.6149 0.7788
vn 0.1197 -0.5365 0.8354
vn -0.0446 -0.4696 0.8817
vn -0.2077 -0.3896 0.8973
vn -0.2865 -0.5375 0.7931
vn -0.5839 -0.3422 0.7362
vn -0.7091 -0.2295 0.6667
vn -0.5121 -0.1997 0.8354
vn -0.6441 -0.0948 0.7590
vn -0.7549 0.0121 0.6557
vn -0.8118 -0.1114 0.5732
vn -0.9338 0.1205 0.3368
vn -0.9510 0.2237 0.2135
vn -0.8928 0.2186 0.3939
vn -0.9240 0.3316 0.1907
vn 0.7904 -0.5822 0.1907
vn 0.7158 -0.6648 0.2135
vn 0.2049 -0.7166 0.6667
vn 0.2803 -0.5876 0.7591
vn -0.4414 -0.4457 0.7788
vn -0.3650 -0.2988 0.8817
vn -0.8863 0.0049 0.4630
vn -0.8381 0.1151 0.5333
vn -0.8462 0.3275 0.4204
vn -0.8848 0.3909 0.2537
vn 0.8178 -0.5166 0.2537
vn 0.7437 -0.5198 0.4204
vn 0.5224 -0.4731 0.7094
vn 0.3780 -0.4259 0.8220
vn 0.2203 -0.3637 0.9051
vn -0.1096 -0.2057 0.9725
vn -0.2715 -0.1149 0.9555
vn -0.4248 -0.0199 0.9051
vn -0.6840 0.1700 0.7094
vn -0.7771 0.2552 0.5752
vn 0.6452 -0.5028 0.5752
vn 0.0560 -0.2895 0.9555
vn -0.5643 0.0764 0.8220
vt 0.685419 0.677383
vt 0.638260 0.718744
vt 0.690980 0.873510
vt 0.737270 0.828975
vt 0.588864 0.760728
vt 0.641782 0.916665
vt 0.670502 1.001300
vt 0.719266 0.956780
vt 0.764215 0.908227
vt 0.490997 0.840172
vt 0.446283 0.874563
vt 0.495661 1.021825
vt 0.542206 0.992283
vt 0.406697 0.903629
vt 0.453685 1.044307
vt 0.475353 1.108491
vt 0.520302 1.094714
vt 0.569066 1.071624
vt 0.781947 0.324807
vt 0.793559 0.402383
vt 0.858458 0.381221
vt 0.860790 0.325134
vt 0.858864 0.498823
vt 0.878209 0.401998
vt 0.887716 0.336568
vt 0.586354 0.498823
vt 0.528715 0.402383
vt 0.595861 0.381221
vt 0.613478 0.401998
vt 0.532152 0.324807
vt 0.610721 0.325134
vt 0.637383 0.336568
vt 0.765962 0.602848
vt 0.728537 0.638262
vt 0.778830 0.784752
vt 0.814112 0.742546
vt 0.803604 0.857523
vt 0.835949 0.806597
vt 0.539147 0.801718
vt 0.591545 0.956765
vt 0.619784 1.040066
vt 0.757711 0.183151
vt 0.772099 0.250420
vt 0.856560 0.256604
vt 0.847270 0.191708
vt 0.890737 0.271064
vt 0.418092 1.058900
vt 0.436163 1.112584
vt 0.546993 0.250420
vt 0.630793 0.256604
vt 0.566225 0.183151
vt 0.655161 0.191708
vt 0.695938 0.209845
vt 0.664848 0.271064
vt 0.631247 0.398186
vt 0.634079 0.424569
vt 0.655057 0.351412
vt 0.669389 0.374636
vt 0.728359 0.159053
vt 0.764074 0.193058
vt 0.726310 0.238764
vt 0.785373 0.970572
vt 0.822637 0.913625
vt 0.803925 1.025236
vt 0.839339 0.962816
vt 0.795391 0.238764
vt 0.752943 0.277648
vt 0.642235 1.106237
vt 0.693397 1.068776
vt 0.590224 1.133954
vt 0.608766 1.188618
vt 0.661929 1.164267
vt 0.713478 1.127933
vt 0.475353 0.209845
vt 0.436163 0.271064
vt 0.448984 0.293679
vt 0.491544 0.238764
vt 0.905192 0.351412
vt 0.914727 0.293679
vt 0.414656 0.351412
vt 0.422171 0.374636
vt 0.460115 0.324496
vt 0.505744 0.277648
vt 0.688866 0.293679
vt 0.709778 0.324496
vt 0.741717 1.022952
vt 0.761411 1.080967
vt 0.539345 1.150801
vt 0.491544 1.156199
vt 0.539345 0.193058
vt 0.556037 0.238764
vt 0.590224 0.159053
vt 0.608766 0.209845
vt 0.893843 0.398186
vt 0.898800 0.424569
vt 0.919722 0.374636
vt 0.469367 0.361749
vt 0.517385 0.325060
vt 0.429308 0.400322
vt 0.433566 0.431613
vt 0.476118 0.404474
vt 0.526043 0.379130
vt 0.727103 0.361749
vt 0.682540 0.400322
vt 0.774790 0.325060
vt 0.791038 0.379130
vt 0.739801 0.404474
vt 0.690783 0.431613
vt 0.777555 1.128556
vt 0.819134 1.070067
vt 0.761411 0.192064
vt 0.713478 0.186043
vt 0.729944 0.253090
vt 0.777555 0.257820
vt 0.742189 0.329553
vt 0.789565 0.332816
vt 0.863669 0.271790
vt 0.900905 0.257820
vt 0.923442 0.332816
vt 0.884893 0.342425
vt 0.569727 0.294510
vt 0.623976 0.271790
vt 0.579904 0.358086
vt 0.635296 0.342425
vt 0.912603 0.431583
vt 0.932675 0.400322
vt 0.911593 0.458633
vt 0.403600 0.431583
vt 0.400503 0.458633
vt 0.650006 0.431583
vt 0.646872 0.458633
vt 0.821071 0.294510
vt 0.835129 0.209845
vt 0.840180 0.358086
vt 0.661929 0.192064
vt 0.678074 0.257820
vt 0.690083 0.332816
vt 0.747807 0.450684
vt 0.697410 0.464239
vt 0.801027 0.437812
vt 0.804417 0.498823
vt 0.750347 0.498823
vt 0.698288 0.498823
vt 0.937301 0.414203
vt 0.897950 0.419097
vt 0.749713 0.412527
vt 0.796957 0.414203
vt 0.752272 0.498823
vt 0.799459 0.498823
vt 0.837403 0.419097
vt 0.839763 0.498823
vt 0.586164 0.427075
vt 0.642254 0.419097
vt 0.531367 0.437812
vt 0.533180 0.498823
vt 0.588288 0.498823
vt 0.644614 0.498823
vt 0.409019 0.475213
vt 0.437239 0.464239
vt 0.916077 0.498823
vt 0.922762 0.475213
vt 0.437569 0.498823
vt 0.402892 0.498823
vt 0.660165 0.475213
vt 0.651356 0.498823
vt 0.851925 0.427075
vt 0.902369 0.498823
vt 0.855899 0.498823
vt 0.697475 0.414203
vt 0.699977 0.498823
vt 0.480394 0.450684
vt 0.481735 0.498823
vt 0.390072 0.250331
vt 0.406754 0.182706
vt 0.377694 0.326913
vt 0.223425 0.328055
vt 0.233018 0.255270
vt 0.247047 0.189676
vt 0.550042 0.460346
vt 0.500901 0.501470
vt 0.597305 0.420780
vt 0.508189 0.163390
vt 0.461059 0.200880
vt 0.412475 0.240892
vt 0.640866 0.384328
vt 0.679084 0.352354
vt 0.591130 0.101490
vt 0.552100 0.129845
vt 0.451759 0.542623
vt 0.404506 0.582189
vt 0.364249 0.281941
vt 0.318157 0.322501
vt 0.633494 0.409917
vt 0.636250 0.498823
vt 0.625837 0.326913
vt 0.468792 0.328055
vt 0.472172 0.404222
vt 0.412324 0.498823
vt 0.360954 0.618686
vt 0.322746 0.650704
vt 0.275946 0.361044
vt 0.239201 0.396147
vt 0.613422 0.250331
vt 0.596692 0.182706
vt 0.434634 0.189676
vt 0.453837 0.255270
vt 0.370066 0.409917
vt 0.367252 0.498823
vt 0.147509 0.498823
vt 0.212039 0.404222
vt 0.090767 0.498823
vt 0.084102 0.477037
vt 0.095054 0.461510
vt 0.542593 0.498823
vt 0.543150 0.467457
vt 0.576034 0.477037
vt 0.583294 0.498823
vt 0.548069 0.437515
vt 0.586589 0.461510
vt 0.439505 0.498823
vt 0.386483 0.498823
vt 0.389051 0.439962
vt 0.441856 0.446977
vt 0.336728 0.498823
vt 0.339305 0.435395
vt 0.346981 0.371907
vt 0.396661 0.381473
vt 0.448776 0.395843
vt 0.251153 0.498823
vt 0.214729 0.498823
vt 0.216438 0.432888
vt 0.253202 0.432132
vt 0.182242 0.498823
vt 0.183649 0.435395
vt 0.061462 0.432888
vt 0.093977 0.435395
vt 0.106213 0.371907
vt 0.073660 0.366554
vt 0.221763 0.366554
vt 0.259490 0.364893
vt 0.179562 0.498823
vt 0.234283 0.498823
vt 0.237040 0.456483
vt 0.183093 0.446977
vt 0.289523 0.498823
vt 0.290496 0.467457
vt 0.297964 0.437515
vt 0.245801 0.415107
vt 0.193601 0.395843
vt 0.493319 0.498823
vt 0.495132 0.456483
vt 0.500891 0.415107
vt 0.291665 0.498823
vt 0.294035 0.432888
vt 0.301191 0.366554
vt 0.089927 0.498823
vt 0.130845 0.498823
vt 0.134744 0.439962
vt 0.146461 0.381473
vt 0.340996 0.498823
vt 0.331244 0.477037
vt 0.346114 0.461510
vt 0.259802 0.375437
vt 0.210925 0.346355
vt 0.307263 0.408093
vt 0.322142 0.383119
vt 0.279072 0.339267
vt 0.234575 0.300279
vt 0.509964 0.375437
vt 0.553951 0.408093
vt 0.460020 0.346355
vt 0.475079 0.300279
vt 0.522276 0.339267
vt 0.563486 0.383119
vt 0.313182 0.300012
vt 0.359642 0.308776
vt 0.270205 0.297194
vt 0.285434 0.231616
vt 0.329845 0.235738
vt 0.376947 0.248344
vt 0.165919 0.324066
vt 0.126729 0.308776
vt 0.192742 0.269788
vt 0.155317 0.248344
vt 0.342828 0.436062
vt 0.360738 0.428840
vt 0.093845 0.436062
vt 0.107488 0.428840
vt 0.583445 0.436062
vt 0.595851 0.428840
vt 0.409104 0.324066
vt 0.425900 0.269788
vt 0.231006 0.300012
vt 0.094308 0.300012
vt 0.123387 0.235738
vt 0.244412 0.235738
vt 0.536947 0.307634
vt 0.573560 0.359702
vt 0.493319 0.259689
vt 0.513863 0.226989
vt 0.553554 0.282824
vt 0.586003 0.343775
vt 0.376947 -0.184492
vt 0.329845 -0.164278
vt 0.350871 -0.108696
vt 0.398388 -0.132750
vt 0.285434 -0.133506
vt 0.305072 -0.075625
vt 0.328429 -0.006799
vt 0.375418 -0.042376
vt 0.423001 -0.071013
vt 0.226286 0.221249
vt 0.191476 0.193636
vt 0.263881 0.259689
vt 0.297624 0.226989
vt 0.265231 0.181624
vt 0.222867 0.014201
vt 0.188549 0.068879
vt 0.204769 0.130052
vt 0.241769 0.080728
vt 0.364269 0.403169
vt 0.338428 0.359702
vt 0.384058 0.405839
vt 0.358482 0.343775
vt 0.112284 0.403169
vt 0.127994 0.405839
vt 0.596880 0.403169
vt 0.118109 0.343775
vt 0.100652 0.359702
vt 0.446416 0.221249
vt 0.398388 0.193636
vt 0.446416 -0.147016
vt 0.469698 -0.091745
vt 0.469698 0.181624
vt 0.244412 -0.092753
vt 0.262067 -0.034338
vt 0.207469 -0.042598
vt 0.283433 0.034636
vt 0.302524 0.307634
vt 0.329563 0.282824
vt 0.403110 0.384824
vt 0.387598 0.330799
vt 0.147698 0.384824
vt 0.145130 0.330799
vt 0.513863 -0.103787
vt 0.498673 -0.018055
vt 0.539893 -0.039158
vt 0.453572 0.009796
vt 0.311548 0.122638
vt 0.358358 0.081395
vt 0.267430 0.165630
vt 0.366875 0.265384
vt 0.342177 0.203987
vt 0.114540 0.282824
vt 0.148887 0.265384
vt 0.553554 -0.106649
vt 0.575439 -0.052698
vt 0.623683 0.079453
vt 0.406243 0.043342
vt 0.227569 0.208918
vt 0.173792 0.180934
vt 0.193439 0.250917
vt 0.781947 0.672838
vt 0.860790 0.672511
vt 0.858458 0.616424
vt 0.793559 0.595262
vt 0.887716 0.661078
vt 0.878209 0.595648
vt 0.613478 0.595648
vt 0.595861 0.616424
vt 0.528715 0.595262
vt 0.637383 0.661078
vt 0.610721 0.672511
vt 0.532152 0.672838
vt 0.757711 0.814494
vt 0.847270 0.805937
vt 0.856560 0.741041
vt 0.772099 0.747225
vt 0.890737 0.726582
vt 0.630793 0.741041
vt 0.546993 0.747225
vt 0.664848 0.726582
vt 0.695938 0.787800
vt 0.655161 0.805937
vt 0.566225 0.814494
vt 0.634079 0.573076
vt 0.631247 0.599459
vt 0.669389 0.623009
vt 0.655057 0.646233
vt 0.726310 0.758881
vt 0.764074 0.804587
vt 0.728359 0.838593
vt 0.752943 0.719997
vt 0.795391 0.758881
vt 0.475353 0.787800
vt 0.491544 0.758881
vt 0.448984 0.703966
vt 0.436163 0.726582
vt 0.505744 0.719997
vt 0.460115 0.673149
vt 0.422171 0.623009
vt 0.414656 0.646233
vt 0.914727 0.703966
vt 0.905192 0.646233
vt 0.688866 0.703966
vt 0.709778 0.673149
vt 0.590224 0.838593
vt 0.608766 0.787800
vt 0.556037 0.758881
vt 0.539345 0.804587
vt 0.893843 0.599459
vt 0.919722 0.623009
vt 0.898800 0.573076
vt 0.517385 0.672586
vt 0.469367 0.635896
vt 0.526043 0.618515
vt 0.476118 0.593171
vt 0.433566 0.566032
vt 0.429308 0.597323
vt 0.682540 0.597323
vt 0.727103 0.635896
vt 0.690783 0.566032
vt 0.739801 0.593171
vt 0.791038 0.618515
vt 0.774790 0.672586
vt 0.863669 0.725855
vt 0.884893 0.655220
vt 0.923442 0.664829
vt 0.900905 0.739825
vt 0.777555 0.739825
vt 0.789565 0.664829
vt 0.742189 0.668092
vt 0.729944 0.744556
vt 0.761411 0.805581
vt 0.713478 0.811602
vt 0.623976 0.725855
vt 0.569727 0.703135
vt 0.635296 0.655220
vt 0.579904 0.639559
vt 0.932675 0.597323
vt 0.912603 0.566062
vt 0.400503 0.539012
vt 0.403600 0.566062
vt 0.911593 0.539012
vt 0.646872 0.539012
vt 0.650006 0.566062
vt 0.821071 0.703135
vt 0.840180 0.639559
vt 0.835129 0.787800
vt 0.678074 0.739825
vt 0.661929 0.805581
vt 0.690083 0.664829
vt 0.697410 0.533406
vt 0.747807 0.546961
vt 0.801027 0.559833
vt 0.897950 0.578549
vt 0.937301 0.583442
vt 0.837403 0.578549
vt 0.796957 0.583442
vt 0.749713 0.585118
vt 0.642254 0.578549
vt 0.586164 0.570570
vt 0.531367 0.559833
vt 0.437239 0.533406
vt 0.409019 0.522432
vt 0.922762 0.522432
vt 0.660165 0.522432
vt 0.851925 0.570570
vt 0.697475 0.583442
vt 0.480394 0.546961
vt 0.406754 0.814939
vt 0.390072 0.747314
vt 0.247047 0.807969
vt 0.233018 0.742376
vt 0.223425 0.669590
vt 0.377694 0.670732
vt 0.633494 0.587728
vt 0.472172 0.593423
vt 0.468792 0.669590
vt 0.625837 0.670732
vt 0.613422 0.747314
vt 0.453837 0.742376
vt 0.434634 0.807969
vt 0.596692 0.814939
vt 0.370066 0.587728
vt 0.212039 0.593423
vt 0.095054 0.536135
vt 0.084102 0.520608
vt 0.548069 0.560130
vt 0.543150 0.530188
vt 0.576034 0.520608
vt 0.586589 0.536135
vt 0.441856 0.550668
vt 0.389051 0.557683
vt 0.448776 0.601802
vt 0.396661 0.616172
vt 0.346981 0.625738
vt 0.339305 0.562250
vt 0.253202 0.565513
vt 0.216438 0.564757
vt 0.259490 0.632752
vt 0.221763 0.631091
vt 0.061462 0.564757
vt 0.073660 0.631091
vt 0.106213 0.625738
vt 0.093977 0.562250
vt 0.183649 0.562250
vt 0.183093 0.550668
vt 0.237040 0.541162
vt 0.193601 0.601802
vt 0.245801 0.582538
vt 0.297964 0.560130
vt 0.290496 0.530188
vt 0.495132 0.541162
vt 0.500891 0.582538
vt 0.294035 0.564757
vt 0.301191 0.631091
vt 0.134744 0.557683
vt 0.146461 0.616172
vt 0.331244 0.520608
vt 0.346114 0.536135
vt 0.210925 0.651290
vt 0.259802 0.622208
vt 0.234575 0.697367
vt 0.279072 0.658378
vt 0.322142 0.614526
vt 0.307263 0.589553
vt 0.553951 0.589553
vt 0.509964 0.622208
vt 0.563486 0.614526
vt 0.522276 0.658378
vt 0.475079 0.697367
vt 0.460020 0.651290
vt 0.359642 0.688869
vt 0.313182 0.697634
vt 0.376947 0.749301
vt 0.329845 0.761907
vt 0.285434 0.766029
vt 0.270205 0.700451
vt 0.126729 0.688869
vt 0.165919 0.673579
vt 0.155317 0.749301
vt 0.192742 0.727857
vt 0.342828 0.561583
vt 0.360738 0.568805
vt 0.107488 0.568805
vt 0.093845 0.561583
vt 0.583445 0.561583
vt 0.595851 0.568805
vt 0.409104 0.673579
vt 0.425900 0.727857
vt 0.231006 0.697634
vt 0.244412 0.761907
vt 0.094308 0.697634
vt 0.123387 0.761907
vt 0.573560 0.637943
vt 0.536947 0.690011
vt 0.586003 0.653870
vt 0.553554 0.714821
vt 0.513863 0.770656
vt 0.493319 0.737956
vt 0.191476 0.804009
vt 0.226286 0.776396
vt 0.265231 0.816021
vt 0.297624 0.770656
vt 0.263881 0.737956
vt 0.338428 0.637943
vt 0.364269 0.594476
vt 0.358482 0.653870
vt 0.384058 0.591807
vt 0.127994 0.591807
vt 0.112284 0.594476
vt 0.118109 0.653870
vt 0.100652 0.637943
vt 0.596880 0.594476
vt 0.446416 0.776396
vt 0.469698 0.816021
vt 0.398388 0.804009
vt 0.302524 0.690011
vt 0.329563 0.714821
vt 0.387598 0.666846
vt 0.403110 0.612821
vt 0.147698 0.612821
vt 0.145130 0.666846
vt 0.342177 0.793658
vt 0.366875 0.732262
vt 0.148887 0.732262
vt 0.114540 0.714821
s 1
usemtl Glass
f 3503/1406/3499 3632/1407/3500 3901/1408/3501 3639/1409/3502
f 3632/1407/3500 3502/1410/3503 3640/1411/3504 3901/1408/3501
f 3901/1408/3501 3640/1411/3504 3508/1412/3505 3636/1413/3506
f 3639/1409/3502 3901/1408/3501 3636/1413/3506 3509/1414/3507
f 3501/1415/3508 3630/1416/3509 3902/1417/3510 3641/1418/3511
f 3630/1416/3509 3500/1419/3512 3642/1420/3513 3902/1417/3510
f 3902/1417/3510 3642/1420/3513 3506/1421/3514 3634/1422/3515
f 3641/1418/3511 3902/1417/3510 3634/1422/3515 3507/1423/3516
f 3499/1424/3517 3684/1425/3518 3903/1426/3519 3643/1427/3520
f 3534/1428/3521 3688/1429/3522 3903/1426/3519 3684/1425/3518
f 3505/1430/3523 3643/1427/3520 3903/1426/3519 3688/1429/3522
f 3533/1431/3524 3687/1432/3525 3904/1433/3526 3689/1434/3527
f 3504/1435/3528 3644/1436/3529 3904/1433/3526 3687/1432/3525
f 3511/1437/3530 3689/1434/3527 3904/1433/3526 3644/1436/3529
f 3535/1438/3531 3685/1439/3532 3905/1440/3533 3690/1441/3534
f 3685/1439/3532 3503/1406/3499 3639/1409/3502 3905/1440/3533
f 3905/1440/3533 3639/1409/3502 3509/1414/3507 3637/1442/3535
f 3690/1441/3534 3905/1440/3533 3637/1442/3535 3510/1443/3536
f 3502/1410/3503 3631/1444/3537 3906/1445/3538 3640/1411/3504
f 3631/1444/3537 3501/1415/3508 3641/1418/3511 3906/1445/3538
f 3906/1445/3538 3641/1418/3511 3507/1423/3516 3635/1446/3539
f 3640/1411/3504 3906/1445/3538 3635/1446/3539 3508/1412/3505
f 3500/1447/3512 3629/1448/3540 3907/1449/3541 3642/1450/3513
f 3629/1448/3540 3499/1424/3517 3643/1427/3520 3907/1449/3541
f 3907/1449/3541 3643/1427/3520 3505/1430/3523 3633/1451/3542
f 3642/1420/3513 3907/1452/3541 3633/1453/3542 3506/1421/3514
f 3504/1435/3528 3686/1454/3543 3908/1455/3544 3644/1436/3529
f 3686/1454/3543 3535/1456/3531 3690/1457/3534 3908/1455/3544
f 3908/1455/3544 3690/1457/3534 3510/1458/3536 3638/1459/3545
f 3644/1436/3529 3908/1455/3544 3638/1459/3545 3511/1437/3530
f 3533/1431/3524 3689/1434/3527 3909/1460/3546 3692/1461/3547
f 3511/1437/3530 3651/1462/3548 3909/1460/3546 3689/1434/3527
f 3518/1463/3549 3692/1461/3547 3909/1460/3546 3651/1462/3548
f 3510/1458/3536 3637/1464/3535 3910/1465/3550 3652/1466/3551
f 3637/1442/3535 3509/1414/3507 3653/1467/3552 3910/1468/3550
f 3910/1468/3550 3653/1467/3552 3516/1469/3553 3649/1470/3554
f 3652/1466/3551 3910/1465/3550 3649/1471/3554 3517/1472/3555
f 3508/1412/3505 3635/1446/3539 3911/1473/3556 3654/1474/3557
f 3635/1446/3539 3507/1423/3516 3655/1475/3558 3911/1473/3556
f 3911/1473/3556 3655/1475/3558 3514/1476/3559 3647/1477/3560
f 3654/1474/3557 3911/1473/3556 3647/1477/3560 3515/1478/3561
f 3506/1479/3514 3633/1480/3542 3912/1481/3562 3656/1482/3563
f 3633/1451/3542 3505/1430/3523 3657/1483/3564 3912/1484/3562
f 3912/1481/3562 3657/1485/3564 3512/1486/3565 3645/1487/3566
f 3656/1482/3563 3912/1481/3562 3645/1487/3566 3513/1488/3567
f 3511/1437/3530 3638/1459/3545 3913/1489/3568 3651/1462/3548
f 3638/1459/3545 3510/1458/3536 3652/1466/3551 3913/1489/3568
f 3913/1489/3568 3652/1466/3551 3517/1472/3555 3650/1490/3569
f 3651/1462/3548 3913/1489/3568 3650/1490/3569 3518/1463/3549
f 3509/1414/3507 3636/1413/3506 3914/1491/3570 3653/1467/3552
f 3636/1413/3506 3508/1412/3505 3654/1474/3557 3914/1491/3570
f 3914/1491/3570 3654/1474/3557 3515/1478/3561 3648/1492/3571
f 3653/1467/3552 3914/1491/3570 3648/1492/3571 3516/1469/3553
f 3507/1423/3516 3634/1422/3515 3915/1493/3572 3655/1475/3558
f 3634/1422/3515 3506/1421/3514 3656/1494/3563 3915/1493/3572
f 3915/1495/3572 3656/1482/3563 3513/1488/3567 3646/1496/3573
f 3655/1497/3558 3915/1495/3572 3646/1496/3573 3514/1498/3559
f 3505/1430/3523 3688/1429/3522 3916/1499/3574 3657/1483/3564
f 3534/1428/3521 3691/1500/3575 3916/1499/3574 3688/1429/3522
f 3512/1501/3565 3657/1483/3564 3916/1499/3574 3691/1500/3575
f 3513/1488/3567 3645/1487/3566 3917/1502/3576 3664/1503/3577
f 3645/1487/3566 3512/1486/3565 3665/1504/3578 3917/1502/3576
f 3917/1502/3576 3665/1504/3578 3519/1505/3579 3658/1506/3580
f 3664/1503/3577 3917/1502/3576 3658/1506/3580 3520/1507/3581
f 3518/1463/3549 3650/1490/3569 3918/1508/3582 3666/1509/3583
f 3650/1490/3569 3517/1472/3555 3667/1510/3584 3918/1508/3582
f 3918/1508/3582 3667/1510/3584 3524/1511/3585 3663/1512/3586
f 3666/1509/3583 3918/1508/3582 3663/1512/3586 3525/1513/3587
f 3516/1469/3553 3648/1492/3571 3919/1514/3588 3668/1515/3589
f 3648/1516/3571 3515/1517/3561 3669/1518/3590 3919/1519/3588
f 3919/1519/3588 3669/1518/3590 3522/1520/3591 3661/1521/3592
f 3668/1522/3589 3919/1523/3588 3661/1524/3592 3523/1525/3593
f 3514/1498/3559 3646/1496/3573 3920/1526/3594 3670/1527/3595
f 3646/1496/3573 3513/1488/3567 3664/1503/3577 3920/1526/3594
f 3920/1526/3594 3664/1503/3577 3520/1507/3581 3659/1528/3596
f 3670/1527/3595 3920/1526/3594 3659/1528/3596 3521/1529/3597
f 3512/1501/3565 3691/1500/3575 3921/1530/3598 3665/1531/3578
f 3534/1428/3521 3693/1532/3599 3921/1530/3598 3691/1500/3575
f 3519/1505/3579 3665/1504/3578 3921/1533/3598 3693/1534/3599
f 3533/1431/3524 3692/1461/3547 3922/1535/3600 3694/1536/3601
f 3518/1463/3549 3666/1509/3583 3922/1535/3600 3692/1461/3547
f 3525/1513/3587 3694/1536/3601 3922/1535/3600 3666/1509/3583
f 3517/1472/3555 3649/1471/3554 3923/1537/3602 3667/1510/3584
f 3649/1471/3554 3516/1538/3553 3668/1522/3589 3923/1537/3602
f 3923/1537/3602 3668/1522/3589 3523/1525/3593 3662/1539/3603
f 3667/1510/3584 3923/1537/3602 3662/1539/3603 3524/1511/3585
f 3515/1517/3561 3647/1540/3560 3924/1541/3604 3669/1518/3590
f 3647/1540/3560 3514/1498/3559 3670/1527/3595 3924/1541/3604
f 3924/1541/3604 3670/1527/3595 3521/1529/3597 3660/1542/3605
f 3669/1518/3590 3924/1541/3604 3660/1542/3605 3522/1520/3591
f 3525/1513/3587 3663/1512/3586 3925/1543/3606 3677/1544/3607
f 3663/1512/3586 3524/1511/3585 3678/1545/3608 3925/1543/3606
f 3925/1543/3606 3678/1545/3608 3531/1546/3609 3676/1547/3610
f 3677/1544/3607 3925/1543/3606 3676/1547/3610 3532/1548/3611
f 3523/1525/3593 3661/1524/3592 3926/1549/3612 3679/1550/3613
f 3661/1521/3592 3522/1520/3591 3680/1551/3614 3926/1552/3612
f 3926/1552/3612 3680/1551/3614 3529/1553/3615 3674/1554/3616
f 3679/1555/3613 3926/1552/3612 3674/1554/3616 3530/1556/3617
f 3521/1529/3597 3659/1528/3596 3927/1557/3618 3681/1558/3619
f 3659/1528/3596 3520/1507/3581 3682/1559/3620 3927/1557/3618
f 3927/1557/3618 3682/1559/3620 3527/1560/3621 3672/1561/3622
f 3681/1558/3619 3927/1557/3618 3672/1561/3622 3528/1562/3623
f 3519/1505/3579 3693/1534/3599 3928/1563/3624 3683/1564/3625
f 3534/1428/3521 3695/1565/3626 3928/1566/3624 3693/1532/3599
f 3526/1567/3627 3683/1564/3625 3928/1563/3624 3695/1568/3626
f 3533/1431/3524 3694/1536/3601 3929/1569/3628 3696/1570/3629
f 3525/1513/3587 3677/1544/3607 3929/1569/3628 3694/1536/3601
f 3532/1548/3611 3696/1570/3629 3929/1569/3628 3677/1544/3607
f 3524/1511/3585 3662/1539/3603 3930/1571/3630 3678/1545/3608
f 3662/1539/3603 3523/1525/3593 3679/1550/3613 3930/1571/3630
f 3930/1571/3630 3679/1550/3613 3530/1572/3617 3675/1573/3631
f 3678/1545/3608 3930/1571/3630 3675/1573/3631 3531/1546/3609
f 3522/1520/3591 3660/1542/3605 3931/1574/3632 3680/1551/3614
f 3660/1542/3605 3521/1529/3597 3681/1558/3619 3931/1574/3632
f 3931/1574/3632 3681/1558/3619 3528/1562/3623 3673/1575/3633
f 3680/1551/3614 3931/1574/3632 3673/1575/3633 3529/1553/3615
f 3520/1507/3581 3658/1506/3580 3932/1576/3634 3682/1559/3620
f 3658/1506/3580 3519/1505/3579 3683/1564/3625 3932/1576/3634
f 3932/1576/3634 3683/1564/3625 3526/1567/3627 3671/1577/3635
f 3682/1559/3620 3932/1576/3634 3671/1577/3635 3527/1560/3621
f 3535/1456/3531 3686/1454/3543 3933/1578/3636 3698/1579/3637
f 3686/1454/3543 3504/1435/3528 3704/1580/3638 3933/1578/3636
f 3933/1578/3636 3704/1580/3638 3541/1581/3639 3758/1582/3640
f 3698/1579/3637 3933/1578/3636 3758/1582/3640 3572/1583/3641
f 3502/1410/3503 3632/1407/3500 3934/1584/3642 3699/1585/3643
f 3632/1407/3500 3503/1406/3499 3697/1586/3644 3934/1584/3642
f 3934/1584/3642 3697/1586/3644 3540/1587/3645 3709/1588/3646
f 3699/1585/3643 3934/1584/3642 3709/1588/3646 3539/1589/3647
f 3503/1406/3499 3685/1439/3532 3935/1590/3648 3697/1586/3644
f 3685/1439/3532 3535/1438/3531 3698/1591/3637 3935/1590/3648
f 3935/1590/3648 3698/1591/3637 3572/1592/3641 3757/1593/3649
f 3697/1586/3644 3935/1590/3648 3757/1593/3649 3540/1587/3645
f 3501/1415/3508 3631/1444/3537 3936/1594/3650 3700/1595/3651
f 3631/1444/3537 3502/1410/3503 3699/1585/3643 3936/1594/3650
f 3936/1594/3650 3699/1585/3643 3539/1589/3647 3708/1596/3652
f 3700/1595/3651 3936/1594/3650 3708/1596/3652 3538/1597/3653
f 3534/1428/3521 3684/1425/3518 3937/1598/3654 3703/1599/3655
f 3684/1425/3518 3499/1424/3517 3701/1600/3656 3937/1598/3654
f 3937/1598/3654 3701/1600/3656 3536/1601/3657 3756/1602/3658
f 3703/1599/3655 3937/1598/3654 3756/1602/3658 3543/1603/3659
f 3500/1419/3512 3630/1416/3509 3938/1604/3660 3702/1605/3661
f 3630/1416/3509 3501/1415/3508 3700/1595/3651 3938/1604/3660
f 3938/1604/3660 3700/1595/3651 3538/1597/3653 3707/1606/3662
f 3702/1605/3661 3938/1604/3660 3707/1606/3662 3537/1607/3663
f 3499/1424/3517 3629/1448/3540 3939/1608/3664 3701/1600/3656
f 3629/1448/3540 3500/1447/3512 3702/1609/3661 3939/1608/3664
f 3939/1608/3664 3702/1609/3661 3537/1610/3663 3706/1611/3665
f 3701/1600/3656 3939/1608/3664 3706/1611/3665 3536/1601/3657
f 3504/1435/3528 3687/1432/3525 3940/1612/3666 3704/1580/3638
f 3687/1432/3525 3533/1431/3524 3705/1613/3667 3940/1612/3666
f 3940/1612/3666 3705/1613/3667 3542/1614/3668 3759/1615/3669
f 3704/1580/3638 3940/1612/3666 3759/1615/3669 3541/1581/3639
f 3542/1614/3668 3761/1616/3670 3941/1617/3671 3763/1618/3672
f 3550/1619/3673 3722/1620/3674 3941/1621/3671 3761/1622/3670
f 3557/1623/3675 3763/1624/3672 3941/1621/3671 3722/1620/3674
f 3549/1625/3676 3714/1626/3677 3942/1627/3678 3723/1628/3679
f 3714/1626/3677 3548/1629/3680 3724/1630/3681 3942/1627/3678
f 3942/1627/3678 3724/1630/3681 3555/1631/3682 3720/1632/3683
f 3723/1628/3679 3942/1627/3678 3720/1632/3683 3556/1633/3684
f 3547/1634/3685 3712/1635/3686 3943/1636/3687 3725/1637/3688
f 3712/1635/3686 3546/1638/3689 3726/1639/3690 3943/1636/3687
f 3943/1640/3687 3726/1641/3690 3553/1642/3691 3718/1643/3692
f 3725/1637/3688 3943/1636/3687 3718/1644/3692 3554/1645/3693
f 3545/1646/3694 3710/1647/3695 3944/1648/3696 3727/1649/3697
f 3710/1647/3695 3544/1650/3698 3728/1651/3699 3944/1648/3696
f 3944/1648/3696 3728/1651/3699 3551/1652/3700 3716/1653/3701
f 3727/1649/3697 3944/1648/3696 3716/1653/3701 3552/1654/3702
f 3550/1619/3673 3715/1655/3703 3945/1656/3704 3722/1620/3674
f 3715/1655/3703 3549/1625/3676 3723/1628/3679 3945/1656/3704
f 3945/1656/3704 3723/1628/3679 3556/1633/3684 3721/1657/3705
f 3722/1620/3674 3945/1656/3704 3721/1657/3705 3557/1623/3675
f 3548/1629/3680 3713/1658/3706 3946/1659/3707 3724/1630/3681
f 3713/1658/3706 3547/1634/3685 3725/1637/3688 3946/1659/3707
f 3946/1659/3707 3725/1637/3688 3554/1645/3693 3719/1660/3708
f 3724/1630/3681 3946/1659/3707 3719/1660/3708 3555/1631/3682
f 3546/1661/3689 3711/1662/3709 3947/1663/3710 3726/1641/3690
f 3711/1662/3709 3545/1646/3694 3727/1649/3697 3947/1663/3710
f 3947/1663/3710 3727/1649/3697 3552/1654/3702 3717/1664/3711
f 3726/1641/3690 3947/1663/3710 3717/1664/3711 3553/1642/3691
f 3544/1650/3698 3760/1665/3712 3948/1666/3713 3728/1651/3699
f 3543/1603/3659 3762/1667/3714 3948/1666/3713 3760/1665/3712
f 3551/1652/3700 3728/1651/3699 3948/1666/3713 3762/1667/3714
f 3552/1654/3702 3716/1653/3701 3949/1668/3715 3735/1669/3716
f 3716/1653/3701 3551/1652/3700 3736/1670/3717 3949/1668/3715
f 3949/1668/3715 3736/1670/3717 3558/1671/3718 3729/1672/3719
f 3735/1669/3716 3949/1668/3715 3729/1672/3719 3559/1673/3720
f 3557/1623/3675 3721/1657/3705 3950/1674/3721 3737/1675/3722
f 3721/1657/3705 3556/1633/3684 3738/1676/3723 3950/1674/3721
f 3950/1674/3721 3738/1676/3723 3563/1677/3724 3734/1678/3725
f 3737/1675/3722 3950/1674/3721 3734/1678/3725 3564/1679/3726
f 3555/1631/3682 3719/1660/3708 3951/1680/3727 3739/1681/3728
f 3719/1660/3708 3554/1645/3693 3740/1682/3729 3951/1680/3727
f 3951/1680/3727 3740/1682/3729 3561/1683/3730 3732/1684/3731
f 3739/1681/3728 3951/1680/3727 3732/1684/3731 3562/1685/3732
f 3553/1642/3691 3717/1664/3711 3952/1686/3733 3741/1687/3734
f 3717/1664/3711 3552/1654/3702 3735/1669/3716 3952/1686/3733
f 3952/1686/3733 3735/1669/3716 3559/1673/3720 3730/1688/3735
f 3741/1687/3734 3952/1686/3733 3730/1688/3735 3560/1689/3736
f 3551/1652/3700 3762/1667/3714 3953/1690/3737 3736/1670/3717
f 3543/1603/3659 3764/1691/3738 3953/1690/3737 3762/1667/3714
f 3558/1671/3718 3736/1670/3717 3953/1690/3737 3764/1691/3738
f 3542/1614/3668 3763/1618/3672 3954/1692/3739 3765/1693/3740
f 3557/1623/3675 3737/1675/3722 3954/1694/3739 3763/1624/3672
f 3564/1679/3726 3765/1695/3740 3954/1694/3739 3737/1675/3722
f 3556/1633/3684 3720/1632/3683 3955/1696/3741 3738/1676/3723
f 3720/1632/3683 3555/1631/3682 3739/1681/3728 3955/1696/3741
f 3955/1696/3741 3739/1681/3728 3562/1685/3732 3733/1697/3742
f 3738/1676/3723 3955/1696/3741 3733/1697/3742 3563/1677/3724
f 3554/1645/3693 3718/1644/3692 3956/1698/3743 3740/1682/3729
f 3718/1643/3692 3553/1642/3691 3741/1687/3734 3956/1699/3743
f 3956/1699/3743 3741/1687/3734 3560/1689/3736 3731/1700/3744
f 3740/1682/3729 3956/1698/3743 3731/1701/3744 3561/1683/3730
f 3564/1679/3726 3734/1678/3725 3957/1702/3745 3748/1703/3746
f 3734/1678/3725 3563/1677/3724 3749/1704/3747 3957/1702/3745
f 3957/1702/3745 3749/1704/3747 3570/1705/3748 3747/1706/3749
f 3748/1703/3746 3957/1702/3745 3747/1706/3749 3571/1707/3750
f 3562/1708/3732 3732/1709/3731 3958/1710/3751 3750/1711/3752
f 3732/1709/3731 3561/1712/3730 3751/1713/3753 3958/1710/3751
f 3958/1710/3751 3751/1713/3753 3568/1714/3754 3745/1715/3755
f 3750/1711/3752 3958/1710/3751 3745/1715/3755 3569/1716/3756
f 3560/1689/3736 3730/1688/3735 3959/1717/3757 3752/1718/3758
f 3730/1688/3735 3559/1673/3720 3753/1719/3759 3959/1717/3757
f 3959/1717/3757 3753/1719/3759 3566/1720/3760 3743/1721/3761
f 3752/1722/3758 3959/1723/3757 3743/1724/3761 3567/1725/3762
f 3558/1671/3718 3764/1691/3738 3960/1726/3763 3754/1727/3764
f 3543/1603/3659 3766/1728/3765 3960/1726/3763 3764/1691/3738
f 3565/1729/3766 3754/1727/3764 3960/1726/3763 3766/1728/3765
f 3542/1614/3668 3765/1693/3740 3961/1730/3767 3767/1731/3768
f 3564/1679/3726 3748/1703/3746 3961/1732/3767 3765/1695/3740
f 3571/1733/3750 3767/1731/3768 3961/1730/3767 3748/1734/3746
f 3563/1677/3724 3733/1697/3742 3962/1735/3769 3749/1704/3747
f 3733/1697/3742 3562/1685/3732 3750/1736/3752 3962/1735/3769
f 3962/1737/3769 3750/1711/3752 3569/1716/3756 3746/1738/3770
f 3749/1704/3747 3962/1735/3769 3746/1739/3770 3570/1705/3748
f 3561/1712/3730 3731/1740/3744 3963/1741/3771 3751/1713/3753
f 3731/1740/3744 3560/1742/3736 3752/1722/3758 3963/1741/3771
f 3963/1741/3771 3752/1722/3758 3567/1725/3762 3744/1743/3772
f 3751/1713/3753 3963/1741/3771 3744/1743/3772 3568/1714/3754
f 3559/1673/3720 3729/1672/3719 3964/1744/3773 3753/1719/3759
f 3729/1672/3719 3558/1671/3718 3754/1727/3764 3964/1744/3773
f 3964/1744/3773 3754/1727/3764 3565/1729/3766 3742/1745/3774
f 3753/1719/3759 3964/1744/3773 3742/1745/3774 3566/1720/3760
f 3565/1729/3766 3766/1728/3765 3965/1746/3775 3768/1747/3776
f 3543/1603/3659 3756/1602/3658 3965/1746/3775 3766/1728/3765
f 3536/1601/3657 3768/1747/3776 3965/1746/3775 3756/1602/3658
f 3542/1614/3668 3767/1731/3768 3966/1748/3777 3759/1615/3669
f 3571/1733/3750 3769/1749/3778 3966/1748/3777 3767/1731/3768
f 3541/1581/3639 3759/1615/3669 3966/1748/3777 3769/1749/3778
f 3570/1750/3748 3746/1738/3770 3967/1751/3779 3755/1752/3780
f 3746/1738/3770 3569/1716/3756 3770/1753/3781 3967/1751/3779
f 3967/1751/3779 3770/1753/3781 3540/1587/3645 3757/1593/3649
f 3755/1752/3780 3967/1751/3779 3757/1593/3649 3572/1592/3641
f 3568/1714/3754 3744/1743/3772 3968/1754/3782 3771/1755/3783
f 3744/1743/3772 3567/1725/3762 3772/1756/3784 3968/1754/3782
f 3968/1754/3782 3772/1756/3784 3538/1597/3653 3708/1596/3652
f 3771/1755/3783 3968/1754/3782 3708/1596/3652 3539/1589/3647
f 3566/1720/3760 3742/1745/3774 3969/1757/3785 3773/1758/3786
f 3742/1745/3774 3565/1729/3766 3768/1747/3776 3969/1757/3785
f 3969/1757/3785 3768/1747/3776 3536/1601/3657 3706/1611/3665
f 3773/1758/3786 3969/1757/3785 3706/1611/3665 3537/1610/3663
f 3571/1733/3750 3747/1759/3749 3970/1760/3787 3769/1749/3778
f 3747/1761/3749 3570/1750/3748 3755/1752/3780 3970/1762/3787
f 3970/1762/3787 3755/1752/3780 3572/1592/3641 3758/1763/3640
f 3769/1749/3778 3970/1760/3787 3758/1582/3640 3541/1581/3639
f 3569/1716/3756 3745/1715/3755 3971/1764/3788 3770/1753/3781
f 3745/1715/3755 3568/1714/3754 3771/1755/3783 3971/1764/3788
f 3971/1764/3788 3771/1755/3783 3539/1589/3647 3709/1588/3646
f 3770/1753/3781 3971/1764/3788 3709/1588/3646 3540/1587/3645
f 3567/1725/3762 3743/1724/3761 3972/1765/3789 3772/1756/3784
f 3743/1724/3761 3566/1766/3760 3773/1767/3786 3972/1765/3789
f 3972/1765/3789 3773/1767/3786 3537/1607/3663 3707/1606/3662
f 3772/1756/3784 3972/1765/3789 3707/1606/3662 3538/1597/3653
f 3577/1406/3790 3784/1409/3791 3973/1408/3792 3777/1407/3793
f 3784/1409/3791 3583/1414/3794 3781/1413/3795 3973/1408/3792
f 3973/1408/3792 3781/1413/3795 3582/1412/3796 3785/1411/3797
f 3777/1407/3793 3973/1408/3792 3785/1411/3797 3576/1410/3798
f 3575/1415/3799 3786/1418/3800 3974/1417/3801 3775/1416/3802
f 3786/1418/3800 3581/1423/3803 3779/1422/3804 3974/1417/3801
f 3974/1417/3801 3779/1422/3804 3580/1421/3805 3787/1420/3806
f 3775/1416/3802 3974/1417/3801 3787/1420/3806 3574/1419/3807
f 3573/1768/3808 3788/1769/3809 3975/1770/3810 3823/1771/3811
f 3579/1772/3812 3827/1773/3813 3975/1770/3810 3788/1769/3809
f 3534/1428/3521 3823/1771/3811 3975/1770/3810 3827/1773/3813
f 3533/1431/3524 3828/1774/3814 3976/1775/3815 3826/1776/3816
f 3585/1777/3817 3789/1778/3818 3976/1775/3815 3828/1774/3814
f 3578/1779/3819 3826/1776/3816 3976/1775/3815 3789/1778/3818
f 3600/1438/3820 3829/1441/3821 3977/1440/3822 3824/1439/3823
f 3829/1441/3821 3584/1443/3824 3782/1442/3825 3977/1440/3822
f 3977/1440/3822 3782/1442/3825 3583/1414/3794 3784/1409/3791
f 3824/1439/3823 3977/1440/3822 3784/1409/3791 3577/1406/3790
f 3576/1410/3798 3785/1411/3797 3978/1445/3826 3776/1444/3827
f 3785/1411/3797 3582/1412/3796 3780/1446/3828 3978/1445/3826
f 3978/1445/3826 3780/1446/3828 3581/1423/3803 3786/1418/3800
f 3776/1444/3827 3978/1445/3826 3786/1418/3800 3575/1415/3799
f 3574/1780/3807 3787/1781/3806 3979/1782/3829 3774/1783/3830
f 3787/1420/3806 3580/1421/3805 3778/1453/3831 3979/1452/3829
f 3979/1782/3829 3778/1784/3831 3579/1772/3812 3788/1769/3809
f 3774/1783/3830 3979/1782/3829 3788/1769/3809 3573/1768/3808
f 3578/1779/3819 3789/1778/3818 3980/1785/3832 3825/1786/3833
f 3789/1778/3818 3585/1777/3817 3783/1787/3834 3980/1785/3832
f 3980/1785/3832 3783/1787/3834 3584/1788/3824 3829/1789/3821
f 3825/1786/3833 3980/1785/3832 3829/1789/3821 3600/1790/3820
f 3533/1431/3524 3831/1791/3835 3981/1792/3836 3828/1774/3814
f 3592/1793/3837 3796/1794/3838 3981/1792/3836 3831/1791/3835
f 3585/1777/3817 3828/1774/3814 3981/1792/3836 3796/1794/3838
f 3584/1788/3824 3797/1795/3839 3982/1796/3840 3782/1797/3825
f 3797/1795/3839 3591/1798/3841 3794/1799/3842 3982/1796/3840
f 3982/1468/3840 3794/1470/3842 3590/1469/3843 3798/1467/3844
f 3782/1442/3825 3982/1468/3840 3798/1467/3844 3583/1414/3794
f 3582/1412/3796 3799/1474/3845 3983/1473/3846 3780/1446/3828
f 3799/1474/3845 3589/1478/3847 3792/1477/3848 3983/1473/3846
f 3983/1473/3846 3792/1477/3848 3588/1476/3849 3800/1475/3850
f 3780/1446/3828 3983/1473/3846 3800/1475/3850 3581/1423/3803
f 3580/1800/3805 3801/1801/3851 3984/1802/3852 3778/1803/3831
f 3801/1801/3851 3587/1804/3853 3790/1805/3854 3984/1802/3852
f 3984/1802/3852 3790/1805/3854 3586/1806/3855 3802/1807/3856
f 3778/1784/3831 3984/1808/3852 3802/1809/3856 3579/1772/3812
f 3585/1777/3817 3796/1794/3838 3985/1810/3857 3783/1787/3834
f 3796/1794/3838 3592/1793/3837 3795/1811/3858 3985/1810/3857
f 3985/1810/3857 3795/1811/3858 3591/1798/3841 3797/1795/3839
f 3783/1787/3834 3985/1810/3857 3797/1795/3839 3584/1788/3824
f 3583/1414/3794 3798/1467/3844 3986/1491/3859 3781/1413/3795
f 3798/1467/3844 3590/1469/3843 3793/1492/3860 3986/1491/3859
f 3986/1491/3859 3793/1492/3860 3589/1478/3847 3799/1474/3845
f 3781/1413/3795 3986/1491/3859 3799/1474/3845 3582/1412/3796
f 3581/1423/3803 3800/1475/3850 3987/1493/3861 3779/1422/3804
f 3800/1812/3850 3588/1813/3849 3791/1814/3862 3987/1815/3861
f 3987/1815/3861 3791/1814/3862 3587/1804/3853 3801/1801/3851
f 3779/1422/3804 3987/1493/3861 3801/1494/3851 3580/1421/3805
f 3579/1772/3812 3802/1809/3856 3988/1816/3863 3827/1773/3813
f 3586/1817/3855 3830/1818/3864 3988/1816/3863 3802/1809/3856
f 3534/1428/3521 3827/1773/3813 3988/1816/3863 3830/1818/3864
f 3587/1804/3853 3809/1819/3865 3989/1820/3866 3790/1805/3854
f 3809/1819/3865 3594/1821/3867 3803/1822/3868 3989/1820/3866
f 3989/1820/3866 3803/1822/3868 3593/1823/3869 3810/1824/3870
f 3790/1805/3854 3989/1820/3866 3810/1824/3870 3586/1806/3855
f 3592/1793/3837 3811/1825/3871 3990/1826/3872 3795/1811/3858
f 3811/1825/3871 3599/1827/3873 3808/1828/3874 3990/1826/3872
f 3990/1826/3872 3808/1828/3874 3598/1829/3875 3812/1830/3876
f 3795/1811/3858 3990/1826/3872 3812/1830/3876 3591/1798/3841
f 3590/1469/3843 3813/1515/3877 3991/1514/3878 3793/1492/3860
f 3813/1831/3877 3597/1832/3879 3806/1833/3880 3991/1834/3878
f 3991/1835/3878 3806/1836/3880 3596/1837/3881 3814/1838/3882
f 3793/1839/3860 3991/1835/3878 3814/1838/3882 3589/1840/3847
f 3588/1813/3849 3815/1841/3883 3992/1842/3884 3791/1814/3862
f 3815/1841/3883 3595/1843/3885 3804/1844/3886 3992/1842/3884
f 3992/1842/3884 3804/1844/3886 3594/1821/3867 3809/1819/3865
f 3791/1814/3862 3992/1842/3884 3809/1819/3865 3587/1804/3853
f 3586/1817/3855 3810/1845/3870 3993/1846/3887 3830/1818/3864
f 3593/1823/3869 3832/1847/3888 3993/1848/3887 3810/1824/3870
f 3534/1428/3521 3830/1818/3864 3993/1846/3887 3832/1849/3888
f 3533/1431/3524 3833/1850/3889 3994/1851/3890 3831/1791/3835
f 3599/1827/3873 3811/1825/3871 3994/1851/3890 3833/1850/3889
f 3592/1793/3837 3831/1791/3835 3994/1851/3890 3811/1825/3871
f 3591/1798/3841 3812/1830/3876 3995/1852/3891 3794/1799/3842
f 3812/1830/3876 3598/1829/3875 3807/1853/3892 3995/1852/3891
f 3995/1852/3891 3807/1853/3892 3597/1832/3879 3813/1831/3877
f 3794/1799/3842 3995/1852/3891 3813/1831/3877 3590/1854/3843
f 3589/1840/3847 3814/1838/3882 3996/1855/3893 3792/1856/3848
f 3814/1838/3882 3596/1837/3881 3805/1857/3894 3996/1855/3893
f 3996/1855/3893 3805/1857/3894 3595/1843/3885 3815/1841/3883
f 3792/1856/3848 3996/1855/3893 3815/1841/3883 3588/1813/3849
f 3599/1827/3873 3816/1858/3895 3997/1859/3896 3808/1828/3874
f 3816/1858/3895 3532/1548/3611 3676/1547/3610 3997/1859/3896
f 3997/1859/3896 3676/1547/3610 3531/1546/3609 3817/1860/3897
f 3808/1828/3874 3997/1859/3896 3817/1860/3897 3598/1829/3875
f 3597/1832/3879 3818/1861/3898 3998/1862/3899 3806/1833/3880
f 3818/1863/3898 3530/1556/3617 3674/1554/3616 3998/1864/3899
f 3998/1864/3899 3674/1554/3616 3529/1553/3615 3819/1865/3900
f 3806/1836/3880 3998/1864/3899 3819/1865/3900 3596/1837/3881
f 3595/1843/3885 3820/1866/3901 3999/1867/3902 3804/1844/3886
f 3820/1866/3901 3528/1562/3623 3672/1561/3622 3999/1867/3902
f 3999/1867/3902 3672/1561/3622 3527/1560/3621 3821/1868/3903
f 3804/1844/3886 3999/1867/3902 3821/1868/3903 3594/1821/3867
f 3593/1823/3869 3822/1869/3904 4000/1870/3905 3832/1847/3888
f 3526/1567/3627 3695/1568/3626 4000/1870/3905 3822/1869/3904
f 3534/1428/3521 3832/1849/3888 4000/1871/3905 3695/1565/3626
f 3533/1431/3524 3696/1570/3629 4001/1872/3906 3833/1850/3889
f 3532/1548/3611 3816/1858/3895 4001/1872/3906 3696/1570/3629
f 3599/1827/3873 3833/1850/3889 4001/1872/3906 3816/1858/3895
f 3598/1829/3875 3817/1860/3897 4002/1873/3907 3807/1853/3892
f 3817/1860/3897 3531/1546/3609 3675/1573/3631 4002/1873/3907
f 4002/1873/3907 3675/1573/3631 3530/1572/3617 3818/1861/3898
f 3807/1853/3892 4002/1873/3907 3818/1861/3898 3597/1832/3879
f 3596/1837/3881 3819/1865/3900 4003/1874/3908 3805/1857/3894
f 3819/1865/3900 3529/1553/3615 3673/1575/3633 4003/1874/3908
f 4003/1874/3908 3673/1575/3633 3528/1562/3623 3820/1866/3901
f 3805/1857/3894 4003/1874/3908 3820/1866/3901 3595/1843/3885
f 3594/1821/3867 3821/1868/3903 4004/1875/3909 3803/1822/3868
f 3821/1868/3903 3527/1560/3621 3671/1577/3635 4004/1875/3909
f 4004/1875/3909 3671/1577/3635 3526/1567/3627 3822/1869/3904
f 3803/1822/3868 4004/1875/3909 3822/1869/3904 3593/1823/3869
f 3600/1790/3820 3835/1876/3910 4005/1877/3911 3825/1786/3833
f 3835/1876/3910 3628/1878/3912 3887/1879/3913 4005/1877/3911
f 4005/1877/3911 3887/1879/3913 3606/1880/3914 3840/1881/3915
f 3825/1786/3833 4005/1877/3911 3840/1881/3915 3578/1779/3819
f 3576/1410/3798 3836/1585/3916 4006/1584/3917 3777/1407/3793
f 3836/1585/3916 3604/1589/3918 3844/1588/3919 4006/1584/3917
f 4006/1584/3917 3844/1588/3919 3605/1587/3920 3834/1586/3921
f 3777/1407/3793 4006/1584/3917 3834/1586/3921 3577/1406/3790
f 3577/1406/3790 3834/1586/3921 4007/1590/3922 3824/1439/3823
f 3834/1586/3921 3605/1587/3920 3886/1593/3923 4007/1590/3922
f 4007/1590/3922 3886/1593/3923 3628/1592/3912 3835/1591/3910
f 3824/1439/3823 4007/1590/3922 3835/1591/3910 3600/1438/3820
f 3575/1415/3799 3837/1595/3924 4008/1594/3925 3776/1444/3827
f 3837/1595/3924 3603/1597/3926 3843/1596/3927 4008/1594/3925
f 4008/1594/3925 3843/1596/3927 3604/1589/3918 3836/1585/3916
f 3776/1444/3827 4008/1594/3925 3836/1585/3916 3576/1410/3798
f 3534/1428/3521 3703/1599/3655 4009/1882/3928 3823/1771/3811
f 3703/1599/3655 3543/1603/3659 3885/1883/3929 4009/1882/3928
f 4009/1882/3928 3885/1883/3929 3601/1884/3930 3838/1885/3931
f 3823/1771/3811 4009/1882/3928 3838/1885/3931 3573/1768/3808
f 3574/1419/3807 3839/1605/3932 4010/1604/3933 3775/1416/3802
f 3839/1605/3932 3602/1607/3934 3842/1606/3935 4010/1604/3933
f 4010/1604/3933 3842/1606/3935 3603/1597/3926 3837/1595/3924
f 3775/1416/3802 4010/1604/3933 3837/1595/3924 3575/1415/3799
f 3573/1768/3808 3838/1885/3931 4011/1886/3936 3774/1783/3830
f 3838/1885/3931 3601/1884/3930 3841/1887/3937 4011/1886/3936
f 4011/1886/3936 3841/1887/3937 3602/1888/3934 3839/1889/3932
f 3774/1783/3830 4011/1886/3936 3839/1889/3932 3574/1780/3807
f 3578/1779/3819 3840/1881/3915 4012/1890/3938 3826/1776/3816
f 3840/1881/3915 3606/1880/3914 3888/1891/3939 4012/1890/3938
f 4012/1890/3938 3888/1891/3939 3542/1614/3668 3705/1613/3667
f 3826/1776/3816 4012/1890/3938 3705/1613/3667 3533/1431/3524
f 3542/1614/3668 3890/1892/3940 4013/1893/3941 3761/1616/3670
f 3613/1894/3942 3851/1895/3943 4013/1896/3941 3890/1897/3940
f 3550/1619/3673 3761/1622/3670 4013/1896/3941 3851/1895/3943
f 3549/1625/3676 3852/1898/3944 4014/1899/3945 3714/1626/3677
f 3852/1898/3944 3612/1900/3946 3849/1901/3947 4014/1899/3945
f 4014/1899/3945 3849/1901/3947 3611/1902/3948 3853/1903/3949
f 3714/1626/3677 4014/1899/3945 3853/1903/3949 3548/1629/3680
f 3547/1634/3685 3854/1904/3950 4015/1905/3951 3712/1635/3686
f 3854/1904/3950 3610/1906/3952 3847/1907/3953 4015/1905/3951
f 4015/1908/3951 3847/1909/3953 3609/1910/3954 3855/1911/3955
f 3712/1635/3686 4015/1905/3951 3855/1912/3955 3546/1638/3689
f 3545/1646/3694 3856/1913/3956 4016/1914/3957 3710/1647/3695
f 3856/1913/3956 3608/1915/3958 3845/1916/3959 4016/1914/3957
f 4016/1914/3957 3845/1916/3959 3607/1917/3960 3857/1918/3961
f 3710/1647/3695 4016/1914/3957 3857/1918/3961 3544/1650/3698
f 3550/1619/3673 3851/1895/3943 4017/1919/3962 3715/1655/3703
f 3851/1895/3943 3613/1894/3942 3850/1920/3963 4017/1919/3962
f 4017/1919/3962 3850/1920/3963 3612/1900/3946 3852/1898/3944
f 3715/1655/3703 4017/1919/3962 3852/1898/3944 3549/1625/3676
f 3548/1629/3680 3853/1903/3949 4018/1921/3964 3713/1658/3706
f 3853/1903/3949 3611/1902/3948 3848/1922/3965 4018/1921/3964
f 4018/1921/3964 3848/1922/3965 3610/1906/3952 3854/1904/3950
f 3713/1658/3706 4018/1921/3964 3854/1904/3950 3547/1634/3685
f 3546/1661/3689 3855/1911/3955 4019/1923/3966 3711/1662/3709
f 3855/1911/3955 3609/1910/3954 3846/1924/3967 4019/1923/3966
f 4019/1923/3966 3846/1924/3967 3608/1915/3958 3856/1913/3956
f 3711/1662/3709 4019/1923/3966 3856/1913/3956 3545/1646/3694
f 3544/1650/3698 3857/1918/3961 4020/1925/3968 3760/1665/3712
f 3607/1917/3960 3889/1926/3969 4020/1925/3968 3857/1918/3961
f 3543/1603/3659 3760/1665/3712 4020/1925/3968 3889/1926/3969
f 3608/1915/3958 3864/1927/3970 4021/1928/3971 3845/1916/3959
f 3864/1927/3970 3615/1929/3972 3858/1930/3973 4021/1928/3971
f 4021/1928/3971 3858/1930/3973 3614/1931/3974 3865/1932/3975
f 3845/1916/3959 4021/1928/3971 3865/1932/3975 3607/1917/3960
f 3613/1894/3942 3866/1933/3976 4022/1934/3977 3850/1920/3963
f 3866/1933/3976 3620/1935/3978 3863/1936/3979 4022/1934/3977
f 4022/1934/3977 3863/1936/3979 3619/1937/3980 3867/1938/3981
f 3850/1920/3963 4022/1934/3977 3867/1938/3981 3612/1900/3946
f 3611/1902/3948 3868/1939/3982 4023/1940/3983 3848/1922/3965
f 3868/1939/3982 3618/1941/3984 3861/1942/3985 4023/1940/3983
f 4023/1940/3983 3861/1942/3985 3617/1943/3986 3869/1944/3987
f 3848/1922/3965 4023/1940/3983 3869/1944/3987 3610/1906/3952
f 3609/1910/3954 3870/1945/3988 4024/1946/3989 3846/1924/3967
f 3870/1945/3988 3616/1947/3990 3859/1948/3991 4024/1946/3989
f 4024/1946/3989 3859/1948/3991 3615/1929/3972 3864/1927/3970
f 3846/1924/3967 4024/1946/3989 3864/1927/3970 3608/1915/3958
f 3607/1917/3960 3865/1932/3975 4025/1949/3992 3889/1926/3969
f 3614/1931/3974 3891/1950/3993 4025/1949/3992 3865/1932/3975
f 3543/1603/3659 3889/1926/3969 4025/1949/3992 3891/1950/3993
f 3542/1614/3668 3892/1951/3994 4026/1952/3995 3890/1892/3940
f 3620/1935/3978 3866/1933/3976 4026/1953/3995 3892/1954/3994
f 3613/1894/3942 3890/1897/3940 4026/1953/3995 3866/1933/3976
f 3612/1900/3946 3867/1938/3981 4027/1955/3996 3849/1901/3947
f 3867/1938/3981 3619/1937/3980 3862/1956/3997 4027/1955/3996
f 4027/1955/3996 3862/1956/3997 3618/1941/3984 3868/1939/3982
f 3849/1901/3947 4027/1955/3996 3868/1939/3982 3611/1902/3948
f 3610/1906/3952 3869/1944/3987 4028/1957/3998 3847/1907/3953
f 3869/1944/3987 3617/1943/3986 3860/1958/3999 4028/1957/3998
f 4028/1959/3998 3860/1960/3999 3616/1947/3990 3870/1945/3988
f 3847/1909/3953 4028/1959/3998 3870/1945/3988 3609/1910/3954
f 3620/1935/3978 3877/1961/4000 4029/1962/4001 3863/1936/3979
f 3877/1961/4000 3627/1963/4002 3876/1964/4003 4029/1962/4001
f 4029/1962/4001 3876/1964/4003 3626/1965/4004 3878/1966/4005
f 3863/1936/3979 4029/1962/4001 3878/1966/4005 3619/1937/3980
f 3618/1708/3984 3879/1711/4006 4030/1710/4007 3861/1709/3985
f 3879/1711/4006 3625/1716/4008 3874/1715/4009 4030/1710/4007
f 4030/1710/4007 3874/1715/4009 3624/1714/4010 3880/1713/4011
f 3861/1709/3985 4030/1710/4007 3880/1713/4011 3617/1712/3986
f 3616/1947/3990 3881/1967/4012 4031/1968/4013 3859/1948/3991
f 3881/1722/4012 3623/1725/4014 3872/1724/4015 4031/1723/4013
f 4031/1968/4013 3872/1969/4015 3622/1970/4016 3882/1971/4017
f 3859/1948/3991 4031/1968/4013 3882/1971/4017 3615/1929/3972
f 3614/1931/3974 3883/1972/4018 4032/1973/4019 3891/1950/3993
f 3621/1974/4020 3893/1975/4021 4032/1973/4019 3883/1972/4018
f 3543/1603/3659 3891/1950/3993 4032/1973/4019 3893/1975/4021
f 3542/1614/3668 3894/1976/4022 4033/1977/4023 3892/1951/3994
f 3627/1978/4002 3877/1979/4000 4033/1977/4023 3894/1976/4022
f 3620/1935/3978 3892/1954/3994 4033/1980/4023 3877/1961/4000
f 3619/1937/3980 3878/1966/4005 4034/1981/4024 3862/1956/3997
f 3878/1966/4005 3626/1965/4004 3875/1982/4025 4034/1981/4024
f 4034/1737/4024 3875/1738/4025 3625/1716/4008 3879/1711/4006
f 3862/1956/3997 4034/1981/4024 3879/1983/4006 3618/1941/3984
f 3617/1712/3986 3880/1713/4011 4035/1741/4026 3860/1740/3999
f 3880/1713/4011 3624/1714/4010 3873/1743/4027 4035/1741/4026
f 4035/1741/4026 3873/1743/4027 3623/1725/4014 3881/1722/4012
f 3860/1740/3999 4035/1741/4026 3881/1722/4012 3616/1742/3990
f 3615/1929/3972 3882/1971/4017 4036/1984/4028 3858/1930/3973
f 3882/1971/4017 3622/1970/4016 3871/1985/4029 4036/1984/4028
f 4036/1984/4028 3871/1985/4029 3621/1974/4020 3883/1972/4018
f 3858/1930/3973 4036/1984/4028 3883/1972/4018 3614/1931/3974
f 3621/1974/4020 3895/1986/4030 4037/1987/4031 3893/1975/4021
f 3601/1884/3930 3885/1883/3929 4037/1987/4031 3895/1986/4030
f 3543/1603/3659 3893/1975/4021 4037/1987/4031 3885/1883/3929
f 3542/1614/3668 3888/1891/3939 4038/1988/4032 3894/1976/4022
f 3606/1880/3914 3896/1989/4033 4038/1988/4032 3888/1891/3939
f 3627/1978/4002 3894/1976/4022 4038/1988/4032 3896/1989/4033
f 3626/1750/4004 3884/1752/4034 4039/1751/4035 3875/1738/4025
f 3884/1752/4034 3628/1592/3912 3886/1593/3923 4039/1751/4035
f 4039/1751/4035 3886/1593/3923 3605/1587/3920 3897/1753/4036
f 3875/1738/4025 4039/1751/4035 3897/1753/4036 3625/1716/4008
f 3624/1714/4010 3898/1755/4037 4040/1754/4038 3873/1743/4027
f 3898/1755/4037 3604/1589/3918 3843/1596/3927 4040/1754/4038
f 4040/1754/4038 3843/1596/3927 3603/1597/3926 3899/1756/4039
f 3873/1743/4027 4040/1754/4038 3899/1756/4039 3623/1725/4014
f 3622/1970/4016 3900/1990/4040 4041/1991/4041 3871/1985/4029
f 3900/1990/4040 3602/1888/3934 3841/1887/3937 4041/1991/4041
f 4041/1991/4041 3841/1887/3937 3601/1884/3930 3895/1986/4030
f 3871/1985/4029 4041/1991/4041 3895/1986/4030 3621/1974/4020
f 3627/1978/4002 3896/1989/4033 4042/1992/4042 3876/1993/4003
f 3896/1989/4033 3606/1880/3914 3887/1879/3913 4042/1992/4042
f 4042/1762/4042 3887/1763/3913 3628/1592/3912 3884/1752/4034
f 3876/1761/4003 4042/1762/4042 3884/1752/4034 3626/1750/4004
f 3625/1716/4008 3897/1753/4036 4043/1764/4043 3874/1715/4009
f 3897/1753/4036 3605/1587/3920 3844/1588/3919 4043/1764/4043
f 4043/1764/4043 3844/1588/3919 3604/1589/3918 3898/1755/4037
f 3874/1715/4009 4043/1764/4043 3898/1755/4037 3624/1714/4010
f 3623/1725/4014 3899/1756/4039 4044/1765/4044 3872/1724/4015
f 3899/1756/4039 3603/1597/3926 3842/1606/3935 4044/1765/4044
f 4044/1765/4044 3842/1606/3935 3602/1607/3934 3900/1767/4040
f 3872/1724/4015 4044/1765/4044 3900/1767/4040 3622/1766/4016
o Sphere.003
v -0.073602 0.218060 0.011671
v -0.079684 0.215611 0.021170
v -0.088635 0.211505 0.027660
v -0.099034 0.206349 0.029939
v -0.109297 0.200929 0.027660
v -0.123406 0.192569 0.011671
v -0.079194 0.229449 0.010941
v -0.086633 0.229618 0.019486
v -0.096599 0.227297 0.025459
v -0.107420 0.222734 0.027557
v -0.117450 0.216625 0.025459
v -0.125160 0.209899 0.019486
v -0.129375 0.203766 0.010941
v -0.080944 0.232870 0.008374
v -0.089751 0.235709 0.014914
v -0.100672 0.235255 0.019486
v -0.111829 0.231348 0.021091
v -0.121523 0.224583 0.019486
v -0.128278 0.215990 0.014914
v -0.131125 0.207186 0.008374
v -0.082114 0.235155 0.004532
v -0.091834 0.239779 0.008071
v -0.103971 0.241290 0.010469
v -0.114900 0.237349 0.013013
v -0.124488 0.230789 0.010469
v -0.130361 0.220060 0.008071
v -0.132295 0.209471 0.004532
v -0.082525 0.235957 -0.000000
v -0.092565 0.241208 -0.000000
v -0.103002 0.243438 -0.000000
v -0.126797 0.231259 -0.000000
v -0.131092 0.221489 -0.000000
v -0.132705 0.210274 -0.000000
v -0.129376 0.198374 -0.000000
v -0.074819 0.226297 -0.000000
v -0.117863 0.196070 0.021170
v -0.057655 0.184239 0.011142
v -0.063069 0.180822 0.020114
v -0.071266 0.176187 0.026161
v -0.080976 0.171068 0.028267
v -0.090807 0.166185 0.026161
v -0.105299 0.159853 0.011142
v -0.103322 0.152038 -0.000000
v -0.052471 0.178064 -0.000000
v -0.052088 0.165357 -0.000000
v -0.056041 0.155315 -0.000000
v -0.061444 0.148149 -0.000000
v -0.067104 0.143964 -0.000000
v -0.073809 0.141820 -0.000000
v -0.082781 0.141629 -0.000000
v -0.093239 0.144296 -0.000000
v -0.052132 0.166177 0.003634
v -0.056067 0.156518 0.005678
v -0.061617 0.149358 0.006567
v -0.067626 0.144985 0.006762
v -0.074687 0.142668 0.006567
v -0.083741 0.142354 0.005678
v -0.093878 0.144810 0.003634
v -0.052357 0.168583 0.007053
v -0.056367 0.160195 0.011526
v -0.062414 0.153269 0.013939
v -0.069411 0.148472 0.014629
v -0.077394 0.145602 0.013939
v -0.086549 0.144747 0.011526
v -0.095697 0.146400 0.007053
v -0.052975 0.172350 0.009788
v -0.057461 0.166311 0.016797
v -0.064458 0.160305 0.021261
v -0.072854 0.155199 0.022731
v -0.081906 0.151375 0.021261
v -0.090870 0.149211 0.016798
v -0.098392 0.149104 0.009788
v -0.099361 0.162247 0.020114
v -0.073602 0.218060 -0.011671
v -0.079684 0.215611 -0.021170
v -0.088635 0.211505 -0.027660
v -0.099034 0.206349 -0.029939
v -0.109297 0.200929 -0.027660
v -0.123406 0.192569 -0.011671
v -0.079194 0.229449 -0.010941
v -0.086633 0.229618 -0.019486
v -0.096599 0.227297 -0.025459
v -0.107420 0.222734 -0.027557
v -0.117450 0.216625 -0.025459
v -0.125160 0.209899 -0.019486
v -0.129375 0.203766 -0.010941
v -0.080944 0.232870 -0.008374
v -0.089751 0.235709 -0.014914
v -0.100672 0.235255 -0.019486
v -0.111829 0.231348 -0.021091
v -0.121523 0.224583 -0.019486
v -0.128278 0.215990 -0.014914
v -0.131125 0.207186 -0.008374
v -0.082114 0.235155 -0.004532
v -0.091834 0.239779 -0.008071
v -0.103971 0.241290 -0.010469
v -0.114900 0.237349 -0.013013
v -0.124488 0.230789 -0.010469
v -0.130361 0.220060 -0.008071
v -0.132295 0.209471 -0.004532
v -0.117863 0.196070 -0.021170
v -0.057655 0.184239 -0.011142
v -0.063069 0.180822 -0.020114
v -0.071266 0.176187 -0.026161
v -0.080976 0.171068 -0.028267
v -0.090807 0.166185 -0.026161
v -0.105299 0.159853 -0.011142
v -0.052132 0.166177 -0.003634
v -0.056067 0.156518 -0.005678
v -0.061617 0.149358 -0.006567
v -0.067626 0.144985 -0.006762
v -0.074687 0.142668 -0.006567
v -0.083741 0.142354 -0.005678
v -0.093878 0.144810 -0.003634
v -0.052357 0.168583 -0.007053
v -0.056367 0.160195 -0.011526
v -0.062414 0.153269 -0.013939
v -0.069411 0.148472 -0.014629
v -0.077394 0.145602 -0.013939
v -0.086549 0.144747 -0.011526
v -0.095697 0.146400 -0.007053
v -0.052975 0.172350 -0.009788
v -0.057461 0.166311 -0.016798
v -0.064458 0.160305 -0.021261
v -0.072854 0.155199 -0.022731
v -0.081906 0.151375 -0.021261
v -0.090870 0.149211 -0.016798
v -0.098392 0.149104 -0.009788
v -0.099361 0.162247 -0.020114
v -0.113873 0.248632 0.005722
v -0.119388 0.246117 0.007461
v -0.124653 0.243114 0.005722
v -0.112515 0.249602 -0.000000
v -0.136868 0.268054 0.005229
v -0.126234 0.242580 -0.000000
v -0.113873 0.248632 -0.005722
v -0.119388 0.246117 -0.007461
v -0.124653 0.243114 -0.005722
v -0.109817 0.244477 0.007338
v -0.116901 0.241258 0.009523
v -0.123654 0.237395 0.007338
v -0.125652 0.236769 -0.000000
v -0.108142 0.245731 -0.000000
v -0.109817 0.244477 -0.007338
v -0.116901 0.241258 -0.009523
v -0.123654 0.237395 -0.007338
v -0.134447 0.284093 0.003681
v -0.138740 0.283927 0.004055
v -0.141385 0.280542 0.003681
v -0.135029 0.285797 -0.000000
v -0.140276 0.286929 -0.000000
v -0.142427 0.282011 -0.000000
v -0.134447 0.284093 -0.003681
v -0.138740 0.283927 -0.004055
v -0.141385 0.280542 -0.003681
v -0.132110 0.270974 0.006516
v -0.126958 0.273126 0.005229
v -0.126146 0.273976 -0.000000
v -0.138033 0.267892 -0.000000
v -0.136868 0.268054 -0.005229
v -0.132110 0.270974 -0.006516
v -0.126958 0.273126 -0.005229
v -0.130044 0.254007 0.005541
v -0.119555 0.259375 0.005541
v -0.130044 0.254007 -0.005541
v -0.119555 0.259375 -0.005541
v -0.124991 0.257065 0.006968
v -0.118605 0.260283 -0.000000
v -0.131336 0.253767 -0.000000
v -0.124991 0.257065 -0.006967
v -0.076201 0.217067 0.016659
v -0.083886 0.213732 0.024891
v -0.093750 0.209011 0.029361
v -0.104283 0.203620 0.029361
v -0.082477 0.229824 0.015358
v -0.091409 0.228767 0.022911
v -0.102005 0.225258 0.027026
v -0.112634 0.219818 0.027026
v -0.121678 0.213275 0.022911
v -0.127758 0.206649 0.015358
v -0.114676 0.211234 0.027039
v -0.104472 0.216975 0.029266
v -0.093848 0.221894 0.027039
v -0.084421 0.225243 0.020694
v -0.077770 0.226562 0.011704
v -0.127865 0.200923 0.011704
v -0.084935 0.234625 0.011755
v -0.095074 0.235929 0.017536
v -0.106329 0.233706 0.020685
v -0.116958 0.228266 0.020685
v -0.125343 0.220437 0.017536
v -0.130215 0.211449 0.011755
v -0.130316 0.205654 0.009940
v -0.126821 0.213144 0.017536
v -0.119620 0.220865 0.022911
v -0.109769 0.227324 0.024799
v -0.098769 0.231537 0.022911
v -0.088294 0.232863 0.017536
v -0.080175 0.231318 0.009940
v -0.086576 0.237833 0.006362
v -0.097545 0.240802 0.009482
v -0.109620 0.239590 0.012587
v -0.119806 0.234377 0.012587
v -0.127851 0.225290 0.009482
v -0.131857 0.214657 0.006362
v -0.090945 0.238043 0.011717
v -0.081678 0.234254 0.006642
v -0.131819 0.208590 0.006642
v -0.129472 0.218324 0.011717
v -0.123107 0.227718 0.015339
v -0.113534 0.234680 0.016770
v -0.102288 0.238374 0.015339
v -0.087153 0.238959 -0.000000
v -0.098215 0.242520 -0.000000
v -0.125886 0.234389 -0.000000
v -0.123756 0.234829 0.008473
v -0.128852 0.226839 -0.000000
v -0.132434 0.215784 -0.000000
v -0.132632 0.210179 0.002332
v -0.130907 0.221127 0.004114
v -0.126415 0.230993 0.005102
v -0.107677 0.243059 0.008473
v -0.103010 0.242973 0.005101
v -0.092380 0.240846 0.004114
v -0.082491 0.235843 0.002332
v -0.072316 0.219272 0.006471
v -0.113881 0.198380 0.024891
v -0.121081 0.194096 0.016659
v -0.125141 0.192235 0.006471
v -0.076843 0.228400 0.006528
v -0.129898 0.201245 0.006529
v -0.122905 0.205546 0.020694
v -0.077967 0.230602 0.005007
v -0.131028 0.203445 0.005007
v -0.078666 0.231969 0.002710
v -0.131727 0.204811 0.002710
v -0.078911 0.232448 -0.000000
v -0.131972 0.205291 -0.000000
v -0.100116 0.183512 0.027357
v -0.108704 0.179112 0.020950
v -0.089997 0.188693 0.029605
v -0.079877 0.193871 0.027357
v -0.065539 0.201203 0.011397
v -0.071285 0.198264 0.020950
v -0.063491 0.202254 -0.000000
v -0.114448 0.176170 0.011397
v -0.116499 0.175123 -0.000000
v -0.059941 0.182737 0.015870
v -0.066896 0.178609 0.023590
v -0.076018 0.173643 0.027735
v -0.085965 0.168552 0.027735
v -0.053714 0.160151 -0.000000
v -0.058683 0.151307 -0.000000
v -0.064221 0.145748 -0.000000
v -0.070236 0.142669 -0.000000
v -0.077985 0.141428 -0.000000
v -0.088064 0.142569 -0.000000
v -0.053743 0.161206 0.004792
v -0.058754 0.152552 0.006248
v -0.064553 0.146871 0.006721
v -0.070954 0.143595 0.006721
v -0.078953 0.142214 0.006248
v -0.088903 0.143210 0.004792
v -0.093302 0.144352 0.001845
v -0.083022 0.141805 0.002817
v -0.074026 0.142023 0.003214
v -0.067229 0.144209 0.003289
v -0.061481 0.148444 0.003214
v -0.056043 0.155613 0.002817
v -0.052096 0.165441 0.001845
v -0.053988 0.164361 0.009498
v -0.059230 0.156466 0.012990
v -0.065808 0.150615 0.014465
v -0.073257 0.146803 0.014465
v -0.081850 0.144889 0.012990
v -0.091319 0.145254 0.009498
v -0.056153 0.158041 0.008604
v -0.052210 0.167085 0.005446
v -0.094569 0.145405 0.005447
v -0.084927 0.143314 0.008604
v -0.075807 0.143825 0.010161
v -0.068334 0.146367 0.010557
v -0.061901 0.150942 0.010161
v -0.054815 0.169437 0.013493
v -0.060724 0.163229 0.019406
v -0.068532 0.157613 0.022365
v -0.077340 0.153105 0.022365
v -0.086461 0.150056 0.019406
v -0.094953 0.148894 0.013493
v -0.096901 0.147578 0.008630
v -0.088560 0.146709 0.014330
v -0.079447 0.148105 0.017756
v -0.070913 0.151407 0.018823
v -0.063244 0.156398 0.017756
v -0.056782 0.162974 0.014330
v -0.052609 0.170248 0.008630
v -0.093801 0.153056 0.018732
v -0.055990 0.184541 0.006169
v -0.095328 0.164057 0.023590
v -0.102743 0.160830 0.015871
v -0.106517 0.158680 0.006169
v -0.051494 0.170539 -0.000000
v -0.097789 0.146844 -0.000000
v -0.051532 0.171055 0.002261
v -0.098185 0.147177 0.002261
v -0.051695 0.172553 0.004330
v -0.099305 0.148185 0.004330
v -0.052157 0.175019 0.005910
v -0.101035 0.150002 0.005910
v -0.053937 0.175472 0.010786
v -0.100362 0.151711 0.010786
v -0.085081 0.156171 0.024106
v -0.075602 0.160568 0.025941
v -0.066492 0.165686 0.024106
v -0.058865 0.170936 0.018732
v -0.076201 0.217067 -0.016659
v -0.083886 0.213732 -0.024891
v -0.093750 0.209011 -0.029361
v -0.104283 0.203620 -0.029361
v -0.082477 0.229824 -0.015358
v -0.091409 0.228767 -0.022911
v -0.102005 0.225259 -0.027026
v -0.112634 0.219818 -0.027026
v -0.121678 0.213275 -0.022911
v -0.127758 0.206649 -0.015358
v -0.114676 0.211234 -0.027039
v -0.104472 0.216975 -0.029266
v -0.093848 0.221894 -0.027039
v -0.084421 0.225243 -0.020694
v -0.077770 0.226562 -0.011704
v -0.127865 0.200923 -0.011704
v -0.084935 0.234625 -0.011755
v -0.095074 0.235929 -0.017536
v -0.106329 0.233706 -0.020685
v -0.116958 0.228266 -0.020685
v -0.125343 0.220437 -0.017536
v -0.130215 0.211449 -0.011755
v -0.130316 0.205654 -0.009940
v -0.126821 0.213144 -0.017536
v -0.119620 0.220865 -0.022911
v -0.109769 0.227324 -0.024799
v -0.098769 0.231537 -0.022911
v -0.088294 0.232863 -0.017536
v -0.080175 0.231318 -0.009940
v -0.086576 0.237833 -0.006362
v -0.097545 0.240802 -0.009482
v -0.109620 0.239590 -0.012587
v -0.119806 0.234377 -0.012587
v -0.127851 0.225290 -0.009482
v -0.131857 0.214657 -0.006362
v -0.090945 0.238043 -0.011717
v -0.081678 0.234254 -0.006642
v -0.131819 0.208590 -0.006642
v -0.129472 0.218324 -0.011717
v -0.123107 0.227718 -0.015339
v -0.113534 0.234680 -0.016770
v -0.102288 0.238374 -0.015339
v -0.132632 0.210179 -0.002332
v -0.130907 0.221127 -0.004114
v -0.126415 0.230993 -0.005101
v -0.106074 0.244529 -0.000000
v -0.103010 0.242973 -0.005101
v -0.092380 0.240846 -0.004114
v -0.082491 0.235843 -0.002332
v -0.072316 0.219272 -0.006471
v -0.113881 0.198380 -0.024891
v -0.121081 0.194096 -0.016659
v -0.125141 0.192235 -0.006471
v -0.076843 0.228400 -0.006528
v -0.129898 0.201245 -0.006528
v -0.122905 0.205546 -0.020694
v -0.077967 0.230602 -0.005007
v -0.131028 0.203445 -0.005007
v -0.078666 0.231969 -0.002710
v -0.131727 0.204811 -0.002710
v -0.100116 0.183512 -0.027357
v -0.108704 0.179112 -0.020950
v -0.089997 0.188693 -0.029605
v -0.079877 0.193871 -0.027357
v -0.065539 0.201203 -0.011397
v -0.071285 0.198264 -0.020950
v -0.114448 0.176170 -0.011397
v -0.059941 0.182737 -0.015871
v -0.066896 0.178609 -0.023590
v -0.076018 0.173643 -0.027735
v -0.085965 0.168552 -0.027735
v -0.053743 0.161206 -0.004792
v -0.058754 0.152552 -0.006248
v -0.064553 0.146871 -0.006721
v -0.070954 0.143595 -0.006721
v -0.078953 0.142214 -0.006248
v -0.088903 0.143210 -0.004792
v -0.093302 0.144352 -0.001845
v -0.083022 0.141805 -0.002817
v -0.074026 0.142023 -0.003214
v -0.067229 0.144209 -0.003289
v -0.061481 0.148444 -0.003214
v -0.056043 0.155613 -0.002817
v -0.052096 0.165441 -0.001845
v -0.053988 0.164361 -0.009498
v -0.059230 0.156466 -0.012990
v -0.065808 0.150615 -0.014465
v -0.073257 0.146803 -0.014465
v -0.081850 0.144889 -0.012990
v -0.091319 0.145254 -0.009498
v -0.056153 0.158041 -0.008604
v -0.052210 0.167085 -0.005447
v -0.094569 0.145405 -0.005447
v -0.084927 0.143314 -0.008604
v -0.075807 0.143825 -0.010161
v -0.068334 0.146367 -0.010557
v -0.061901 0.150942 -0.010161
v -0.054815 0.169437 -0.013493
v -0.060724 0.163229 -0.019406
v -0.068532 0.157613 -0.022365
v -0.077340 0.153105 -0.022365
v -0.086461 0.150056 -0.019406
v -0.094953 0.148894 -0.013493
v -0.096901 0.147578 -0.008630
v -0.088560 0.146709 -0.014330
v -0.079447 0.148105 -0.017756
v -0.070913 0.151407 -0.018823
v -0.063244 0.156398 -0.017756
v -0.056782 0.162974 -0.014330
v -0.052609 0.170248 -0.008630
v -0.093801 0.153056 -0.018732
v -0.055990 0.184541 -0.006169
v -0.095328 0.164057 -0.023590
v -0.102743 0.160830 -0.015870
v -0.106517 0.158680 -0.006169
v -0.051532 0.171055 -0.002261
v -0.098185 0.147177 -0.002261
v -0.051695 0.172553 -0.004331
v -0.099305 0.148185 -0.004330
v -0.052157 0.175019 -0.005910
v -0.101035 0.150002 -0.005910
v -0.053937 0.175472 -0.010786
v -0.100362 0.151711 -0.010786
v -0.085081 0.156171 -0.024106
v -0.075602 0.160568 -0.025941
v -0.066492 0.165686 -0.024106
v -0.058865 0.170936 -0.018732
v -0.112913 0.243096 0.009058
v -0.120724 0.239099 0.009058
v -0.126899 0.247967 0.005510
v -0.135845 0.278272 0.005557
v -0.125220 0.236791 0.004104
v -0.116495 0.253292 0.005510
v -0.108412 0.245394 0.004104
v -0.112913 0.243096 -0.009058
v -0.120724 0.239099 -0.009058
v -0.125220 0.236791 -0.004104
v -0.130759 0.280833 -0.000000
v -0.108412 0.245394 -0.004104
v -0.107677 0.243059 -0.008473
v -0.123756 0.234829 -0.008473
v -0.115981 0.239461 -0.010806
v -0.115981 0.239461 0.010806
v -0.116290 0.247552 0.007084
v -0.122363 0.244444 0.007084
v -0.125889 0.242616 0.003195
v -0.112746 0.249343 0.003195
v -0.116290 0.247552 -0.007084
v -0.122363 0.244444 -0.007084
v -0.125889 0.242616 -0.003195
v -0.112746 0.249343 -0.003195
v -0.111732 0.245984 0.006386
v -0.117870 0.243152 0.008366
v -0.123757 0.239830 0.006386
v -0.125563 0.239195 -0.000000
v -0.110161 0.247078 -0.000000
v -0.117870 0.243152 -0.008366
v -0.111732 0.245984 -0.006386
v -0.123757 0.239830 -0.006386
v -0.138084 0.287450 -0.000000
v -0.141981 0.285455 -0.000000
v -0.140036 0.286460 0.002136
v -0.140036 0.286460 -0.002136
v -0.136476 0.284626 0.003959
v -0.140631 0.282499 0.003959
v -0.142207 0.281675 0.002190
v -0.134885 0.285423 0.002190
v -0.136476 0.284626 -0.003959
v -0.140631 0.282499 -0.003959
v -0.142207 0.281675 -0.002190
v -0.134885 0.285423 -0.002190
v -0.140897 0.275644 -0.000000
v -0.126899 0.247967 -0.005509
v -0.135845 0.278272 -0.005557
v -0.116495 0.253292 -0.005509
v -0.139850 0.275592 0.004500
v -0.128433 0.263790 0.006898
v -0.131329 0.279953 0.004500
v -0.122119 0.266970 -0.000000
v -0.134705 0.260528 -0.000000
v -0.139850 0.275592 -0.004500
v -0.128433 0.263790 -0.006898
v -0.131329 0.279953 -0.004500
v -0.134863 0.269327 -0.006291
v -0.126179 0.273737 -0.002968
v -0.129164 0.272244 0.006291
v -0.137820 0.267779 0.002968
v -0.126179 0.273737 0.002968
v -0.134863 0.269327 0.006291
v -0.137820 0.267779 -0.002968
v -0.129164 0.272244 -0.006291
v -0.133466 0.260707 0.005530
v -0.122989 0.266070 0.005530
v -0.133466 0.260707 -0.005530
v -0.122989 0.266070 -0.005530
v -0.121853 0.250934 0.007056
v -0.115369 0.254209 -0.000000
v -0.128302 0.247590 -0.000000
v -0.121853 0.250934 -0.007056
v -0.121893 0.258419 -0.006704
v -0.131089 0.253678 -0.003135
v -0.127901 0.255344 0.006704
v -0.118677 0.260031 0.003135
v -0.131089 0.253678 0.003135
v -0.121893 0.258419 0.006704
v -0.118677 0.260031 -0.003135
v -0.127901 0.255344 -0.006704
v -0.109727 0.214154 0.028702
v -0.088889 0.223803 0.024332
v -0.076051 0.226282 0.007924
v -0.128644 0.199364 0.007924
v -0.119124 0.208328 0.024333
v -0.099110 0.219588 0.028702
v -0.080638 0.226162 0.016321
v -0.125864 0.203015 0.016322
v -0.130603 0.203137 0.006786
v -0.123631 0.217091 0.020618
v -0.104309 0.229760 0.024321
v -0.083793 0.232388 0.013833
v -0.129068 0.209215 0.013833
v -0.114938 0.224319 0.024321
v -0.093362 0.232583 0.020618
v -0.077966 0.230078 0.006786
v -0.085884 0.236474 0.009243
v -0.131160 0.213301 0.009243
v -0.118617 0.231560 0.016413
v -0.096491 0.238690 0.013776
v -0.078992 0.232082 0.004534
v -0.131628 0.205142 0.004534
v -0.126754 0.223201 0.013776
v -0.108031 0.236979 0.016413
v -0.132292 0.215512 0.003246
v -0.125459 0.234301 -0.004698
v -0.098041 0.242091 0.004812
v -0.079547 0.233167 0.001592
v -0.132184 0.206226 0.001592
v -0.128606 0.226447 0.004812
v -0.106252 0.244131 -0.004698
v -0.087016 0.238685 0.003246
v -0.112000 0.177424 0.016471
v -0.095155 0.186053 0.029036
v -0.104689 0.181169 0.024625
v -0.084839 0.191333 0.029036
v -0.064032 0.201975 0.005894
v -0.075301 0.196211 0.024625
v -0.067987 0.199950 0.016471
v -0.115956 0.175399 0.005894
v -0.096954 0.146260 0.001309
v -0.078226 0.141617 0.003077
v -0.064298 0.146019 0.003274
v -0.053718 0.160399 0.002397
v -0.088264 0.142718 0.002397
v -0.070412 0.142890 0.003274
v -0.058695 0.151613 0.003077
v -0.051509 0.169520 0.001309
v -0.053817 0.162512 0.007188
v -0.089919 0.144035 0.007188
v -0.071890 0.144860 0.010467
v -0.058906 0.154157 0.009573
v -0.051607 0.170690 0.003830
v -0.097845 0.147024 0.003830
v -0.080166 0.143275 0.009573
v -0.065031 0.148370 0.010467
v -0.093013 0.146868 0.011661
v -0.075081 0.149538 0.018562
v -0.059812 0.159507 0.016364
v -0.051905 0.172913 0.005991
v -0.099475 0.148566 0.005991
v -0.083976 0.147139 0.016364
v -0.066959 0.153695 0.018562
v -0.054307 0.166679 0.011661
v -0.053068 0.177082 0.007338
v -0.102176 0.151948 0.007338
v -0.089611 0.154419 0.021840
v -0.070932 0.163072 0.025480
v -0.055979 0.173381 0.014910
v -0.097472 0.152144 0.014910
v -0.080364 0.158244 0.025480
v -0.062421 0.168335 0.021840
v -0.109728 0.214154 -0.028702
v -0.088889 0.223803 -0.024332
v -0.076051 0.226282 -0.007924
v -0.128644 0.199364 -0.007924
v -0.119124 0.208328 -0.024332
v -0.099111 0.219588 -0.028702
v -0.080638 0.226162 -0.016321
v -0.125864 0.203015 -0.016321
v -0.130603 0.203137 -0.006786
v -0.123631 0.217091 -0.020618
v -0.104309 0.229760 -0.024321
v -0.083793 0.232388 -0.013833
v -0.129069 0.209215 -0.013833
v -0.114938 0.224319 -0.024321
v -0.093362 0.232583 -0.020618
v -0.077966 0.230078 -0.006786
v -0.085884 0.236474 -0.009243
v -0.131160 0.213301 -0.009243
v -0.118617 0.231560 -0.016413
v -0.096491 0.238690 -0.013776
v -0.078992 0.232082 -0.004534
v -0.131628 0.205142 -0.004534
v -0.126754 0.223201 -0.013776
v -0.108031 0.236979 -0.016413
v -0.132292 0.215512 -0.003246
v -0.125459 0.234301 0.004698
v -0.098041 0.242091 -0.004812
v -0.079547 0.233167 -0.001592
v -0.132184 0.206226 -0.001592
v -0.128606 0.226447 -0.004812
v -0.106252 0.244131 0.004698
v -0.087016 0.238685 -0.003246
v -0.112000 0.177424 -0.016471
v -0.095155 0.186053 -0.029036
v -0.104690 0.181169 -0.024625
v -0.084839 0.191333 -0.029036
v -0.064032 0.201975 -0.005894
v -0.075301 0.196211 -0.024625
v -0.067987 0.199950 -0.016471
v -0.115956 0.175399 -0.005894
v -0.096954 0.146260 -0.001309
v -0.078226 0.141617 -0.003077
v -0.064298 0.146019 -0.003274
v -0.053718 0.160399 -0.002397
v -0.088264 0.142718 -0.002397
v -0.070412 0.142890 -0.003274
v -0.058695 0.151613 -0.003077
v -0.051509 0.169520 -0.001309
v -0.053817 0.162512 -0.007188
v -0.089919 0.144035 -0.007188
v -0.071890 0.144860 -0.010467
v -0.058906 0.154157 -0.009573
v -0.051607 0.170690 -0.003830
v -0.097845 0.147024 -0.003830
v -0.080166 0.143275 -0.009573
v -0.065031 0.148370 -0.010467
v -0.093013 0.146868 -0.011661
v -0.075081 0.149538 -0.018562
v -0.059812 0.159507 -0.016364
v -0.051905 0.172913 -0.005991
v -0.099475 0.148566 -0.005991
v -0.083976 0.147139 -0.016364
v -0.066959 0.153695 -0.018562
v -0.054307 0.166679 -0.011661
v -0.053068 0.177082 -0.007338
v -0.102176 0.151948 -0.007338
v -0.089611 0.154419 -0.021840
v -0.070932 0.163072 -0.025480
v -0.055979 0.173381 -0.014910
v -0.097472 0.152144 -0.014910
v -0.080364 0.158244 -0.025480
v -0.062421 0.168335 -0.021840
v -0.133276 0.279328 -0.005373
v -0.140700 0.275500 -0.002571
v -0.138205 0.276806 0.005373
v -0.130758 0.280588 0.002571
v -0.111344 0.241527 -0.010351
v -0.111344 0.241527 0.010351
v -0.120369 0.236908 -0.010351
v -0.120369 0.236908 0.010351
v -0.114429 0.244761 0.007930
v -0.121187 0.241302 0.007930
v -0.125162 0.239253 0.003559
v -0.110443 0.246787 0.003559
v -0.114429 0.244761 -0.007930
v -0.121187 0.241302 -0.007930
v -0.125162 0.239253 -0.003559
v -0.110443 0.246787 -0.003559
v -0.141759 0.284996 0.002116
v -0.137841 0.287002 0.002116
v -0.141759 0.284996 -0.002116
v -0.137841 0.287002 -0.002116
v -0.140700 0.275500 0.002571
v -0.133276 0.279328 0.005373
v -0.130758 0.280588 -0.002571
v -0.138205 0.276806 -0.005373
v -0.131344 0.262052 -0.006657
v -0.122158 0.266717 -0.003137
v -0.125321 0.265135 0.006657
v -0.134477 0.260412 0.003137
v -0.122158 0.266717 0.003137
v -0.131344 0.262052 0.006657
v -0.134477 0.260412 -0.003137
v -0.125321 0.265135 -0.006657
v -0.118822 0.252297 -0.006743
v -0.128013 0.247563 -0.003097
v -0.124732 0.249272 0.006743
v -0.115516 0.253959 0.003097
v -0.128013 0.247563 0.003097
v -0.118822 0.252297 0.006743
v -0.115516 0.253959 -0.003097
v -0.124732 0.249272 -0.006743
vn -0.3418 -0.1596 0.9261
vn -0.1790 -0.0714 0.9813
vn -0.2387 0.0490 0.9698
vn -0.3969 -0.0454 0.9167
vn -0.0089 0.0174 0.9998
vn -0.0713 0.1392 0.9877
vn -0.1667 0.3257 0.9306
vn -0.3322 0.2330 0.9139
vn -0.4858 0.1307 0.8642
vn 0.3293 0.1839 0.9261
vn 0.4852 0.2561 0.8361
vn 0.4299 0.3560 0.8297
vn 0.2690 0.2954 0.9167
vn 0.6233 0.3170 0.7149
vn 0.5752 0.4015 0.7127
vn 0.5008 0.5443 0.6730
vn 0.3459 0.5175 0.7827
vn 0.1781 0.4706 0.8642
vn 0.8256 0.3945 0.4034
vn 0.8827 0.4196 0.2116
vn 0.8574 0.4472 0.2547
vn 0.7909 0.4472 0.4177
vn 0.8789 0.4770 -0.0000
vn 0.8462 0.4941 0.1995
vn 0.7459 0.5324 0.4001
vn -0.9009 -0.4340 -0.0000
vn -0.8566 -0.4706 0.2116
vn -0.8642 -0.4340 0.2547
vn -0.8956 -0.3975 0.1996
vn -0.8028 -0.4390 0.4033
vn -0.8253 -0.3800 0.4177
vn -0.8681 -0.2936 0.4001
vn -0.6216 -0.3202 0.7149
vn -0.4914 -0.2438 0.8361
vn -0.5402 -0.1405 0.8297
vn -0.6621 -0.2317 0.7127
vn -0.6221 0.0221 0.7826
vn -0.7344 -0.0879 0.6730
vn 0.1626 0.1034 0.9813
vn 0.0999 0.2223 0.9698
vn 0.0053 0.4058 0.9140
vn 0.7373 0.3632 0.5696
vn 0.6964 0.4303 0.5743
vn 0.6335 0.5499 0.5443
vn -0.7258 -0.3857 0.5696
vn -0.7564 -0.3132 0.5743
vn -0.8166 -0.1921 0.5443
vn -0.9241 -0.3048 0.2305
vn -0.9354 -0.3250 0.1394
vn -0.9131 -0.2042 0.3529
vn -0.9429 -0.1467 0.2990
vn -0.6960 0.1678 0.6981
vn -0.7996 0.0404 0.5991
vn -0.5664 0.2893 0.7717
vn -0.6300 0.4087 0.6604
vn -0.7540 0.2786 0.5948
vn -0.8493 0.1374 0.5097
vn -0.0800 0.5719 0.8164
vn -0.2531 0.4946 0.8315
vn 0.0966 0.6286 0.7717
vn 0.0370 0.7500 0.6604
vn -0.1428 0.6977 0.7020
vn -0.3180 0.6213 0.7162
vn 0.5779 0.6581 0.4827
vn 0.4348 0.6723 0.5992
vn 0.6997 0.6212 0.3529
vn 0.6705 0.6790 0.2989
vn 0.5376 0.7364 0.4106
vn 0.3853 0.7693 0.5097
vn -0.8717 -0.0839 0.4827
vn -0.9118 -0.0054 0.4107
vn -0.4171 0.3994 0.8164
vn -0.4824 0.5239 0.7020
vn 0.2709 0.6627 0.6982
vn 0.2150 0.7745 0.5949
vn 0.7877 0.5713 0.2304
vn 0.8106 0.5687 0.1395
vn 0.5049 0.8007 0.3226
vn 0.3465 0.8478 0.4014
vn 0.6454 0.7266 0.2357
vn 0.6288 0.7605 0.1618
vn 0.4803 0.8485 0.2222
vn 0.3205 0.9057 0.2776
vn -0.9447 0.0587 0.3226
vn -0.9668 -0.0986 0.2357
vn -0.8904 0.2148 0.4014
vn -0.9221 0.2697 0.2776
vn -0.9691 0.1067 0.2222
vn -0.9847 -0.0652 0.1618
vn -0.5272 0.5868 0.6146
vn -0.6852 0.4748 0.5523
vn -0.3509 0.6855 0.6379
vn -0.3345 0.6536 0.6789
vn -0.5375 0.5494 0.6397
vn -0.7682 0.4431 0.4622
vn 0.1830 0.8597 0.4769
vn 0.0156 0.8335 0.5523
vn 0.1811 0.9225 0.3408
vn 0.0898 0.8822 0.4621
vn 0.7511 0.6421 0.1533
vn 0.7909 0.6073 0.0747
vn -0.9602 -0.2337 0.1532
vn -0.9552 -0.2864 0.0745
vn -0.8043 0.3544 0.4769
vn -0.8542 0.3926 0.3408
vn -0.1677 0.7708 0.6146
vn -0.1313 0.7573 0.6397
vn -0.9842 0.1359 0.1133
vn -0.9957 -0.0423 0.0826
vn -0.9427 0.3021 0.1415
vn -0.9498 0.3130 -0.0000
vn -0.9893 0.1460 -0.0000
vn -0.9993 -0.0366 -0.0000
vn -0.7682 0.4431 -0.4622
vn -0.9049 0.3707 -0.2092
vn -0.9424 0.2349 -0.2383
vn -0.7741 0.3384 -0.5350
vn -0.9350 0.3548 -0.0000
vn -0.9804 0.1968 -0.0000
vn -0.9971 0.0756 -0.0000
vn -0.9591 0.1196 -0.2564
vn -0.7746 0.2402 -0.5851
vn 0.1959 0.9653 0.1730
vn 0.2285 0.9508 0.2092
vn 0.3063 0.9414 0.1415
vn 0.3017 0.9534 -0.0000
vn 0.2038 0.9790 -0.0000
vn 0.2589 0.9659 -0.0000
vn 0.7324 0.6787 0.0537
vn 0.6166 0.7829 0.0826
vn 0.7843 0.6204 -0.0000
vn 0.6141 0.7892 -0.0000
vn -0.9789 -0.1972 0.0536
vn -0.9619 -0.2734 -0.0000
vn -0.8975 0.4056 0.1729
vn -0.9049 0.3707 0.2093
vn -0.9133 0.4073 -0.0000
vn 0.2285 0.9508 -0.2092
vn 0.3605 0.9018 -0.2382
vn 0.4136 0.9105 -0.0000
vn 0.0898 0.8822 -0.4621
vn 0.1782 0.8258 -0.5350
vn 0.2582 0.7688 -0.5851
vn 0.4640 0.8479 -0.2564
vn 0.5219 0.8530 -0.0000
vn 0.4654 0.8778 0.1132
vn 0.4601 0.8878 -0.0000
vn -0.7167 -0.4085 0.5653
vn -0.6055 -0.3534 0.7131
vn -0.8012 -0.4501 0.3944
vn -0.7817 -0.4670 0.4133
vn -0.6861 -0.4404 0.5791
vn -0.5674 -0.3993 0.7201
vn -0.1520 -0.1247 0.9805
vn 0.0191 -0.0373 0.9991
vn -0.3172 -0.2085 0.9251
vn -0.2722 -0.2754 0.9220
vn -0.1082 -0.1986 0.9741
vn 0.0591 -0.1154 0.9916
vn -0.4704 -0.2858 0.8349
vn -0.4273 -0.3432 0.8364
vn 0.1900 0.0504 0.9805
vn 0.3546 0.1353 0.9252
vn 0.2244 -0.0284 0.9741
vn 0.3826 0.0597 0.9220
vn 0.8880 0.4139 0.2004
vn 0.9065 0.4221 -0.0000
vn 0.8336 0.3867 0.3944
vn 0.8360 0.3610 0.4133
vn 0.8938 0.3973 0.2080
vn 0.9543 0.2988 -0.0000
vn 0.5069 0.2144 0.8349
vn 0.6408 0.2845 0.7131
vn 0.5283 0.1459 0.8364
vn 0.6558 0.2267 0.7201
vn 0.7505 0.3424 0.5653
vn 0.7585 0.2989 0.5790
vn -0.8551 -0.4782 0.2004
vn -0.8726 -0.4884 -0.0000
vn -0.8005 -0.5993 -0.0000
vn -0.8450 -0.4927 0.2080
vn -0.6179 -0.7863 -0.0000
vn -0.5308 -0.8470 0.0296
vn -0.6199 -0.7844 0.0212
vn -0.3942 -0.9190 -0.0000
vn -0.3945 -0.9171 0.0579
vn -0.4097 -0.9042 0.1209
vn -0.1050 -0.9945 -0.0000
vn 0.0292 -0.9996 -0.0000
vn 0.0259 -0.9914 0.1280
vn -0.1091 -0.9882 0.1077
vn 0.1655 -0.9862 -0.0000
vn 0.1623 -0.9759 0.1457
vn 0.1523 -0.9474 0.2814
vn 0.0152 -0.9681 0.2502
vn -0.1217 -0.9695 0.2128
vn 0.4556 -0.8902 -0.0000
vn 0.5905 -0.8071 -0.0000
vn 0.5834 -0.7966 0.1583
vn 0.4495 -0.8783 0.1631
vn 0.7031 -0.7111 -0.0000
vn 0.6967 -0.7025 0.1456
vn 0.6795 -0.6776 0.2814
vn 0.5646 -0.7677 0.3030
vn 0.4330 -0.8461 0.3110
vn 0.8681 -0.4964 -0.0000
vn 0.9282 -0.3722 -0.0000
vn 0.9268 -0.3657 0.0857
vn 0.8654 -0.4894 0.1077
vn 0.9760 -0.2178 -0.0000
vn 0.9746 -0.2163 0.0580
vn 0.9730 -0.1964 0.1209
vn 0.9226 -0.3456 0.1717
vn 0.8576 -0.4682 0.2128
vn -0.2410 -0.9705 -0.0000
vn -0.2454 -0.9656 0.0857
vn -0.2592 -0.9504 0.1717
vn 0.3094 -0.9509 -0.0000
vn 0.3050 -0.9391 0.1584
vn 0.2926 -0.9069 0.3031
vn 0.7937 -0.6083 -0.0000
vn 0.7890 -0.6009 0.1280
vn 0.7763 -0.5785 0.2502
vn 0.9991 0.0413 -0.0000
vn 0.9975 -0.0647 0.0296
vn 0.9988 0.0441 0.0212
vn 0.9158 -0.3109 0.2544
vn 0.8458 -0.4311 0.3141
vn 0.9687 -0.1724 0.1784
vn 0.9616 -0.1254 0.2440
vn 0.9051 -0.2576 0.3383
vn 0.8302 -0.3744 0.4131
vn -0.2834 -0.9246 0.2545
vn -0.4267 -0.8866 0.1785
vn -0.1450 -0.9383 0.3141
vn -0.1819 -0.8924 0.4131
vn -0.3204 -0.8849 0.3382
vn -0.4607 -0.8534 0.2439
vn 0.2719 -0.8600 0.4317
vn 0.1333 -0.9044 0.4054
vn 0.4089 -0.7989 0.4411
vn 0.3769 -0.7365 0.5617
vn 0.2408 -0.7985 0.5517
vn 0.1016 -0.8466 0.5225
vn 0.7582 -0.5401 0.3653
vn 0.6557 -0.6370 0.4054
vn 0.7359 -0.4818 0.4757
vn 0.6273 -0.5775 0.5225
vn 0.9947 -0.0333 0.0974
vn 0.9947 0.0728 0.0728
vn -0.5547 -0.8263 0.0974
vn -0.6407 -0.7643 0.0728
vn -0.0053 -0.9309 0.3652
vn -0.0396 -0.8787 0.4757
vn 0.5386 -0.7236 0.4317
vn 0.5069 -0.6623 0.5517
vn -0.3714 -0.8300 0.4162
vn -0.5025 -0.8101 0.3022
vn -0.2356 -0.8285 0.5080
vn -0.3298 -0.7150 0.6164
vn -0.4641 -0.7244 0.5097
vn -0.5928 -0.7098 0.3805
vn 0.1948 -0.7168 0.6695
vn 0.0524 -0.7691 0.6369
vn 0.3338 -0.6523 0.6805
vn 0.2624 -0.5126 0.8176
vn 0.1154 -0.5819 0.8050
vn -0.0342 -0.6404 0.7673
vn 0.7087 -0.3976 0.5829
vn 0.5932 -0.4923 0.6369
vn 0.8098 -0.2934 0.5081
vn 0.7729 -0.1506 0.6164
vn 0.6639 -0.2518 0.7041
vn 0.5394 -0.3468 0.7673
vn 0.9825 0.0503 0.1793
vn 0.9509 -0.0661 0.3023
vn 0.9627 0.2095 0.1710
vn 0.9225 0.0657 0.3804
vn -0.6154 -0.7675 0.1792
vn -0.7330 -0.6584 0.1710
vn -0.0919 -0.8073 0.5829
vn -0.1840 -0.6858 0.7041
vn 0.4675 -0.5772 0.6696
vn 0.4046 -0.4339 0.8050
vn 0.8904 -0.1842 0.4162
vn 0.8590 -0.0473 0.5097
vn 0.9131 0.3187 0.2543
vn 0.8728 0.2368 0.4269
vn -0.7926 -0.5543 0.2542
vn -0.7025 -0.5695 0.4268
vn -0.3211 -0.4955 0.8071
vn -0.4667 -0.5361 0.7034
vn -0.1659 -0.4402 0.8825
vn 0.3067 -0.2125 0.9278
vn 0.1518 -0.2965 0.9429
vn 0.4540 -0.1228 0.8825
vn 0.8013 0.1554 0.5777
vn 0.7078 0.0650 0.7034
vn -0.5947 -0.5591 0.5777
vn -0.0069 -0.3731 0.9278
vn 0.5897 -0.0293 0.8071
vn -0.3418 -0.1596 -0.9261
vn -0.3969 -0.0454 -0.9167
vn -0.2388 0.0490 -0.9698
vn -0.1790 -0.0714 -0.9813
vn -0.4859 0.1307 -0.8642
vn -0.3323 0.2331 -0.9139
vn -0.1667 0.3257 -0.9306
vn -0.0713 0.1392 -0.9877
vn -0.0089 0.0174 -0.9998
vn 0.3293 0.1839 -0.9261
vn 0.2690 0.2954 -0.9167
vn 0.4299 0.3560 -0.8297
vn 0.4852 0.2561 -0.8361
vn 0.1781 0.4706 -0.8642
vn 0.3459 0.5175 -0.7827
vn 0.5008 0.5443 -0.6730
vn 0.5752 0.4015 -0.7127
vn 0.6233 0.3170 -0.7149
vn 0.8256 0.3945 -0.4034
vn 0.7909 0.4472 -0.4177
vn 0.8574 0.4472 -0.2547
vn 0.8827 0.4196 -0.2116
vn 0.7459 0.5324 -0.4001
vn 0.8462 0.4941 -0.1995
vn -0.8956 -0.3975 -0.1995
vn -0.8642 -0.4340 -0.2547
vn -0.8566 -0.4706 -0.2116
vn -0.8681 -0.2937 -0.4001
vn -0.8253 -0.3800 -0.4177
vn -0.8028 -0.4390 -0.4034
vn -0.6216 -0.3202 -0.7149
vn -0.6621 -0.2317 -0.7127
vn -0.5402 -0.1406 -0.8297
vn -0.4915 -0.2438 -0.8361
vn -0.7344 -0.0879 -0.6730
vn -0.6221 0.0220 -0.7826
vn 0.0999 0.2223 -0.9698
vn 0.1626 0.1034 -0.9813
vn 0.0053 0.4058 -0.9139
vn 0.6964 0.4303 -0.5743
vn 0.7373 0.3632 -0.5696
vn 0.6335 0.5499 -0.5443
vn -0.7564 -0.3132 -0.5743
vn -0.7258 -0.3857 -0.5696
vn -0.8165 -0.1922 -0.5444
vn -0.9354 -0.3250 -0.1395
vn -0.9241 -0.3049 -0.2305
vn -0.9429 -0.1467 -0.2989
vn -0.9131 -0.2043 -0.3529
vn -0.7996 0.0404 -0.5992
vn -0.6960 0.1678 -0.6981
vn -0.8493 0.1374 -0.5097
vn -0.7540 0.2786 -0.5948
vn -0.6300 0.4087 -0.6604
vn -0.5664 0.2893 -0.7717
vn -0.2532 0.4946 -0.8315
vn -0.0800 0.5719 -0.8164
vn -0.3180 0.6213 -0.7162
vn -0.1428 0.6977 -0.7020
vn 0.0370 0.7500 -0.6604
vn 0.0967 0.6287 -0.7717
vn 0.4348 0.6723 -0.5992
vn 0.5779 0.6581 -0.4827
vn 0.3853 0.7693 -0.5097
vn 0.5376 0.7364 -0.4106
vn 0.6705 0.6790 -0.2989
vn 0.6997 0.6212 -0.3529
vn -0.8718 -0.0839 -0.4827
vn -0.9118 -0.0054 -0.4106
vn -0.4171 0.3994 -0.8164
vn -0.4824 0.5239 -0.7020
vn 0.2709 0.6627 -0.6982
vn 0.2150 0.7745 -0.5949
vn 0.7877 0.5713 -0.2304
vn 0.8106 0.5687 -0.1395
vn 0.3465 0.8478 -0.4014
vn 0.5049 0.8007 -0.3226
vn 0.3205 0.9057 -0.2776
vn 0.4803 0.8485 -0.2222
vn 0.6288 0.7605 -0.1618
vn 0.6454 0.7266 -0.2357
vn -0.9668 -0.0986 -0.2357
vn -0.9447 0.0587 -0.3226
vn -0.9847 -0.0652 -0.1618
vn -0.9691 0.1067 -0.2222
vn -0.9221 0.2697 -0.2776
vn -0.8904 0.2148 -0.4014
vn -0.6852 0.4748 -0.5523
vn -0.5272 0.5868 -0.6146
vn -0.5375 0.5494 -0.6397
vn -0.3345 0.6536 -0.6789
vn -0.3509 0.6855 -0.6379
vn 0.0156 0.8335 -0.5523
vn 0.1830 0.8597 -0.4769
vn 0.1811 0.9225 -0.3408
vn 0.7511 0.6421 -0.1533
vn 0.7909 0.6073 -0.0747
vn -0.9552 -0.2864 -0.0745
vn -0.9602 -0.2337 -0.1532
vn -0.8043 0.3544 -0.4769
vn -0.8542 0.3926 -0.3407
vn -0.1677 0.7708 -0.6146
vn -0.1313 0.7573 -0.6397
vn -0.9957 -0.0423 -0.0826
vn -0.9842 0.1359 -0.1133
vn -0.9427 0.3021 -0.1415
vn -0.9424 0.2349 0.2382
vn -0.7741 0.3384 0.5350
vn -0.7746 0.2402 0.5851
vn -0.9591 0.1196 0.2564
vn 0.1959 0.9653 -0.1730
vn 0.3063 0.9414 -0.1415
vn 0.6166 0.7829 -0.0826
vn 0.7324 0.6787 -0.0537
vn -0.9789 -0.1972 -0.0536
vn -0.8975 0.4057 -0.1729
vn 0.3605 0.9018 0.2382
vn 0.1782 0.8258 0.5350
vn 0.4640 0.8479 0.2564
vn 0.2582 0.7688 0.5851
vn 0.4654 0.8778 -0.1132
vn -0.6055 -0.3534 -0.7131
vn -0.7167 -0.4085 -0.5653
vn -0.5674 -0.3993 -0.7201
vn -0.6861 -0.4404 -0.5791
vn -0.7817 -0.4670 -0.4133
vn -0.8012 -0.4501 -0.3944
vn 0.0191 -0.0373 -0.9991
vn -0.1520 -0.1247 -0.9805
vn 0.0591 -0.1154 -0.9916
vn -0.1082 -0.1986 -0.9741
vn -0.2722 -0.2754 -0.9220
vn -0.3172 -0.2085 -0.9252
vn -0.4704 -0.2858 -0.8349
vn -0.4273 -0.3432 -0.8364
vn 0.3546 0.1353 -0.9252
vn 0.1900 0.0504 -0.9805
vn 0.3826 0.0597 -0.9220
vn 0.2244 -0.0284 -0.9741
vn 0.8880 0.4139 -0.2004
vn 0.8938 0.3973 -0.2081
vn 0.8360 0.3610 -0.4133
vn 0.8336 0.3867 -0.3944
vn 0.6407 0.2845 -0.7131
vn 0.5069 0.2144 -0.8349
vn 0.6557 0.2267 -0.7202
vn 0.5283 0.1459 -0.8364
vn 0.7505 0.3424 -0.5653
vn 0.7585 0.2989 -0.5790
vn -0.8551 -0.4782 -0.2004
vn -0.8450 -0.4927 -0.2080
vn -0.6199 -0.7844 -0.0212
vn -0.5308 -0.8470 -0.0296
vn -0.4097 -0.9042 -0.1209
vn -0.3945 -0.9171 -0.0579
vn -0.1091 -0.9882 -0.1077
vn 0.0259 -0.9914 -0.1280
vn -0.1217 -0.9695 -0.2128
vn 0.0152 -0.9681 -0.2502
vn 0.1523 -0.9474 -0.2814
vn 0.1623 -0.9759 -0.1457
vn 0.4495 -0.8783 -0.1631
vn 0.5834 -0.7966 -0.1583
vn 0.4330 -0.8461 -0.3110
vn 0.5646 -0.7677 -0.3030
vn 0.6795 -0.6776 -0.2814
vn 0.6967 -0.7025 -0.1456
vn 0.8654 -0.4894 -0.1077
vn 0.9268 -0.3657 -0.0857
vn 0.8576 -0.4682 -0.2128
vn 0.9226 -0.3456 -0.1717
vn 0.9730 -0.1964 -0.1209
vn 0.9746 -0.2163 -0.0580
vn -0.2454 -0.9656 -0.0857
vn -0.2592 -0.9504 -0.1717
vn 0.3050 -0.9391 -0.1584
vn 0.2926 -0.9069 -0.3031
vn 0.7890 -0.6009 -0.1280
vn 0.7763 -0.5785 -0.2502
vn 0.9975 -0.0647 -0.0296
vn 0.9988 0.0441 -0.0212
vn 0.8458 -0.4311 -0.3141
vn 0.9158 -0.3109 -0.2544
vn 0.8302 -0.3744 -0.4131
vn 0.9051 -0.2576 -0.3383
vn 0.9616 -0.1253 -0.2440
vn 0.9687 -0.1724 -0.1784
vn -0.4267 -0.8866 -0.1785
vn -0.2834 -0.9246 -0.2545
vn -0.4607 -0.8534 -0.2439
vn -0.3204 -0.8849 -0.3382
vn -0.1819 -0.8924 -0.4131
vn -0.1450 -0.9383 -0.3141
vn 0.1333 -0.9044 -0.4054
vn 0.2719 -0.8600 -0.4317
vn 0.1016 -0.8466 -0.5225
vn 0.2408 -0.7985 -0.5517
vn 0.3769 -0.7365 -0.5617
vn 0.4089 -0.7989 -0.4411
vn 0.6557 -0.6370 -0.4054
vn 0.7582 -0.5401 -0.3653
vn 0.6273 -0.5775 -0.5225
vn 0.7359 -0.4818 -0.4757
vn 0.9947 -0.0333 -0.0974
vn 0.9947 0.0727 -0.0728
vn -0.6407 -0.7643 -0.0728
vn -0.5547 -0.8263 -0.0974
vn -0.0053 -0.9309 -0.3652
vn -0.0396 -0.8787 -0.4757
vn 0.5386 -0.7236 -0.4317
vn 0.5069 -0.6623 -0.5517
vn -0.5025 -0.8101 -0.3022
vn -0.3714 -0.8300 -0.4162
vn -0.5928 -0.7098 -0.3805
vn -0.4641 -0.7244 -0.5097
vn -0.3298 -0.7150 -0.6164
vn -0.2356 -0.8285 -0.5080
vn 0.0524 -0.7691 -0.6369
vn 0.1948 -0.7168 -0.6695
vn -0.0342 -0.6404 -0.7673
vn 0.1154 -0.5819 -0.8050
vn 0.2624 -0.5126 -0.8176
vn 0.3338 -0.6523 -0.6805
vn 0.5932 -0.4923 -0.6369
vn 0.7087 -0.3976 -0.5829
vn 0.5394 -0.3468 -0.7673
vn 0.6639 -0.2518 -0.7041
vn 0.7729 -0.1506 -0.6164
vn 0.8098 -0.2934 -0.5080
vn 0.9509 -0.0661 -0.3023
vn 0.9825 0.0503 -0.1793
vn 0.9225 0.0657 -0.3804
vn 0.9627 0.2095 -0.1710
vn -0.7330 -0.6584 -0.1710
vn -0.6154 -0.7675 -0.1792
vn -0.0919 -0.8073 -0.5829
vn -0.1840 -0.6858 -0.7041
vn 0.4675 -0.5772 -0.6696
vn 0.4046 -0.4339 -0.8050
vn 0.8904 -0.1842 -0.4162
vn 0.8591 -0.0473 -0.5097
vn 0.8728 0.2368 -0.4269
vn 0.9131 0.3187 -0.2543
vn -0.7926 -0.5543 -0.2542
vn -0.7025 -0.5695 -0.4268
vn -0.4667 -0.5361 -0.7034
vn -0.3211 -0.4955 -0.8071
vn -0.1659 -0.4402 -0.8825
vn 0.1518 -0.2965 -0.9429
vn 0.3067 -0.2125 -0.9278
vn 0.4540 -0.1228 -0.8825
vn 0.7078 0.0650 -0.7034
vn 0.8013 0.1554 -0.5777
vn -0.5947 -0.5591 -0.5777
vn -0.0069 -0.3731 -0.9278
vn 0.5897 -0.0293 -0.8071
vn 0.5909 0.4040 -0.6983
vn 0.1828 0.1891 -0.9648
vn 0.1377 0.2669 -0.9538
vn 0.5429 0.4794 -0.6895
vn -0.0377 0.0737 -0.9966
vn -0.0799 0.1562 -0.9845
vn -0.1898 0.3708 -0.9091
vn 0.1121 0.5197 -0.8470
vn 0.4695 0.5750 -0.6700
vn -0.6732 -0.2430 -0.6984
vn -0.9025 -0.3643 -0.2297
vn -0.9341 -0.2771 -0.2252
vn -0.7063 -0.1600 -0.6895
vn -0.9257 -0.3784 -0.0000
vn -0.9576 -0.2880 -0.0000
vn -0.9994 -0.0336 -0.0000
vn -0.9452 -0.0145 -0.3261
vn -0.7410 -0.0446 -0.6700
vn -0.6732 -0.2430 0.6984
vn -0.2604 -0.0377 0.9648
vn -0.2970 0.0444 0.9538
vn -0.7063 -0.1600 0.6895
vn -0.0377 0.0737 0.9966
vn -0.0799 0.1562 0.9845
vn -0.1898 0.3708 0.9091
vn -0.4872 0.2130 0.8469
vn -0.7410 -0.0446 0.6700
vn 0.5909 0.4040 0.6983
vn 0.8233 0.5190 0.2297
vn 0.7710 0.5956 0.2252
vn 0.5429 0.4794 0.6895
vn 0.8483 0.5296 -0.0000
vn 0.7937 0.6084 -0.0000
vn 0.6118 0.7910 -0.0000
vn 0.5646 0.7582 0.3261
vn 0.4695 0.5750 0.6700
vn -0.0658 0.6725 -0.7371
vn -0.2798 0.5467 -0.7892
vn -0.2335 0.4561 -0.8587
vn -0.0127 0.5937 -0.8046
vn -0.0658 0.6725 0.7371
vn -0.2798 0.5467 0.7892
vn -0.0127 0.5937 0.8046
vn -0.2335 0.4561 0.8587
vn -0.5071 0.4466 -0.7371
vn -0.4742 0.3575 -0.8046
vn -0.5071 0.4466 0.7371
vn -0.4742 0.3575 0.8046
vn 0.5350 0.4755 0.6983
vn 0.1781 0.2803 0.9432
vn 0.0698 0.4753 0.8770
vn 0.3761 0.6652 0.6450
vn -0.0751 0.1466 0.9863
vn -0.1706 0.3333 0.9273
vn -0.3315 0.0195 0.9433
vn -0.4264 0.2214 0.8770
vn -0.6986 -0.1559 0.6983
vn -0.7595 0.0839 0.6450
vn -0.9188 -0.2734 0.2847
vn -0.9596 -0.0402 0.2786
vn -0.9555 -0.2949 -0.0000
vn -0.9970 -0.0775 -0.0000
vn 0.7980 0.6026 -0.0000
vn 0.7591 0.5855 0.2847
vn 0.5938 0.7549 0.2786
vn 0.6460 0.7634 -0.0000
vn -0.0751 0.1466 -0.9863
vn 0.1781 0.2804 -0.9432
vn 0.0698 0.4753 -0.8770
vn -0.1706 0.3333 -0.9273
vn 0.5350 0.4756 -0.6983
vn 0.3761 0.6652 -0.6450
vn -0.6986 -0.1559 -0.6983
vn -0.3315 0.0195 -0.9432
vn -0.4264 0.2214 -0.8770
vn -0.7595 0.0839 -0.6450
vn -0.9188 -0.2734 -0.2847
vn -0.9596 -0.0402 -0.2786
vn 0.7591 0.5855 -0.2847
vn 0.5938 0.7549 -0.2786
vn -0.7627 0.4307 0.4824
vn -0.9452 -0.0145 0.3261
vn -0.3808 0.7446 0.5483
vn -0.4557 0.8901 -0.0000
vn -0.8648 0.5021 -0.0000
vn 0.1124 0.5200 0.8468
vn 0.0966 0.8706 0.4824
vn 0.0984 0.9952 -0.0000
vn -0.7627 0.4307 -0.4824
vn -0.4872 0.2130 -0.8469
vn -0.3811 0.7444 -0.5483
vn 0.0966 0.8706 -0.4824
vn 0.5646 0.7582 -0.3261
vn -0.9025 -0.3643 0.2297
vn -0.9341 -0.2771 0.2252
vn 0.1828 0.1891 0.9648
vn 0.1377 0.2669 0.9538
vn 0.8233 0.5190 -0.2297
vn 0.7710 0.5956 -0.2252
vn -0.2604 -0.0377 -0.9648
vn -0.2970 0.0444 -0.9538
vn -0.0038 0.0074 -1.0000
vn -0.2297 -0.1126 -0.9667
vn -0.2342 -0.0888 -0.9681
vn -0.0128 0.0251 -0.9996
vn -0.6327 -0.3233 -0.7037
vn -0.6464 -0.2998 -0.7016
vn 0.8855 0.4646 -0.0000
vn 0.8612 0.4472 -0.2415
vn 0.8527 0.4686 -0.2308
vn 0.8764 0.4816 -0.0000
vn 0.6322 0.3241 -0.7037
vn 0.6212 0.3490 -0.7016
vn -0.0038 0.0074 1.0000
vn 0.2256 0.1205 0.9667
vn 0.2090 0.1381 0.9681
vn -0.0128 0.0251 0.9996
vn 0.6322 0.3241 0.7037
vn 0.6212 0.3490 0.7016
vn -0.8948 -0.4466 -0.0000
vn -0.8664 -0.4371 0.2415
vn -0.8788 -0.4177 0.2309
vn -0.9032 -0.4292 -0.0000
vn -0.6327 -0.3233 0.7037
vn -0.6464 -0.2998 0.7016
vn 0.8612 0.4472 0.2414
vn 0.8527 0.4686 0.2308
vn -0.2297 -0.1126 0.9667
vn -0.2343 -0.0888 0.9681
vn -0.8664 -0.4371 -0.2415
vn -0.8788 -0.4177 -0.2309
vn 0.2256 0.1205 -0.9667
vn 0.2090 0.1381 -0.9681
vn 0.2264 0.1543 -0.9617
vn 0.6150 0.3503 -0.7064
vn -0.0175 0.0343 -0.9993
vn -0.8748 -0.4061 -0.2642
vn -0.6438 -0.2939 -0.7064
vn -0.9087 -0.4174 -0.0000
vn -0.2576 -0.0934 0.9617
vn -0.6438 -0.2939 0.7065
vn -0.0175 0.0343 0.9993
vn 0.8411 0.4721 0.2641
vn 0.6149 0.3503 0.7065
vn 0.8700 0.4930 -0.0000
vn -0.8748 -0.4061 0.2641
vn 0.2264 0.1542 0.9617
vn 0.8411 0.4721 -0.2641
vn -0.2576 -0.0934 -0.9617
vt 0.117779 0.383307
vt 0.094697 0.376130
vt 0.246448 0.378911
vt 0.221515 0.385927
vt 0.039932 0.373692
vt 0.301821 0.376531
vt 0.356713 0.383741
vt 0.302616 0.385981
vt 0.266916 0.392592
vt 0.803925 0.383307
vt 0.758598 0.394989
vt 0.613223 0.397347
vt 0.562947 0.385927
vt 0.739220 0.410687
vt 0.636811 0.412695
vt 0.595085 0.417791
vt 0.558831 0.403342
vt 0.504473 0.392592
vt 0.725523 0.450762
vt 0.719179 0.472700
vt 0.667981 0.466570
vt 0.660329 0.450622
vt 0.671746 0.500000
vt 0.653445 0.472459
vt 0.638353 0.453841
vt 0.176770 0.500000
vt 0.143791 0.472700
vt 0.179319 0.466570
vt 0.189361 0.472455
vt 0.140027 0.450762
vt 0.184383 0.450623
vt 0.199375 0.453842
vt 0.135253 0.410687
vt 0.129157 0.394989
vt 0.207181 0.397343
vt 0.197444 0.412695
vt 0.242511 0.403342
vt 0.224595 0.417791
vt 1.039932 0.373692
vt 0.914991 0.376130
vt 0.437060 0.378911
vt 0.430561 0.385981
vt 0.729959 0.429718
vt 0.650871 0.431144
vt 0.620198 0.435207
vt 0.138489 0.429718
vt 0.190094 0.431140
vt 0.210570 0.435207
vt 0.198418 0.471371
vt 0.200318 0.478876
vt 0.209013 0.458065
vt 0.216706 0.464671
vt 0.265774 0.413016
vt 0.243102 0.426018
vt 0.293980 0.403342
vt 0.312333 0.417791
vt 0.283146 0.426018
vt 0.257876 0.437080
vt 0.428822 0.397393
vt 0.375474 0.395377
vt 0.483228 0.403342
vt 0.471918 0.417791
vt 0.427969 0.412733
vt 0.385206 0.411020
vt 0.600733 0.441641
vt 0.569978 0.426018
vt 0.624558 0.458065
vt 0.613863 0.464671
vt 0.585510 0.450408
vt 0.552012 0.437080
vt 0.224330 0.441641
vt 0.235728 0.450408
vt 0.329978 0.397393
vt 0.346282 0.412733
vt 0.531161 0.413016
vt 0.513936 0.426018
vt 0.640372 0.471371
vt 0.637786 0.478876
vt 0.574132 0.461005
vt 0.539715 0.450568
vt 0.604560 0.471978
vt 0.598966 0.480880
vt 0.566490 0.473160
vt 0.531770 0.465950
vt 0.244706 0.461005
vt 0.223541 0.471978
vt 0.268929 0.450568
vt 0.276536 0.465950
vt 0.250994 0.473160
vt 0.227769 0.480880
vt 0.356469 0.430756
vt 0.324791 0.435287
vt 0.390803 0.429250
vt 0.394271 0.445100
vt 0.364201 0.446897
vt 0.335301 0.455833
vt 0.503081 0.441881
vt 0.465143 0.435287
vt 0.496472 0.459997
vt 0.459354 0.455833
vt 0.626455 0.480872
vt 0.628396 0.488567
vt 0.208300 0.480872
vt 0.207002 0.488567
vt 0.295523 0.441881
vt 0.303764 0.459997
vt 0.427339 0.430756
vt 0.425784 0.446897
vt 0.254832 0.486306
vt 0.231083 0.490162
vt 0.280960 0.482644
vt 0.282418 0.500000
vt 0.256032 0.500000
vt 0.231538 0.500000
vt 0.335301 0.544167
vt 0.331491 0.521520
vt 0.346874 0.519820
vt 0.353526 0.535746
vt 0.331699 0.500000
vt 0.346095 0.500000
vt 0.355258 0.500000
vt 0.356507 0.517314
vt 0.363042 0.530958
vt 0.493784 0.479699
vt 0.466750 0.478480
vt 0.527335 0.482644
vt 0.525902 0.500000
vt 0.492895 0.500000
vt 0.467310 0.500000
vt 0.619214 0.493284
vt 0.594609 0.490162
vt 0.625179 0.500000
vt 0.594044 0.500000
vt 0.213542 0.493284
vt 0.209325 0.500000
vt 0.307721 0.479699
vt 0.331491 0.478476
vt 0.309020 0.500000
vt 0.466750 0.521520
vt 0.451732 0.519820
vt 0.453194 0.500000
vt 0.459354 0.544167
vt 0.442978 0.535746
vt 0.435635 0.530958
vt 0.443607 0.517314
vt 0.445380 0.500000
vt 0.561947 0.486306
vt 0.560557 0.500000
vt 0.061423 0.430511
vt 0.051078 0.411615
vt 0.068218 0.451918
vt 0.024126 0.452994
vt 0.017101 0.433043
vt 0.007315 0.415142
vt 1.094697 0.376130
vt 0.989891 0.377502
vt 0.957959 0.375101
vt 1.117779 0.383307
vt 1.016183 0.384585
vt 0.979813 0.389631
vt 0.962569 0.382990
vt 0.943801 0.380746
vt 0.036327 0.396111
vt 0.016183 0.384585
vt 1.036327 0.396111
vt 1.051078 0.411615
vt 1.007315 0.415142
vt 0.994845 0.400477
vt 0.923106 0.377502
vt 0.889687 0.384585
vt 0.924518 0.382990
vt 0.905861 0.389631
vt 0.807590 0.475134
vt 0.805569 0.500000
vt 0.813452 0.451918
vt 0.854268 0.452994
vt 0.850333 0.473974
vt 0.859083 0.500000
vt 0.861342 0.396111
vt 0.839472 0.411615
vt 0.888890 0.400477
vt 0.874353 0.415142
vt 0.823802 0.430511
vt 0.862709 0.433047
vt 0.072072 0.475134
vt 0.073404 0.500000
vt 0.016169 0.500000
vt 0.027015 0.473974
vt 1.016169 0.500000
vt 1.001951 0.500000
vt 0.999985 0.494478
vt 1.002897 0.490461
vt 0.991564 0.500000
vt 0.991700 0.492216
vt 0.992959 0.484669
vt 0.969388 0.500000
vt 0.959531 0.500000
vt 0.959924 0.487018
vt 0.969825 0.488116
vt 0.950881 0.500000
vt 0.951185 0.486441
vt 0.952108 0.472295
vt 0.961112 0.473641
vt 0.971134 0.476045
vt 0.936223 0.500000
vt 0.929213 0.500000
vt 0.929114 0.486187
vt 0.936264 0.486124
vt 0.921719 0.500000
vt 0.921492 0.486441
vt 0.920819 0.472295
vt 0.928823 0.471645
vt 0.936397 0.471472
vt 0.903647 0.500000
vt 0.892941 0.500000
vt 0.892593 0.489887
vt 0.903274 0.488115
vt 0.882126 0.500000
vt 0.882004 0.492216
vt 0.880867 0.484669
vt 0.891468 0.479783
vt 0.902158 0.476045
vt 0.980399 0.500000
vt 0.980796 0.489887
vt 0.982072 0.479783
vt 0.943268 0.500000
vt 0.943451 0.486187
vt 0.944006 0.471645
vt 0.913253 0.500000
vt 0.912932 0.487018
vt 0.911974 0.473641
vt 0.872210 0.500000
vt 0.874062 0.494478
vt 0.871337 0.490461
vt 0.889663 0.469675
vt 0.900311 0.463701
vt 0.879498 0.477024
vt 0.877203 0.470244
vt 0.887130 0.459929
vt 0.897752 0.451374
vt 0.984135 0.469675
vt 0.994489 0.477020
vt 0.973325 0.463701
vt 0.976398 0.451374
vt 0.987051 0.459929
vt 0.997045 0.470244
vt 0.944958 0.455841
vt 0.953677 0.457132
vt 0.936643 0.455462
vt 0.937037 0.438282
vt 0.946352 0.438974
vt 0.955924 0.441193
vt 0.910380 0.459613
vt 0.919708 0.457132
vt 0.908174 0.445197
vt 0.918177 0.441193
vt 0.872134 0.483842
vt 0.868831 0.481732
vt 0.002897 0.490461
vt 0.002088 0.483842
vt 0.005630 0.481732
vt 1.002088 0.483842
vt 1.005630 0.481732
vt 0.963115 0.459613
vt 0.965951 0.445197
vt 0.928352 0.455841
vt 0.927731 0.438974
vt 0.990713 0.450804
vt 0.999858 0.463591
vt 0.980360 0.439544
vt 0.985182 0.429132
vt 0.995127 0.443075
vt 1.003487 0.458706
vt 0.948250 0.421690
vt 0.958917 0.425090
vt 0.937632 0.420589
vt 0.938492 0.404101
vt 0.950724 0.405646
vt 0.962705 0.410303
vt 0.905364 0.430963
vt 0.916243 0.425090
vt 0.894503 0.439544
vt 0.890621 0.429136
vt 0.901990 0.418129
vt 0.913942 0.410303
vt 0.868516 0.474725
vt 0.874712 0.463591
vt 0.864841 0.475067
vt 0.871494 0.458706
vt 0.006072 0.474725
vt 0.010050 0.475067
vt 1.006072 0.474725
vt 1.010050 0.475067
vt 0.969666 0.430963
vt 0.974272 0.418129
vt 0.926987 0.421690
vt 0.926173 0.405646
vt 0.883979 0.450804
vt 0.880215 0.443075
vt 0.862225 0.469042
vt 0.867132 0.454496
vt 0.013252 0.469042
vt 0.003487 0.458706
vt 0.008622 0.454496
vt 0.980608 0.407860
vt 0.991815 0.420972
vt 0.967991 0.398300
vt 0.925355 0.392504
vt 0.939925 0.390559
vt 0.911101 0.398300
vt 0.875148 0.437097
vt 0.885532 0.420972
vt 1.001307 0.437097
vt 1.008622 0.454496
vt 1.017101 0.433043
vt 0.001307 0.437097
vt 0.954295 0.392504
vt 0.897669 0.407860
vt 0.117779 0.616693
vt 0.221515 0.614074
vt 0.246448 0.621089
vt 0.094697 0.623870
vt 0.266916 0.607408
vt 0.302616 0.614019
vt 0.356713 0.616259
vt 0.301821 0.623469
vt 0.039932 0.626308
vt 0.803925 0.616693
vt 0.562947 0.614074
vt 0.613223 0.602653
vt 0.758598 0.605011
vt 0.504474 0.607408
vt 0.558831 0.596658
vt 0.595085 0.582208
vt 0.636811 0.587305
vt 0.739220 0.589313
vt 0.725523 0.549238
vt 0.660329 0.549377
vt 0.667981 0.533430
vt 0.719179 0.527300
vt 0.638353 0.546159
vt 0.653445 0.527541
vt 0.189361 0.527541
vt 0.179319 0.533430
vt 0.143791 0.527300
vt 0.199375 0.546159
vt 0.184383 0.549377
vt 0.140027 0.549238
vt 0.135253 0.589313
vt 0.197444 0.587305
vt 0.207181 0.602653
vt 0.129157 0.605011
vt 0.224595 0.582208
vt 0.242511 0.596658
vt 1.039932 0.626308
vt 0.437033 0.621089
vt 0.914991 0.623870
vt 0.430567 0.614019
vt 0.650871 0.568856
vt 0.729959 0.570282
vt 0.620198 0.564793
vt 0.190094 0.568856
vt 0.138489 0.570282
vt 0.210570 0.564793
vt 0.200318 0.521124
vt 0.198418 0.528629
vt 0.216706 0.535329
vt 0.209013 0.541935
vt 0.243102 0.573982
vt 0.265774 0.586984
vt 0.257876 0.562920
vt 0.283146 0.573982
vt 0.312333 0.582208
vt 0.293980 0.596658
vt 0.375474 0.604623
vt 0.428822 0.602606
vt 0.385206 0.588980
vt 0.427969 0.587267
vt 0.471918 0.582208
vt 0.483228 0.596658
vt 0.569978 0.573982
vt 0.600733 0.558360
vt 0.552012 0.562920
vt 0.585510 0.549592
vt 0.613863 0.535329
vt 0.624558 0.541935
vt 0.224331 0.558360
vt 0.235728 0.549592
vt 0.329978 0.602606
vt 0.346282 0.587267
vt 0.531161 0.586984
vt 0.513936 0.573982
vt 0.640372 0.528629
vt 0.637786 0.521124
vt 0.539715 0.549432
vt 0.574132 0.538995
vt 0.531770 0.534050
vt 0.566490 0.526840
vt 0.598966 0.519120
vt 0.604560 0.528022
vt 0.223541 0.528022
vt 0.244706 0.538995
vt 0.227769 0.519120
vt 0.250994 0.526840
vt 0.276536 0.534050
vt 0.268929 0.549432
vt 0.324791 0.564713
vt 0.356469 0.569244
vt 0.364201 0.553102
vt 0.394271 0.554900
vt 0.390803 0.570750
vt 0.465143 0.564713
vt 0.503081 0.558119
vt 0.496472 0.540003
vt 0.626455 0.519128
vt 0.628396 0.511433
vt 0.207002 0.511433
vt 0.208300 0.519128
vt 0.295523 0.558119
vt 0.303764 0.540003
vt 0.427339 0.569244
vt 0.425784 0.553102
vt 0.231083 0.509838
vt 0.254832 0.513694
vt 0.280960 0.517356
vt 0.346874 0.480180
vt 0.353526 0.464254
vt 0.363042 0.469042
vt 0.356507 0.482686
vt 0.493784 0.520301
vt 0.527335 0.517356
vt 0.594609 0.509838
vt 0.619214 0.506717
vt 0.213542 0.506717
vt 0.307721 0.520301
vt 0.451732 0.480180
vt 0.442978 0.464254
vt 0.443607 0.482686
vt 0.435635 0.469042
vt 0.561947 0.513694
vt 0.051078 0.588385
vt 0.061423 0.569489
vt 0.007315 0.584858
vt 0.017101 0.566953
vt 0.024126 0.547006
vt 0.068218 0.548082
vt 0.957959 0.624899
vt 0.989891 0.622499
vt 1.094697 0.623870
vt 0.943801 0.619254
vt 0.962569 0.617010
vt 0.979813 0.610369
vt 1.016183 0.615415
vt 1.117779 0.616693
vt 0.016183 0.615415
vt 0.036331 0.603889
vt 0.994845 0.599522
vt 1.036331 0.603889
vt 1.007315 0.584858
vt 1.051078 0.588385
vt 0.889687 0.615415
vt 0.923106 0.622499
vt 0.905861 0.610369
vt 0.924518 0.617010
vt 0.807590 0.524866
vt 0.850333 0.526026
vt 0.854268 0.547006
vt 0.813452 0.548082
vt 0.839472 0.588385
vt 0.861342 0.603889
vt 0.874353 0.584858
vt 0.888890 0.599522
vt 0.823802 0.569489
vt 0.862709 0.566958
vt 0.072072 0.524866
vt 0.027015 0.526026
vt 1.002897 0.509539
vt 0.999985 0.505523
vt 0.992959 0.515331
vt 0.991700 0.507784
vt 0.969825 0.511885
vt 0.959924 0.512982
vt 0.971134 0.523954
vt 0.961112 0.526359
vt 0.952108 0.527705
vt 0.951185 0.513559
vt 0.936264 0.513876
vt 0.929114 0.513812
vt 0.936397 0.528528
vt 0.928823 0.528355
vt 0.920819 0.527705
vt 0.921492 0.513559
vt 0.903274 0.511885
vt 0.892593 0.510112
vt 0.902158 0.523954
vt 0.891468 0.520217
vt 0.880867 0.515331
vt 0.882004 0.507784
vt 0.980796 0.510112
vt 0.982072 0.520217
vt 0.943451 0.513812
vt 0.944006 0.528355
vt 0.912932 0.512982
vt 0.911974 0.526359
vt 0.874062 0.505523
vt 0.871337 0.509539
vt 0.900311 0.536299
vt 0.889663 0.530325
vt 0.897752 0.548626
vt 0.887130 0.540071
vt 0.877203 0.529756
vt 0.879498 0.522980
vt 0.994489 0.522980
vt 0.984135 0.530325
vt 0.997045 0.529756
vt 0.987051 0.540071
vt 0.976398 0.548626
vt 0.973325 0.536299
vt 0.953677 0.542868
vt 0.944958 0.544159
vt 0.955924 0.558807
vt 0.946352 0.561026
vt 0.937037 0.561718
vt 0.936643 0.544538
vt 0.919708 0.542868
vt 0.910380 0.540387
vt 0.918177 0.558807
vt 0.908174 0.554803
vt 0.872134 0.516158
vt 0.868831 0.518272
vt 0.005630 0.518268
vt 0.002088 0.516158
vt 0.002897 0.509539
vt 1.002088 0.516158
vt 1.005630 0.518268
vt 0.963115 0.540387
vt 0.965951 0.554803
vt 0.928352 0.544159
vt 0.927731 0.561026
vt 0.999858 0.536409
vt 0.990713 0.549196
vt 1.003487 0.541294
vt 0.995127 0.556925
vt 0.985182 0.570868
vt 0.980360 0.560456
vt 0.958917 0.574910
vt 0.948250 0.578310
vt 0.962705 0.589697
vt 0.950724 0.594354
vt 0.938492 0.595898
vt 0.937632 0.579412
vt 0.916243 0.574910
vt 0.905364 0.569037
vt 0.913942 0.589697
vt 0.901990 0.581871
vt 0.890621 0.570868
vt 0.894503 0.560456
vt 0.874712 0.536409
vt 0.868516 0.525275
vt 0.871494 0.541294
vt 0.864841 0.524934
vt 0.010050 0.524934
vt 0.006072 0.525275
vt 1.006072 0.525275
vt 1.010050 0.524934
vt 0.969666 0.569037
vt 0.974272 0.581871
vt 0.926987 0.578310
vt 0.926173 0.594354
vt 0.883979 0.549196
vt 0.880215 0.556925
vt 0.867132 0.545504
vt 0.862225 0.530958
vt 0.013252 0.530958
vt 0.008622 0.545505
vt 0.003487 0.541294
vt 0.991815 0.579027
vt 0.980608 0.592140
vt 0.967991 0.601700
vt 0.939925 0.609441
vt 0.925355 0.607496
vt 0.911101 0.601700
vt 0.885532 0.579027
vt 0.875148 0.562903
vt 1.008622 0.545505
vt 1.001307 0.562903
vt 0.001307 0.562903
vt 1.017101 0.566953
vt 0.954295 0.607496
vt 0.897669 0.592140
vt 0.424796 0.522060
vt 0.419104 0.526541
vt 0.418795 0.522668
vt 0.423107 0.518985
vt 0.411471 0.527490
vt 0.412922 0.523444
vt 0.413844 0.517108
vt 0.418390 0.516703
vt 0.421421 0.515530
vt 0.398162 0.522060
vt 0.395964 0.512521
vt 0.401070 0.510847
vt 0.402656 0.518985
vt 0.395727 0.500000
vt 0.400908 0.500000
vt 0.405736 0.500000
vt 0.405726 0.509239
vt 0.405825 0.515530
vt 0.398162 0.477940
vt 0.403815 0.473459
vt 0.407007 0.477332
vt 0.402656 0.481015
vt 0.411471 0.472510
vt 0.412922 0.476556
vt 0.413844 0.482892
vt 0.409205 0.483298
vt 0.405825 0.484470
vt 0.424796 0.477940
vt 0.427135 0.487478
vt 0.424823 0.489153
vt 0.423107 0.481015
vt 0.427460 0.500000
vt 0.425059 0.500000
vt 0.422002 0.500000
vt 0.421905 0.490761
vt 0.421421 0.484470
vt 0.422311 0.543669
vt 0.396555 0.545589
vt 0.398246 0.540176
vt 0.419157 0.538214
vt 0.422311 0.456331
vt 0.396555 0.454411
vt 0.419157 0.461786
vt 0.398246 0.459824
vt 0.371741 0.543670
vt 0.377946 0.538214
vt 0.371741 0.456331
vt 0.377946 0.461786
vt 0.426895 0.475860
vt 0.415906 0.470114
vt 0.416816 0.466545
vt 0.430300 0.473059
vt 0.401950 0.468523
vt 0.399825 0.464705
vt 0.388190 0.470114
vt 0.383206 0.466545
vt 0.377774 0.475860
vt 0.370715 0.473059
vt 0.372906 0.486521
vt 0.364844 0.484985
vt 0.371861 0.500000
vt 0.363547 0.500000
vt 0.433716 0.500000
vt 0.432403 0.486521
vt 0.437150 0.484985
vt 0.438832 0.500000
vt 0.401950 0.531477
vt 0.415906 0.529886
vt 0.416816 0.533456
vt 0.399825 0.535295
vt 0.426895 0.524140
vt 0.430300 0.526942
vt 0.377774 0.524140
vt 0.388190 0.529886
vt 0.383206 0.533456
vt 0.370715 0.526942
vt 0.372906 0.513479
vt 0.364844 0.515015
vt 0.432403 0.513479
vt 0.437150 0.515015
vt 0.409965 0.491073
vt 0.405726 0.490761
vt 0.414213 0.490989
vt 0.414278 0.500000
vt 0.410076 0.500000
vt 0.418390 0.483298
vt 0.418344 0.491073
vt 0.418360 0.500000
vt 0.409965 0.508927
vt 0.409205 0.516703
vt 0.414213 0.509011
vt 0.418344 0.508927
vt 0.421905 0.509239
vt 0.395964 0.487478
vt 0.401070 0.489153
vt 0.419104 0.473459
vt 0.418795 0.477332
vt 0.427135 0.512521
vt 0.424823 0.510847
vt 0.403815 0.526541
vt 0.407007 0.522668
vt 0.407421 0.529392
vt 0.396934 0.528283
vt 0.400459 0.528085
vt 0.409648 0.529102
vt 0.389168 0.523376
vt 0.393685 0.523330
vt 0.429796 0.500000
vt 0.429251 0.513226
vt 0.428518 0.513234
vt 0.428914 0.500000
vt 0.425850 0.523376
vt 0.425684 0.523330
vt 0.407421 0.470603
vt 0.417919 0.471717
vt 0.418823 0.471915
vt 0.409648 0.470898
vt 0.425850 0.476624
vt 0.425684 0.476670
vt 0.385678 0.500000
vt 0.386068 0.486774
vt 0.391066 0.486766
vt 0.390790 0.500000
vt 0.389168 0.476624
vt 0.393685 0.476670
vt 0.429251 0.486774
vt 0.428518 0.486766
vt 0.396934 0.471717
vt 0.400459 0.471915
vt 0.386068 0.513226
vt 0.391066 0.513234
vt 0.417919 0.528283
vt 0.418823 0.528085
vt 0.416654 0.528448
vt 0.425855 0.523242
vt 0.404730 0.529768
vt 0.380135 0.513066
vt 0.383992 0.523242
vt 0.379464 0.500000
vt 0.392876 0.471552
vt 0.383992 0.476754
vt 0.404730 0.470232
vt 0.430136 0.486934
vt 0.425855 0.476754
vt 0.431005 0.500000
vt 0.380135 0.486934
vt 0.416654 0.471552
vt 0.430136 0.513066
vt 0.392876 0.528448
s 1
usemtl Glass
f 4049/1994/4045 4218/1995/4046 4567/1996/4047 4225/1997/4048
f 4218/1995/4046 4048/1998/4049 4226/1999/4050 4567/1996/4047
f 4567/1996/4047 4226/1999/4050 4054/2000/4051 4222/2001/4052
f 4225/1997/4048 4567/1996/4047 4222/2001/4052 4055/2002/4053
f 4047/2003/4054 4216/2004/4055 4568/2005/4056 4227/2006/4057
f 4216/2004/4055 4046/2007/4058 4228/2008/4059 4568/2005/4056
f 4568/2005/4056 4228/2008/4059 4052/2009/4060 4220/2010/4061
f 4227/2006/4057 4568/2005/4056 4220/2010/4061 4053/2011/4062
f 4045/2012/4063 4270/2013/4064 4569/2014/4065 4229/2015/4066
f 4079/2016/4067 4274/2017/4068 4569/2014/4065 4270/2013/4064
f 4051/2018/4069 4229/2015/4066 4569/2014/4065 4274/2017/4068
f 4078/2019/4070 4273/2020/4071 4570/2021/4072 4275/2022/4073
f 4050/2023/4074 4230/2024/4075 4570/2021/4072 4273/2020/4071
f 4057/2025/4076 4275/2022/4073 4570/2021/4072 4230/2024/4075
f 4080/2026/4077 4271/2027/4078 4571/2028/4079 4276/2029/4080
f 4271/2027/4078 4049/1994/4045 4225/1997/4048 4571/2028/4079
f 4571/2028/4079 4225/1997/4048 4055/2002/4053 4223/2030/4081
f 4276/2029/4080 4571/2028/4079 4223/2030/4081 4056/2031/4082
f 4048/2032/4049 4217/2033/4083 4572/2034/4084 4226/1999/4050
f 4217/2033/4083 4047/2003/4054 4227/2006/4057 4572/2034/4084
f 4572/2034/4084 4227/2006/4057 4053/2011/4062 4221/2035/4085
f 4226/1999/4050 4572/2034/4084 4221/2035/4085 4054/2000/4051
f 4046/2007/4058 4215/2036/4086 4573/2037/4087 4228/2008/4059
f 4215/2036/4086 4045/2012/4063 4229/2015/4066 4573/2037/4087
f 4573/2037/4087 4229/2015/4066 4051/2018/4069 4219/2038/4088
f 4228/2008/4059 4573/2037/4087 4219/2038/4088 4052/2009/4060
f 4050/2023/4074 4272/2039/4089 4574/2040/4090 4230/2024/4075
f 4272/2039/4089 4080/2026/4077 4276/2029/4080 4574/2040/4090
f 4574/2040/4090 4276/2029/4080 4056/2031/4082 4224/2041/4091
f 4230/2024/4075 4574/2040/4090 4224/2041/4091 4057/2025/4076
f 4078/2019/4070 4275/2022/4073 4575/2042/4092 4278/2043/4093
f 4057/2025/4076 4237/2044/4094 4575/2042/4092 4275/2022/4073
f 4064/2045/4095 4278/2043/4093 4575/2042/4092 4237/2044/4094
f 4056/2031/4082 4223/2030/4081 4576/2046/4096 4238/2047/4097
f 4223/2030/4081 4055/2002/4053 4239/2048/4098 4576/2046/4096
f 4576/2046/4096 4239/2048/4098 4062/2049/4099 4235/2050/4100
f 4238/2047/4097 4576/2046/4096 4235/2050/4100 4063/2051/4101
f 4054/2000/4051 4221/2035/4085 4577/2052/4102 4240/2053/4103
f 4221/2035/4085 4053/2011/4062 4241/2054/4104 4577/2052/4102
f 4577/2052/4102 4241/2054/4104 4060/2055/4105 4233/2056/4106
f 4240/2053/4103 4577/2052/4102 4233/2056/4106 4061/2057/4107
f 4052/2009/4060 4219/2038/4088 4578/2058/4108 4242/2059/4109
f 4219/2038/4088 4051/2018/4069 4243/2060/4110 4578/2058/4108
f 4578/2058/4108 4243/2060/4110 4058/2061/4111 4231/2062/4112
f 4242/2059/4109 4578/2058/4108 4231/2062/4112 4059/2063/4113
f 4057/2025/4076 4224/2041/4091 4579/2064/4114 4237/2044/4094
f 4224/2041/4091 4056/2031/4082 4238/2047/4097 4579/2064/4114
f 4579/2064/4114 4238/2047/4097 4063/2051/4101 4236/2065/4115
f 4237/2044/4094 4579/2064/4114 4236/2065/4115 4064/2045/4095
f 4055/2002/4053 4222/2001/4052 4580/2066/4116 4239/2048/4098
f 4222/2001/4052 4054/2000/4051 4240/2053/4103 4580/2066/4116
f 4580/2066/4116 4240/2053/4103 4061/2057/4107 4234/2067/4117
f 4239/2048/4098 4580/2066/4116 4234/2067/4117 4062/2049/4099
f 4053/2011/4062 4220/2010/4061 4581/2068/4118 4241/2054/4104
f 4220/2010/4061 4052/2009/4060 4242/2059/4109 4581/2068/4118
f 4581/2068/4118 4242/2059/4109 4059/2063/4113 4232/2069/4119
f 4241/2054/4104 4581/2068/4118 4232/2069/4119 4060/2055/4105
f 4051/2018/4069 4274/2017/4068 4582/2070/4120 4243/2060/4110
f 4079/2016/4067 4277/2071/4121 4582/2070/4120 4274/2017/4068
f 4058/2061/4111 4243/2060/4110 4582/2070/4120 4277/2071/4121
f 4059/2063/4113 4231/2062/4112 4583/2072/4122 4250/2073/4123
f 4231/2062/4112 4058/2061/4111 4251/2074/4124 4583/2072/4122
f 4583/2072/4122 4251/2074/4124 4065/2075/4125 4244/2076/4126
f 4250/2073/4123 4583/2072/4122 4244/2076/4126 4066/2077/4127
f 4064/2045/4095 4236/2065/4115 4584/2078/4128 4252/2079/4129
f 4236/2065/4115 4063/2051/4101 4253/2080/4130 4584/2078/4128
f 4584/2078/4128 4253/2080/4130 4070/2081/4131 4249/2082/4132
f 4252/2079/4129 4584/2078/4128 4249/2082/4132 4071/2083/4133
f 4062/2049/4099 4234/2067/4117 4585/2084/4134 4254/2085/4135
f 4234/2067/4117 4061/2057/4107 4255/2086/4136 4585/2084/4134
f 4585/2084/4134 4255/2086/4136 4068/2087/4137 4247/2088/4138
f 4254/2085/4135 4585/2084/4134 4247/2088/4138 4069/2089/4139
f 4060/2055/4105 4232/2069/4119 4586/2090/4140 4256/2091/4141
f 4232/2069/4119 4059/2063/4113 4250/2073/4123 4586/2090/4140
f 4586/2090/4140 4250/2073/4123 4066/2077/4127 4245/2092/4142
f 4256/2091/4141 4586/2090/4140 4245/2092/4142 4067/2093/4143
f 4058/2061/4111 4277/2071/4121 4587/2094/4144 4251/2074/4124
f 4079/2016/4067 4279/2095/4145 4587/2094/4144 4277/2071/4121
f 4065/2075/4125 4251/2074/4124 4587/2094/4144 4279/2095/4145
f 4078/2019/4070 4278/2043/4093 4588/2096/4146 4280/2097/4147
f 4064/2045/4095 4252/2079/4129 4588/2096/4146 4278/2043/4093
f 4071/2083/4133 4280/2097/4147 4588/2096/4146 4252/2079/4129
f 4063/2051/4101 4235/2050/4100 4589/2098/4148 4253/2080/4130
f 4235/2050/4100 4062/2049/4099 4254/2085/4135 4589/2098/4148
f 4589/2098/4148 4254/2085/4135 4069/2089/4139 4248/2099/4149
f 4253/2080/4130 4589/2098/4148 4248/2099/4149 4070/2081/4131
f 4061/2057/4107 4233/2056/4106 4590/2100/4150 4255/2086/4136
f 4233/2056/4106 4060/2055/4105 4256/2091/4141 4590/2100/4150
f 4590/2100/4150 4256/2091/4141 4067/2093/4143 4246/2101/4151
f 4255/2086/4136 4590/2100/4150 4246/2101/4151 4068/2087/4137
f 4071/2083/4133 4249/2082/4132 4591/2102/4152 4263/2103/4153
f 4249/2082/4132 4070/2081/4131 4264/2104/4154 4591/2102/4152
f 4591/2102/4152 4264/2104/4154 4076/2105/4155 4262/2106/4156
f 4263/2103/4153 4591/2102/4152 4262/2106/4156 4077/2107/4157
f 4142/2108/4158 4404/2109/4159 4592/2110/4160 4500/2111/4161
f 4404/2109/4159 4075/2112/4162 4259/2113/4163 4592/2110/4160
f 4592/2110/4160 4259/2113/4163 4186/2114/4164 4496/2115/4165
f 4500/2111/4161 4592/2110/4160 4496/2115/4165 4190/2116/4166
f 4067/2093/4143 4245/2092/4142 4593/2117/4167 4267/2118/4168
f 4245/2092/4142 4066/2077/4127 4268/2119/4169 4593/2117/4167
f 4593/2117/4167 4268/2119/4169 4073/2120/4170 4258/2121/4171
f 4267/2118/4168 4593/2117/4167 4258/2121/4171 4074/2122/4172
f 4065/2075/4125 4279/2095/4145 4594/2123/4173 4269/2124/4174
f 4079/2016/4067 4281/2125/4175 4594/2123/4173 4279/2095/4145
f 4072/2126/4176 4269/2124/4174 4594/2123/4173 4281/2125/4175
f 4078/2019/4070 4280/2097/4147 4595/2127/4177 4282/2128/4178
f 4071/2083/4133 4263/2103/4153 4595/2127/4177 4280/2097/4147
f 4077/2107/4157 4282/2128/4178 4595/2127/4177 4263/2103/4153
f 4070/2081/4131 4248/2099/4149 4596/2129/4179 4264/2104/4154
f 4248/2099/4149 4069/2089/4139 4265/2130/4180 4596/2129/4179
f 4596/2129/4179 4265/2130/4180 4075/2112/4162 4261/2131/4181
f 4264/2104/4154 4596/2129/4179 4261/2131/4181 4076/2105/4155
f 4074/2122/4172 4406/2132/4182 4597/2133/4183 4405/2134/4184
f 4406/2132/4182 4140/2135/4185 4499/2136/4186 4597/2133/4183
f 4597/2133/4183 4499/2136/4186 4188/2137/4187 4498/2138/4188
f 4405/2134/4184 4597/2133/4183 4498/2138/4188 4187/2139/4189
f 4066/2077/4127 4244/2076/4126 4598/2140/4190 4268/2119/4169
f 4244/2076/4126 4065/2075/4125 4269/2124/4174 4598/2140/4190
f 4598/2140/4190 4269/2124/4174 4072/2126/4176 4257/2141/4191
f 4268/2119/4169 4598/2140/4190 4257/2141/4191 4073/2120/4170
f 4080/2026/4077 4272/2039/4089 4599/2142/4192 4284/2143/4193
f 4272/2039/4089 4050/2023/4074 4290/2144/4194 4599/2142/4192
f 4599/2142/4192 4290/2144/4194 4086/2145/4195 4344/2146/4196
f 4284/2143/4193 4599/2142/4192 4344/2146/4196 4117/2147/4197
f 4048/2032/4049 4218/2148/4046 4600/2149/4198 4285/2150/4199
f 4218/2148/4046 4049/2151/4045 4283/2152/4200 4600/2149/4198
f 4600/2149/4198 4283/2152/4200 4085/2153/4201 4295/2154/4202
f 4285/2150/4199 4600/2149/4198 4295/2154/4202 4084/2155/4203
f 4049/1994/4045 4271/2027/4078 4601/2156/4204 4283/2157/4200
f 4271/2027/4078 4080/2026/4077 4284/2143/4193 4601/2156/4204
f 4601/2158/4204 4284/2159/4193 4117/2160/4197 4343/2161/4205
f 4283/2152/4200 4601/2158/4204 4343/2161/4205 4085/2153/4201
f 4047/2003/4054 4217/2033/4083 4602/2162/4206 4286/2163/4207
f 4217/2033/4083 4048/2032/4049 4285/2150/4199 4602/2162/4206
f 4602/2162/4206 4285/2150/4199 4084/2155/4203 4294/2164/4208
f 4286/2163/4207 4602/2162/4206 4294/2164/4208 4083/2165/4209
f 4079/2016/4067 4270/2013/4064 4603/2166/4210 4289/2167/4211
f 4270/2013/4064 4045/2012/4063 4287/2168/4212 4603/2166/4210
f 4603/2166/4210 4287/2168/4212 4081/2169/4213 4342/2170/4214
f 4289/2167/4211 4603/2166/4210 4342/2170/4214 4088/2171/4215
f 4046/2007/4058 4216/2004/4055 4604/2172/4216 4288/2173/4217
f 4216/2004/4055 4047/2003/4054 4286/2163/4207 4604/2172/4216
f 4604/2172/4216 4286/2163/4207 4083/2165/4209 4293/2174/4218
f 4288/2173/4217 4604/2172/4216 4293/2174/4218 4082/2175/4219
f 4045/2012/4063 4215/2036/4086 4605/2176/4220 4287/2168/4212
f 4215/2036/4086 4046/2007/4058 4288/2173/4217 4605/2176/4220
f 4605/2176/4220 4288/2173/4217 4082/2175/4219 4292/2177/4221
f 4287/2168/4212 4605/2176/4220 4292/2177/4221 4081/2169/4213
f 4050/2023/4074 4273/2020/4071 4606/2178/4222 4290/2144/4194
f 4273/2020/4071 4078/2019/4070 4291/2179/4223 4606/2178/4222
f 4606/2178/4222 4291/2179/4223 4087/2180/4224 4345/2181/4225
f 4290/2144/4194 4606/2178/4222 4345/2181/4225 4086/2145/4195
f 4087/2182/4224 4347/2183/4226 4607/2184/4227 4349/2185/4228
f 4095/2186/4229 4308/2187/4230 4607/2184/4227 4347/2183/4226
f 4102/2188/4231 4349/2185/4228 4607/2184/4227 4308/2187/4230
f 4094/2189/4232 4300/2190/4233 4608/2191/4234 4309/2192/4235
f 4300/2190/4233 4093/2193/4236 4310/2194/4237 4608/2191/4234
f 4608/2191/4234 4310/2194/4237 4100/2195/4238 4306/2196/4239
f 4309/2192/4235 4608/2191/4234 4306/2196/4239 4101/2197/4240
f 4092/2198/4241 4298/2199/4242 4609/2200/4243 4311/2201/4244
f 4298/2199/4242 4091/2202/4245 4312/2203/4246 4609/2200/4243
f 4609/2200/4243 4312/2203/4246 4098/2204/4247 4304/2205/4248
f 4311/2201/4244 4609/2200/4243 4304/2205/4248 4099/2206/4249
f 4090/2207/4250 4296/2208/4251 4610/2209/4252 4313/2210/4253
f 4296/2208/4251 4089/2211/4254 4314/2212/4255 4610/2209/4252
f 4610/2209/4252 4314/2212/4255 4096/2213/4256 4302/2214/4257
f 4313/2210/4253 4610/2209/4252 4302/2214/4257 4097/2215/4258
f 4095/2186/4229 4301/2216/4259 4611/2217/4260 4308/2187/4230
f 4301/2216/4259 4094/2189/4232 4309/2192/4235 4611/2217/4260
f 4611/2217/4260 4309/2192/4235 4101/2197/4240 4307/2218/4261
f 4308/2187/4230 4611/2217/4260 4307/2218/4261 4102/2188/4231
f 4093/2193/4236 4299/2219/4262 4612/2220/4263 4310/2194/4237
f 4299/2219/4262 4092/2198/4241 4311/2201/4244 4612/2220/4263
f 4612/2220/4263 4311/2201/4244 4099/2206/4249 4305/2221/4264
f 4310/2194/4237 4612/2220/4263 4305/2221/4264 4100/2195/4238
f 4091/2202/4245 4297/2222/4265 4613/2223/4266 4312/2203/4246
f 4297/2222/4265 4090/2207/4250 4313/2210/4253 4613/2223/4266
f 4613/2223/4266 4313/2210/4253 4097/2215/4258 4303/2224/4267
f 4312/2203/4246 4613/2223/4266 4303/2224/4267 4098/2204/4247
f 4089/2211/4254 4346/2225/4268 4614/2226/4269 4314/2212/4255
f 4088/2171/4215 4348/2227/4270 4614/2226/4269 4346/2225/4268
f 4096/2213/4256 4314/2212/4255 4614/2226/4269 4348/2227/4270
f 4097/2215/4258 4302/2214/4257 4615/2228/4271 4321/2229/4272
f 4302/2214/4257 4096/2213/4256 4322/2230/4273 4615/2228/4271
f 4615/2228/4271 4322/2230/4273 4103/2231/4274 4315/2232/4275
f 4321/2229/4272 4615/2228/4271 4315/2232/4275 4104/2233/4276
f 4102/2188/4231 4307/2218/4261 4616/2234/4277 4323/2235/4278
f 4307/2218/4261 4101/2197/4240 4324/2236/4279 4616/2234/4277
f 4616/2234/4277 4324/2236/4279 4108/2237/4280 4320/2238/4281
f 4323/2235/4278 4616/2234/4277 4320/2238/4281 4109/2239/4282
f 4100/2195/4238 4305/2221/4264 4617/2240/4283 4325/2241/4284
f 4305/2221/4264 4099/2206/4249 4326/2242/4285 4617/2240/4283
f 4617/2240/4283 4326/2242/4285 4106/2243/4286 4318/2244/4287
f 4325/2241/4284 4617/2240/4283 4318/2244/4287 4107/2245/4288
f 4098/2204/4247 4303/2224/4267 4618/2246/4289 4327/2247/4290
f 4303/2224/4267 4097/2215/4258 4321/2229/4272 4618/2246/4289
f 4618/2246/4289 4321/2229/4272 4104/2233/4276 4316/2248/4291
f 4327/2247/4290 4618/2246/4289 4316/2248/4291 4105/2249/4292
f 4096/2213/4256 4348/2227/4270 4619/2250/4293 4322/2230/4273
f 4088/2171/4215 4350/2251/4294 4619/2250/4293 4348/2227/4270
f 4103/2231/4274 4322/2230/4273 4619/2250/4293 4350/2251/4294
f 4087/2180/4224 4349/2252/4228 4620/2253/4295 4351/2254/4296
f 4102/2188/4231 4323/2235/4278 4620/2255/4295 4349/2185/4228
f 4109/2239/4282 4351/2256/4296 4620/2255/4295 4323/2235/4278
f 4101/2197/4240 4306/2196/4239 4621/2257/4297 4324/2236/4279
f 4306/2196/4239 4100/2195/4238 4325/2241/4284 4621/2257/4297
f 4621/2257/4297 4325/2241/4284 4107/2245/4288 4319/2258/4298
f 4324/2236/4279 4621/2257/4297 4319/2258/4298 4108/2237/4280
f 4099/2206/4249 4304/2205/4248 4622/2259/4299 4326/2242/4285
f 4304/2205/4248 4098/2204/4247 4327/2247/4290 4622/2259/4299
f 4622/2259/4299 4327/2247/4290 4105/2249/4292 4317/2260/4300
f 4326/2242/4285 4622/2259/4299 4317/2260/4300 4106/2243/4286
f 4109/2239/4282 4320/2238/4281 4623/2261/4301 4334/2262/4302
f 4320/2238/4281 4108/2237/4280 4335/2263/4303 4623/2261/4301
f 4623/2261/4301 4335/2263/4303 4115/2264/4304 4333/2265/4305
f 4334/2262/4302 4623/2261/4301 4333/2265/4305 4116/2266/4306
f 4107/2245/4288 4318/2244/4287 4624/2267/4307 4336/2268/4308
f 4318/2244/4287 4106/2243/4286 4337/2269/4309 4624/2267/4307
f 4624/2267/4307 4337/2269/4309 4113/2270/4310 4331/2271/4311
f 4336/2268/4308 4624/2267/4307 4331/2271/4311 4114/2272/4312
f 4105/2249/4292 4316/2248/4291 4625/2273/4313 4338/2274/4314
f 4316/2248/4291 4104/2233/4276 4339/2275/4315 4625/2273/4313
f 4625/2273/4313 4339/2275/4315 4111/2276/4316 4329/2277/4317
f 4338/2274/4314 4625/2273/4313 4329/2277/4317 4112/2278/4318
f 4103/2231/4274 4350/2251/4294 4626/2279/4319 4340/2280/4320
f 4088/2171/4215 4352/2281/4321 4626/2279/4319 4350/2251/4294
f 4110/2282/4322 4340/2280/4320 4626/2279/4319 4352/2281/4321
f 4087/2180/4224 4351/2254/4296 4627/2283/4323 4353/2284/4324
f 4109/2239/4282 4334/2262/4302 4627/2285/4323 4351/2256/4296
f 4116/2266/4306 4353/2286/4324 4627/2285/4323 4334/2262/4302
f 4108/2237/4280 4319/2258/4298 4628/2287/4325 4335/2263/4303
f 4319/2258/4298 4107/2245/4288 4336/2268/4308 4628/2287/4325
f 4628/2287/4325 4336/2268/4308 4114/2272/4312 4332/2288/4326
f 4335/2263/4303 4628/2287/4325 4332/2288/4326 4115/2264/4304
f 4106/2243/4286 4317/2260/4300 4629/2289/4327 4337/2269/4309
f 4317/2260/4300 4105/2249/4292 4338/2274/4314 4629/2289/4327
f 4629/2289/4327 4338/2274/4314 4112/2278/4318 4330/2290/4328
f 4337/2269/4309 4629/2289/4327 4330/2290/4328 4113/2270/4310
f 4104/2233/4276 4315/2232/4275 4630/2291/4329 4339/2275/4315
f 4315/2232/4275 4103/2231/4274 4340/2280/4320 4630/2291/4329
f 4630/2291/4329 4340/2280/4320 4110/2282/4322 4328/2292/4330
f 4339/2275/4315 4630/2291/4329 4328/2292/4330 4111/2276/4316
f 4110/2282/4322 4352/2281/4321 4631/2293/4331 4354/2294/4332
f 4088/2171/4215 4342/2170/4214 4631/2293/4331 4352/2281/4321
f 4081/2169/4213 4354/2294/4332 4631/2293/4331 4342/2170/4214
f 4087/2180/4224 4353/2284/4324 4632/2295/4333 4345/2181/4225
f 4116/2296/4306 4355/2297/4334 4632/2295/4333 4353/2284/4324
f 4086/2145/4195 4345/2181/4225 4632/2295/4333 4355/2297/4334
f 4115/2264/4304 4332/2288/4326 4633/2298/4335 4341/2299/4336
f 4332/2288/4326 4114/2272/4312 4356/2300/4337 4633/2298/4335
f 4633/2298/4335 4356/2300/4337 4085/2153/4201 4343/2161/4205
f 4341/2299/4336 4633/2298/4335 4343/2161/4205 4117/2160/4197
f 4113/2270/4310 4330/2290/4328 4634/2301/4338 4357/2302/4339
f 4330/2290/4328 4112/2278/4318 4358/2303/4340 4634/2301/4338
f 4634/2301/4338 4358/2303/4340 4083/2165/4209 4294/2164/4208
f 4357/2302/4339 4634/2301/4338 4294/2164/4208 4084/2155/4203
f 4111/2276/4316 4328/2292/4330 4635/2304/4341 4359/2305/4342
f 4328/2292/4330 4110/2282/4322 4354/2294/4332 4635/2304/4341
f 4635/2304/4341 4354/2294/4332 4081/2169/4213 4292/2177/4221
f 4359/2305/4342 4635/2304/4341 4292/2177/4221 4082/2175/4219
f 4116/2266/4306 4333/2265/4305 4636/2306/4343 4355/2307/4334
f 4333/2265/4305 4115/2264/4304 4341/2299/4336 4636/2306/4343
f 4636/2306/4343 4341/2299/4336 4117/2160/4197 4344/2308/4196
f 4355/2297/4334 4636/2309/4343 4344/2146/4196 4086/2145/4195
f 4114/2272/4312 4331/2271/4311 4637/2310/4344 4356/2300/4337
f 4331/2271/4311 4113/2270/4310 4357/2302/4339 4637/2310/4344
f 4637/2310/4344 4357/2302/4339 4084/2155/4203 4295/2154/4202
f 4356/2300/4337 4637/2310/4344 4295/2154/4202 4085/2153/4201
f 4112/2278/4318 4329/2277/4317 4638/2311/4345 4358/2303/4340
f 4329/2277/4317 4111/2276/4316 4359/2305/4342 4638/2311/4345
f 4638/2311/4345 4359/2305/4342 4082/2175/4219 4293/2174/4218
f 4358/2303/4340 4638/2311/4345 4293/2174/4218 4083/2165/4209
f 4122/2312/4346 4370/2313/4347 4639/2314/4348 4363/2315/4349
f 4370/2313/4347 4128/2316/4350 4367/2317/4351 4639/2314/4348
f 4639/2314/4348 4367/2317/4351 4127/2318/4352 4371/2319/4353
f 4363/2315/4349 4639/2314/4348 4371/2319/4353 4121/2320/4354
f 4120/2321/4355 4372/2322/4356 4640/2323/4357 4361/2324/4358
f 4372/2322/4356 4126/2325/4359 4365/2326/4360 4640/2323/4357
f 4640/2323/4357 4365/2326/4360 4125/2327/4361 4373/2328/4362
f 4361/2324/4358 4640/2323/4357 4373/2328/4362 4119/2329/4363
f 4118/2330/4364 4374/2331/4365 4641/2332/4366 4409/2333/4367
f 4124/2334/4368 4413/2335/4369 4641/2332/4366 4374/2331/4365
f 4079/2016/4067 4409/2333/4367 4641/2332/4366 4413/2335/4369
f 4078/2019/4070 4414/2336/4370 4642/2337/4371 4412/2338/4372
f 4130/2339/4373 4375/2340/4374 4642/2337/4371 4414/2336/4370
f 4123/2341/4375 4412/2338/4372 4642/2337/4371 4375/2340/4374
f 4145/2342/4376 4415/2343/4377 4643/2344/4378 4410/2345/4379
f 4415/2343/4377 4129/2346/4380 4368/2347/4381 4643/2344/4378
f 4643/2344/4378 4368/2347/4381 4128/2316/4350 4370/2313/4347
f 4410/2345/4379 4643/2344/4378 4370/2313/4347 4122/2312/4346
f 4121/2348/4354 4371/2319/4353 4644/2349/4382 4362/2350/4383
f 4371/2319/4353 4127/2318/4352 4366/2351/4384 4644/2349/4382
f 4644/2349/4382 4366/2351/4384 4126/2325/4359 4372/2322/4356
f 4362/2350/4383 4644/2349/4382 4372/2322/4356 4120/2321/4355
f 4119/2329/4363 4373/2328/4362 4645/2352/4385 4360/2353/4386
f 4373/2328/4362 4125/2327/4361 4364/2354/4387 4645/2352/4385
f 4645/2352/4385 4364/2354/4387 4124/2334/4368 4374/2331/4365
f 4360/2353/4386 4645/2352/4385 4374/2331/4365 4118/2330/4364
f 4123/2341/4375 4375/2340/4374 4646/2355/4388 4411/2356/4389
f 4375/2340/4374 4130/2339/4373 4369/2357/4390 4646/2355/4388
f 4646/2355/4388 4369/2357/4390 4129/2346/4380 4415/2343/4377
f 4411/2356/4389 4646/2355/4388 4415/2343/4377 4145/2342/4376
f 4078/2019/4070 4417/2358/4391 4647/2359/4392 4414/2336/4370
f 4137/2360/4393 4382/2361/4394 4647/2359/4392 4417/2358/4391
f 4130/2339/4373 4414/2336/4370 4647/2359/4392 4382/2361/4394
f 4129/2346/4380 4383/2362/4395 4648/2363/4396 4368/2347/4381
f 4383/2362/4395 4136/2364/4397 4380/2365/4398 4648/2363/4396
f 4648/2363/4396 4380/2365/4398 4135/2366/4399 4384/2367/4400
f 4368/2347/4381 4648/2363/4396 4384/2367/4400 4128/2316/4350
f 4127/2318/4352 4385/2368/4401 4649/2369/4402 4366/2351/4384
f 4385/2368/4401 4134/2370/4403 4378/2371/4404 4649/2369/4402
f 4649/2369/4402 4378/2371/4404 4133/2372/4405 4386/2373/4406
f 4366/2351/4384 4649/2369/4402 4386/2373/4406 4126/2325/4359
f 4125/2327/4361 4387/2374/4407 4650/2375/4408 4364/2354/4387
f 4387/2374/4407 4132/2376/4409 4376/2377/4410 4650/2375/4408
f 4650/2375/4408 4376/2377/4410 4131/2378/4411 4388/2379/4412
f 4364/2354/4387 4650/2375/4408 4388/2379/4412 4124/2334/4368
f 4130/2339/4373 4382/2361/4394 4651/2380/4413 4369/2357/4390
f 4382/2361/4394 4137/2360/4393 4381/2381/4414 4651/2380/4413
f 4651/2380/4413 4381/2381/4414 4136/2364/4397 4383/2362/4395
f 4369/2357/4390 4651/2380/4413 4383/2362/4395 4129/2346/4380
f 4128/2316/4350 4384/2367/4400 4652/2382/4415 4367/2317/4351
f 4384/2367/4400 4135/2366/4399 4379/2383/4416 4652/2382/4415
f 4652/2382/4415 4379/2383/4416 4134/2370/4403 4385/2368/4401
f 4367/2317/4351 4652/2382/4415 4385/2368/4401 4127/2318/4352
f 4126/2325/4359 4386/2373/4406 4653/2384/4417 4365/2326/4360
f 4386/2373/4406 4133/2372/4405 4377/2385/4418 4653/2384/4417
f 4653/2384/4417 4377/2385/4418 4132/2376/4409 4387/2374/4407
f 4365/2326/4360 4653/2384/4417 4387/2374/4407 4125/2327/4361
f 4124/2334/4368 4388/2379/4412 4654/2386/4419 4413/2335/4369
f 4131/2378/4411 4416/2387/4420 4654/2386/4419 4388/2379/4412
f 4079/2016/4067 4413/2335/4369 4654/2386/4419 4416/2387/4420
f 4132/2376/4409 4395/2388/4421 4655/2389/4422 4376/2377/4410
f 4395/2388/4421 4139/2390/4423 4389/2391/4424 4655/2389/4422
f 4655/2389/4422 4389/2391/4424 4138/2392/4425 4396/2393/4426
f 4376/2377/4410 4655/2389/4422 4396/2393/4426 4131/2378/4411
f 4137/2360/4393 4397/2394/4427 4656/2395/4428 4381/2381/4414
f 4397/2394/4427 4144/2396/4429 4394/2397/4430 4656/2395/4428
f 4656/2395/4428 4394/2397/4430 4143/2398/4431 4398/2399/4432
f 4381/2381/4414 4656/2395/4428 4398/2399/4432 4136/2364/4397
f 4135/2366/4399 4399/2400/4433 4657/2401/4434 4379/2383/4416
f 4399/2400/4433 4142/2108/4158 4392/2402/4435 4657/2401/4434
f 4657/2401/4434 4392/2402/4435 4141/2403/4436 4400/2404/4437
f 4379/2383/4416 4657/2401/4434 4400/2404/4437 4134/2370/4403
f 4133/2372/4405 4401/2405/4438 4658/2406/4439 4377/2385/4418
f 4401/2405/4438 4140/2135/4185 4390/2407/4440 4658/2406/4439
f 4658/2406/4439 4390/2407/4440 4139/2390/4423 4395/2388/4421
f 4377/2385/4418 4658/2406/4439 4395/2388/4421 4132/2376/4409
f 4131/2378/4411 4396/2393/4426 4659/2408/4441 4416/2387/4420
f 4138/2392/4425 4418/2409/4442 4659/2408/4441 4396/2393/4426
f 4079/2016/4067 4416/2387/4420 4659/2408/4441 4418/2409/4442
f 4078/2019/4070 4419/2410/4443 4660/2411/4444 4417/2358/4391
f 4144/2396/4429 4397/2394/4427 4660/2411/4444 4419/2410/4443
f 4137/2360/4393 4417/2358/4391 4660/2411/4444 4397/2394/4427
f 4136/2364/4397 4398/2399/4432 4661/2412/4445 4380/2365/4398
f 4398/2399/4432 4143/2398/4431 4393/2413/4446 4661/2412/4445
f 4661/2412/4445 4393/2413/4446 4142/2108/4158 4399/2400/4433
f 4380/2365/4398 4661/2412/4445 4399/2400/4433 4135/2366/4399
f 4134/2370/4403 4400/2404/4437 4662/2414/4447 4378/2371/4404
f 4400/2404/4437 4141/2403/4436 4391/2415/4448 4662/2414/4447
f 4662/2414/4447 4391/2415/4448 4140/2135/4185 4401/2405/4438
f 4378/2371/4404 4662/2414/4447 4401/2405/4438 4133/2372/4405
f 4144/2396/4429 4402/2416/4449 4663/2417/4450 4394/2397/4430
f 4402/2416/4449 4077/2107/4157 4262/2106/4156 4663/2417/4450
f 4663/2417/4450 4262/2106/4156 4076/2105/4155 4403/2418/4451
f 4394/2397/4430 4663/2417/4450 4403/2418/4451 4143/2398/4431
f 4075/2112/4162 4265/2130/4180 4664/2419/4452 4259/2113/4163
f 4265/2130/4180 4069/2089/4139 4260/2420/4453 4664/2419/4452
f 4664/2419/4452 4260/2420/4453 4185/2421/4454 4491/2422/4455
f 4259/2113/4163 4664/2419/4452 4491/2422/4455 4186/2114/4164
f 4140/2135/4185 4406/2132/4182 4665/2423/4456 4390/2407/4440
f 4406/2132/4182 4074/2122/4172 4258/2121/4171 4665/2423/4456
f 4665/2423/4456 4258/2121/4171 4073/2120/4170 4407/2424/4457
f 4390/2407/4440 4665/2423/4456 4407/2424/4457 4139/2390/4423
f 4138/2392/4425 4408/2425/4458 4666/2426/4459 4418/2409/4442
f 4072/2126/4176 4281/2125/4175 4666/2426/4459 4408/2425/4458
f 4079/2016/4067 4418/2409/4442 4666/2426/4459 4281/2125/4175
f 4078/2019/4070 4282/2128/4178 4667/2427/4460 4419/2410/4443
f 4077/2107/4157 4402/2416/4449 4667/2427/4460 4282/2128/4178
f 4144/2396/4429 4419/2410/4443 4667/2427/4460 4402/2416/4449
f 4143/2398/4431 4403/2418/4451 4668/2428/4461 4393/2413/4446
f 4403/2418/4451 4076/2105/4155 4261/2131/4181 4668/2428/4461
f 4668/2428/4461 4261/2131/4181 4075/2112/4162 4404/2109/4159
f 4393/2413/4446 4668/2428/4461 4404/2109/4159 4142/2108/4158
f 4067/2093/4143 4267/2118/4168 4669/2429/4462 4266/2430/4463
f 4267/2118/4168 4074/2122/4172 4405/2134/4184 4669/2429/4462
f 4669/2429/4462 4405/2134/4184 4187/2139/4189 4493/2431/4464
f 4266/2430/4463 4669/2429/4462 4493/2431/4464 4183/2432/4465
f 4139/2390/4423 4407/2424/4457 4670/2433/4466 4389/2391/4424
f 4407/2424/4457 4073/2120/4170 4257/2141/4191 4670/2433/4466
f 4670/2433/4466 4257/2141/4191 4072/2126/4176 4408/2425/4458
f 4389/2391/4424 4670/2433/4466 4408/2425/4458 4138/2392/4425
f 4145/2342/4376 4421/2434/4467 4671/2435/4468 4411/2356/4389
f 4421/2434/4467 4173/2436/4469 4473/2437/4470 4671/2435/4468
f 4671/2435/4468 4473/2437/4470 4151/2438/4471 4426/2439/4472
f 4411/2356/4389 4671/2435/4468 4426/2439/4472 4123/2341/4375
f 4121/2348/4354 4422/2440/4473 4672/2441/4474 4363/2442/4349
f 4422/2440/4473 4149/2443/4475 4430/2444/4476 4672/2441/4474
f 4672/2441/4474 4430/2444/4476 4150/2445/4477 4420/2446/4478
f 4363/2442/4349 4672/2441/4474 4420/2446/4478 4122/2447/4346
f 4122/2312/4346 4420/2448/4478 4673/2449/4479 4410/2345/4379
f 4420/2446/4478 4150/2445/4477 4472/2450/4480 4673/2451/4479
f 4673/2451/4479 4472/2450/4480 4173/2452/4469 4421/2453/4467
f 4410/2345/4379 4673/2449/4479 4421/2434/4467 4145/2342/4376
f 4120/2321/4355 4423/2454/4481 4674/2455/4482 4362/2350/4383
f 4423/2454/4481 4148/2456/4483 4429/2457/4484 4674/2455/4482
f 4674/2455/4482 4429/2457/4484 4149/2443/4475 4422/2440/4473
f 4362/2350/4383 4674/2455/4482 4422/2440/4473 4121/2348/4354
f 4079/2016/4067 4289/2167/4211 4675/2458/4485 4409/2333/4367
f 4289/2167/4211 4088/2171/4215 4471/2459/4486 4675/2458/4485
f 4675/2458/4485 4471/2459/4486 4146/2460/4487 4424/2461/4488
f 4409/2333/4367 4675/2458/4485 4424/2461/4488 4118/2330/4364
f 4119/2329/4363 4425/2462/4489 4676/2463/4490 4361/2324/4358
f 4425/2462/4489 4147/2464/4491 4428/2465/4492 4676/2463/4490
f 4676/2463/4490 4428/2465/4492 4148/2456/4483 4423/2454/4481
f 4361/2324/4358 4676/2463/4490 4423/2454/4481 4120/2321/4355
f 4118/2330/4364 4424/2461/4488 4677/2466/4493 4360/2353/4386
f 4424/2461/4488 4146/2460/4487 4427/2467/4494 4677/2466/4493
f 4677/2466/4493 4427/2467/4494 4147/2464/4491 4425/2462/4489
f 4360/2353/4386 4677/2466/4493 4425/2462/4489 4119/2329/4363
f 4123/2341/4375 4426/2439/4472 4678/2468/4495 4412/2338/4372
f 4426/2439/4472 4151/2438/4471 4474/2469/4496 4678/2468/4495
f 4678/2468/4495 4474/2469/4496 4087/2180/4224 4291/2179/4223
f 4412/2338/4372 4678/2468/4495 4291/2179/4223 4078/2019/4070
f 4087/2182/4224 4476/2470/4497 4679/2471/4498 4347/2183/4226
f 4158/2472/4499 4437/2473/4500 4679/2471/4498 4476/2470/4497
f 4095/2186/4229 4347/2183/4226 4679/2471/4498 4437/2473/4500
f 4094/2189/4232 4438/2474/4501 4680/2475/4502 4300/2190/4233
f 4438/2474/4501 4157/2476/4503 4435/2477/4504 4680/2475/4502
f 4680/2475/4502 4435/2477/4504 4156/2478/4505 4439/2479/4506
f 4300/2190/4233 4680/2475/4502 4439/2479/4506 4093/2193/4236
f 4092/2198/4241 4440/2480/4507 4681/2481/4508 4298/2199/4242
f 4440/2480/4507 4155/2482/4509 4433/2483/4510 4681/2481/4508
f 4681/2481/4508 4433/2483/4510 4154/2484/4511 4441/2485/4512
f 4298/2199/4242 4681/2481/4508 4441/2485/4512 4091/2202/4245
f 4090/2207/4250 4442/2486/4513 4682/2487/4514 4296/2208/4251
f 4442/2486/4513 4153/2488/4515 4431/2489/4516 4682/2487/4514
f 4682/2487/4514 4431/2489/4516 4152/2490/4517 4443/2491/4518
f 4296/2208/4251 4682/2487/4514 4443/2491/4518 4089/2211/4254
f 4095/2186/4229 4437/2473/4500 4683/2492/4519 4301/2216/4259
f 4437/2473/4500 4158/2472/4499 4436/2493/4520 4683/2492/4519
f 4683/2492/4519 4436/2493/4520 4157/2476/4503 4438/2474/4501
f 4301/2216/4259 4683/2492/4519 4438/2474/4501 4094/2189/4232
f 4093/2193/4236 4439/2479/4506 4684/2494/4521 4299/2219/4262
f 4439/2479/4506 4156/2478/4505 4434/2495/4522 4684/2494/4521
f 4684/2494/4521 4434/2495/4522 4155/2482/4509 4440/2480/4507
f 4299/2219/4262 4684/2494/4521 4440/2480/4507 4092/2198/4241
f 4091/2202/4245 4441/2485/4512 4685/2496/4523 4297/2222/4265
f 4441/2485/4512 4154/2484/4511 4432/2497/4524 4685/2496/4523
f 4685/2496/4523 4432/2497/4524 4153/2488/4515 4442/2486/4513
f 4297/2222/4265 4685/2496/4523 4442/2486/4513 4090/2207/4250
f 4089/2211/4254 4443/2491/4518 4686/2498/4525 4346/2225/4268
f 4152/2490/4517 4475/2499/4526 4686/2498/4525 4443/2491/4518
f 4088/2171/4215 4346/2225/4268 4686/2498/4525 4475/2499/4526
f 4153/2488/4515 4450/2500/4527 4687/2501/4528 4431/2489/4516
f 4450/2500/4527 4160/2502/4529 4444/2503/4530 4687/2501/4528
f 4687/2501/4528 4444/2503/4530 4159/2504/4531 4451/2505/4532
f 4431/2489/4516 4687/2501/4528 4451/2505/4532 4152/2490/4517
f 4158/2472/4499 4452/2506/4533 4688/2507/4534 4436/2493/4520
f 4452/2506/4533 4165/2508/4535 4449/2509/4536 4688/2507/4534
f 4688/2507/4534 4449/2509/4536 4164/2510/4537 4453/2511/4538
f 4436/2493/4520 4688/2507/4534 4453/2511/4538 4157/2476/4503
f 4156/2478/4505 4454/2512/4539 4689/2513/4540 4434/2495/4522
f 4454/2512/4539 4163/2514/4541 4447/2515/4542 4689/2513/4540
f 4689/2513/4540 4447/2515/4542 4162/2516/4543 4455/2517/4544
f 4434/2495/4522 4689/2513/4540 4455/2517/4544 4155/2482/4509
f 4154/2484/4511 4456/2518/4545 4690/2519/4546 4432/2497/4524
f 4456/2518/4545 4161/2520/4547 4445/2521/4548 4690/2519/4546
f 4690/2519/4546 4445/2521/4548 4160/2502/4529 4450/2500/4527
f 4432/2497/4524 4690/2519/4546 4450/2500/4527 4153/2488/4515
f 4152/2490/4517 4451/2505/4532 4691/2522/4549 4475/2499/4526
f 4159/2504/4531 4477/2523/4550 4691/2522/4549 4451/2505/4532
f 4088/2171/4215 4475/2499/4526 4691/2522/4549 4477/2523/4550
f 4087/2180/4224 4478/2524/4551 4692/2525/4552 4476/2526/4497
f 4165/2508/4535 4452/2506/4533 4692/2527/4552 4478/2528/4551
f 4158/2472/4499 4476/2470/4497 4692/2527/4552 4452/2506/4533
f 4157/2476/4503 4453/2511/4538 4693/2529/4553 4435/2477/4504
f 4453/2511/4538 4164/2510/4537 4448/2530/4554 4693/2529/4553
f 4693/2529/4553 4448/2530/4554 4163/2514/4541 4454/2512/4539
f 4435/2477/4504 4693/2529/4553 4454/2512/4539 4156/2478/4505
f 4155/2482/4509 4455/2517/4544 4694/2531/4555 4433/2483/4510
f 4455/2517/4544 4162/2516/4543 4446/2532/4556 4694/2531/4555
f 4694/2531/4555 4446/2532/4556 4161/2520/4547 4456/2518/4545
f 4433/2483/4510 4694/2531/4555 4456/2518/4545 4154/2484/4511
f 4165/2508/4535 4463/2533/4557 4695/2534/4558 4449/2509/4536
f 4463/2533/4557 4172/2535/4559 4462/2536/4560 4695/2534/4558
f 4695/2534/4558 4462/2536/4560 4171/2537/4561 4464/2538/4562
f 4449/2509/4536 4695/2534/4558 4464/2538/4562 4164/2510/4537
f 4163/2514/4541 4465/2539/4563 4696/2540/4564 4447/2515/4542
f 4465/2539/4563 4170/2541/4565 4460/2542/4566 4696/2540/4564
f 4696/2540/4564 4460/2542/4566 4169/2543/4567 4466/2544/4568
f 4447/2515/4542 4696/2540/4564 4466/2544/4568 4162/2516/4543
f 4161/2520/4547 4467/2545/4569 4697/2546/4570 4445/2521/4548
f 4467/2545/4569 4168/2547/4571 4458/2548/4572 4697/2546/4570
f 4697/2546/4570 4458/2548/4572 4167/2549/4573 4468/2550/4574
f 4445/2521/4548 4697/2546/4570 4468/2550/4574 4160/2502/4529
f 4159/2504/4531 4469/2551/4575 4698/2552/4576 4477/2523/4550
f 4166/2553/4577 4479/2554/4578 4698/2552/4576 4469/2551/4575
f 4088/2171/4215 4477/2523/4550 4698/2552/4576 4479/2554/4578
f 4087/2180/4224 4480/2555/4579 4699/2556/4580 4478/2524/4551
f 4172/2535/4559 4463/2533/4557 4699/2557/4580 4480/2558/4579
f 4165/2508/4535 4478/2528/4551 4699/2557/4580 4463/2533/4557
f 4164/2510/4537 4464/2538/4562 4700/2559/4581 4448/2530/4554
f 4464/2538/4562 4171/2537/4561 4461/2560/4582 4700/2559/4581
f 4700/2559/4581 4461/2560/4582 4170/2541/4565 4465/2539/4563
f 4448/2530/4554 4700/2559/4581 4465/2539/4563 4163/2514/4541
f 4162/2516/4543 4466/2544/4568 4701/2561/4583 4446/2532/4556
f 4466/2544/4568 4169/2543/4567 4459/2562/4584 4701/2561/4583
f 4701/2561/4583 4459/2562/4584 4168/2547/4571 4467/2545/4569
f 4446/2532/4556 4701/2561/4583 4467/2545/4569 4161/2520/4547
f 4160/2502/4529 4468/2550/4574 4702/2563/4585 4444/2503/4530
f 4468/2550/4574 4167/2549/4573 4457/2564/4586 4702/2563/4585
f 4702/2563/4585 4457/2564/4586 4166/2553/4577 4469/2551/4575
f 4444/2503/4530 4702/2563/4585 4469/2551/4575 4159/2504/4531
f 4166/2553/4577 4481/2565/4587 4703/2566/4588 4479/2554/4578
f 4146/2460/4487 4471/2459/4486 4703/2566/4588 4481/2565/4587
f 4088/2171/4215 4479/2554/4578 4703/2566/4588 4471/2459/4486
f 4087/2180/4224 4474/2469/4496 4704/2567/4589 4480/2555/4579
f 4151/2438/4471 4482/2568/4590 4704/2567/4589 4474/2469/4496
f 4172/2569/4559 4480/2555/4579 4704/2567/4589 4482/2568/4590
f 4171/2537/4561 4470/2570/4591 4705/2571/4592 4461/2560/4582
f 4470/2570/4591 4173/2452/4469 4472/2450/4480 4705/2571/4592
f 4705/2571/4592 4472/2450/4480 4150/2445/4477 4483/2572/4593
f 4461/2560/4582 4705/2571/4592 4483/2572/4593 4170/2541/4565
f 4169/2543/4567 4484/2573/4594 4706/2574/4595 4459/2562/4584
f 4484/2573/4594 4149/2443/4475 4429/2457/4484 4706/2574/4595
f 4706/2574/4595 4429/2457/4484 4148/2456/4483 4485/2575/4596
f 4459/2562/4584 4706/2574/4595 4485/2575/4596 4168/2547/4571
f 4167/2549/4573 4486/2576/4597 4707/2577/4598 4457/2564/4586
f 4486/2576/4597 4147/2464/4491 4427/2467/4494 4707/2577/4598
f 4707/2577/4598 4427/2467/4494 4146/2460/4487 4481/2565/4587
f 4457/2564/4586 4707/2577/4598 4481/2565/4587 4166/2553/4577
f 4172/2535/4559 4482/2578/4590 4708/2579/4599 4462/2536/4560
f 4482/2568/4590 4151/2438/4471 4473/2437/4470 4708/2580/4599
f 4708/2579/4599 4473/2581/4470 4173/2452/4469 4470/2570/4591
f 4462/2536/4560 4708/2579/4599 4470/2570/4591 4171/2537/4561
f 4170/2541/4565 4483/2572/4593 4709/2582/4600 4460/2542/4566
f 4483/2572/4593 4150/2445/4477 4430/2444/4476 4709/2582/4600
f 4709/2582/4600 4430/2444/4476 4149/2443/4475 4484/2573/4594
f 4460/2542/4566 4709/2582/4600 4484/2573/4594 4169/2543/4567
f 4168/2547/4571 4485/2575/4596 4710/2583/4601 4458/2548/4572
f 4485/2575/4596 4148/2456/4483 4428/2465/4492 4710/2583/4601
f 4710/2583/4601 4428/2465/4492 4147/2464/4491 4486/2576/4597
f 4458/2548/4572 4710/2583/4601 4486/2576/4597 4167/2549/4573
f 4206/2584/4602 4550/2585/4603 4711/2586/4604 4542/2587/4605
f 4550/2585/4603 4205/2588/4606 4533/2589/4607 4711/2586/4604
f 4711/2586/4604 4533/2589/4607 4198/2590/4608 4527/2591/4609
f 4542/2587/4605 4711/2586/4604 4527/2591/4609 4197/2592/4610
f 4204/2593/4611 4549/2594/4612 4712/2595/4613 4540/2596/4614
f 4549/2594/4612 4203/2597/4615 4531/2598/4616 4712/2595/4613
f 4712/2595/4613 4531/2598/4616 4196/2599/4617 4529/2600/4618
f 4540/2596/4614 4712/2595/4613 4529/2600/4618 4199/2601/4619
f 4178/2602/4620 4548/2603/4621 4713/2604/4622 4535/2605/4623
f 4548/2603/4621 4200/2606/4624 4490/2607/4625 4713/2604/4622
f 4713/2604/4622 4490/2607/4625 4192/2608/4626 4524/2609/4627
f 4535/2605/4623 4713/2604/4622 4524/2609/4627 4193/2610/4628
f 4201/2611/4629 4547/2612/4630 4714/2613/4631 4537/2614/4632
f 4547/2612/4630 4202/2615/4633 4497/2616/4634 4714/2613/4631
f 4714/2613/4631 4497/2616/4634 4194/2617/4635 4526/2618/4636
f 4537/2614/4632 4714/2613/4631 4526/2618/4636 4191/2619/4637
f 4140/2135/4185 4391/2415/4448 4715/2620/4638 4499/2136/4186
f 4391/2415/4448 4141/2403/4436 4501/2621/4639 4715/2620/4638
f 4715/2620/4638 4501/2621/4639 4189/2622/4640 4494/2623/4641
f 4499/2136/4186 4715/2620/4638 4494/2623/4641 4188/2137/4187
f 4068/2087/4137 4246/2101/4151 4716/2624/4642 4502/2625/4643
f 4246/2101/4151 4067/2093/4143 4266/2430/4463 4716/2624/4642
f 4716/2624/4642 4266/2430/4463 4183/2432/4465 4487/2626/4644
f 4502/2625/4643 4716/2624/4642 4487/2626/4644 4184/2627/4645
f 4141/2403/4436 4392/2402/4435 4717/2628/4646 4501/2621/4639
f 4392/2402/4435 4142/2108/4158 4500/2111/4161 4717/2628/4646
f 4717/2628/4646 4500/2111/4161 4190/2116/4166 4495/2629/4647
f 4501/2621/4639 4717/2628/4646 4495/2629/4647 4189/2622/4640
f 4069/2089/4139 4247/2088/4138 4718/2630/4648 4260/2420/4453
f 4247/2088/4138 4068/2087/4137 4502/2625/4643 4718/2630/4648
f 4718/2630/4648 4502/2625/4643 4184/2627/4645 4488/2631/4649
f 4260/2420/4453 4718/2630/4648 4488/2631/4649 4185/2421/4454
f 4174/2632/4650 4503/2633/4651 4719/2634/4652 4511/2635/4653
f 4503/2633/4651 4175/2636/4654 4512/2637/4655 4719/2634/4652
f 4719/2634/4652 4512/2637/4655 4184/2627/4645 4487/2626/4644
f 4511/2635/4653 4719/2634/4652 4487/2626/4644 4183/2432/4465
f 4175/2636/4654 4504/2638/4656 4720/2639/4657 4512/2637/4655
f 4504/2638/4656 4176/2640/4658 4513/2641/4659 4720/2639/4657
f 4720/2639/4657 4513/2641/4659 4185/2421/4454 4488/2631/4649
f 4512/2637/4655 4720/2639/4657 4488/2631/4649 4184/2627/4645
f 4176/2640/4658 4505/2642/4660 4721/2643/4661 4513/2641/4659
f 4505/2642/4660 4179/2644/4662 4514/2645/4663 4721/2643/4661
f 4721/2643/4661 4514/2645/4663 4186/2114/4164 4491/2422/4455
f 4513/2641/4659 4721/2643/4661 4491/2422/4455 4185/2421/4454
f 4177/2646/4664 4506/2647/4665 4722/2648/4666 4515/2649/4667
f 4506/2647/4665 4174/2632/4650 4511/2635/4653 4722/2648/4666
f 4722/2648/4666 4511/2635/4653 4183/2432/4465 4493/2431/4464
f 4515/2649/4667 4722/2648/4666 4493/2431/4464 4187/2139/4189
f 4181/2650/4668 4507/2651/4669 4723/2652/4670 4516/2653/4671
f 4507/2651/4669 4180/2654/4672 4517/2655/4673 4723/2652/4670
f 4723/2652/4670 4517/2655/4673 4188/2137/4187 4494/2623/4641
f 4516/2653/4671 4723/2652/4670 4494/2623/4641 4189/2622/4640
f 4182/2656/4674 4508/2657/4675 4724/2658/4676 4518/2659/4677
f 4508/2657/4675 4181/2650/4668 4516/2653/4671 4724/2658/4676
f 4724/2658/4676 4516/2653/4671 4189/2622/4640 4495/2629/4647
f 4518/2659/4677 4724/2658/4676 4495/2629/4647 4190/2116/4166
f 4179/2644/4662 4509/2660/4678 4725/2661/4679 4514/2645/4663
f 4509/2660/4678 4182/2656/4674 4518/2659/4677 4725/2661/4679
f 4725/2661/4679 4518/2659/4677 4190/2116/4166 4496/2115/4165
f 4514/2645/4663 4725/2661/4679 4496/2115/4165 4186/2114/4164
f 4180/2654/4672 4510/2662/4680 4726/2663/4681 4517/2655/4673
f 4510/2662/4680 4177/2646/4664 4515/2649/4667 4726/2663/4681
f 4726/2663/4681 4515/2649/4667 4187/2139/4189 4498/2138/4188
f 4517/2655/4673 4726/2663/4681 4498/2138/4188 4188/2137/4187
f 4193/2610/4628 4524/2609/4627 4727/2664/4682 4525/2665/4683
f 4524/2609/4627 4192/2608/4626 4521/2666/4684 4727/2664/4682
f 4727/2664/4682 4521/2666/4684 4195/2667/4685 4520/2668/4686
f 4525/2665/4683 4727/2664/4682 4520/2668/4686 4196/2599/4617
f 4192/2608/4626 4523/2669/4687 4728/2670/4688 4521/2666/4684
f 4523/2669/4687 4191/2619/4637 4526/2618/4636 4728/2670/4688
f 4728/2670/4688 4526/2618/4636 4194/2617/4635 4519/2671/4689
f 4521/2666/4684 4728/2670/4688 4519/2671/4689 4195/2667/4685
f 4199/2601/4619 4529/2600/4618 4729/2672/4690 4528/2673/4691
f 4529/2600/4618 4196/2599/4617 4520/2668/4686 4729/2672/4690
f 4729/2672/4690 4520/2668/4686 4195/2667/4685 4522/2674/4692
f 4528/2673/4691 4729/2672/4690 4522/2674/4692 4198/2590/4608
f 4198/2590/4608 4522/2674/4692 4730/2675/4693 4527/2591/4609
f 4522/2674/4692 4195/2667/4685 4519/2671/4689 4730/2675/4693
f 4730/2675/4693 4519/2671/4689 4194/2617/4635 4530/2676/4694
f 4527/2591/4609 4730/2675/4693 4530/2676/4694 4197/2592/4610
f 4203/2597/4615 4546/2677/4695 4731/2678/4696 4531/2598/4616
f 4546/2677/4695 4178/2602/4620 4535/2605/4623 4731/2678/4696
f 4731/2678/4696 4535/2605/4623 4193/2610/4628 4525/2665/4683
f 4531/2598/4616 4731/2678/4696 4525/2665/4683 4196/2599/4617
f 4200/2606/4624 4545/2679/4697 4732/2680/4698 4490/2607/4625
f 4545/2679/4697 4201/2611/4629 4537/2614/4632 4732/2680/4698
f 4732/2680/4698 4537/2614/4632 4191/2619/4637 4523/2669/4687
f 4490/2607/4625 4732/2680/4698 4523/2669/4687 4192/2608/4626
f 4202/2615/4633 4544/2681/4699 4733/2682/4700 4497/2616/4634
f 4544/2681/4699 4206/2584/4602 4542/2587/4605 4733/2682/4700
f 4733/2682/4700 4542/2587/4605 4197/2592/4610 4530/2676/4694
f 4497/2616/4634 4733/2682/4700 4530/2676/4694 4194/2617/4635
f 4205/2588/4606 4543/2683/4701 4734/2684/4702 4533/2589/4607
f 4543/2683/4701 4204/2593/4611 4540/2596/4614 4734/2684/4702
f 4734/2684/4702 4540/2596/4614 4199/2601/4619 4528/2673/4691
f 4533/2589/4607 4734/2684/4702 4528/2673/4691 4198/2590/4608
f 4214/2685/4703 4566/2686/4704 4735/2687/4705 4541/2688/4706
f 4566/2686/4704 4209/2689/4707 4553/2690/4708 4735/2687/4705
f 4735/2687/4705 4553/2690/4708 4204/2593/4611 4543/2683/4701
f 4541/2688/4706 4735/2687/4705 4543/2683/4701 4205/2588/4606
f 4212/2691/4709 4565/2692/4710 4736/2693/4711 4538/2694/4712
f 4565/2692/4710 4210/2695/4713 4554/2696/4714 4736/2693/4711
f 4736/2693/4711 4554/2696/4714 4206/2584/4602 4544/2681/4699
f 4538/2694/4712 4736/2693/4711 4544/2681/4699 4202/2615/4633
f 4211/2697/4715 4564/2698/4716 4737/2699/4717 4536/2700/4718
f 4564/2698/4716 4208/2701/4719 4552/2702/4720 4737/2699/4717
f 4737/2699/4717 4552/2702/4720 4201/2611/4629 4545/2679/4697
f 4536/2700/4718 4737/2699/4717 4545/2679/4697 4200/2606/4624
f 4213/2703/4721 4563/2704/4722 4738/2705/4723 4539/2706/4724
f 4563/2704/4722 4207/2707/4725 4551/2708/4726 4738/2705/4723
f 4738/2705/4723 4551/2708/4726 4178/2602/4620 4546/2677/4695
f 4539/2706/4724 4738/2705/4723 4546/2677/4695 4203/2597/4615
f 4208/2701/4719 4562/2709/4727 4739/2710/4728 4552/2702/4720
f 4562/2709/4727 4212/2691/4709 4538/2694/4712 4739/2710/4728
f 4739/2710/4728 4538/2694/4712 4202/2615/4633 4547/2612/4630
f 4552/2702/4720 4739/2710/4728 4547/2612/4630 4201/2611/4629
f 4207/2707/4725 4561/2711/4729 4740/2712/4730 4551/2708/4726
f 4561/2711/4729 4211/2697/4715 4536/2700/4718 4740/2712/4730
f 4740/2712/4730 4536/2700/4718 4200/2606/4624 4548/2603/4621
f 4551/2708/4726 4740/2712/4730 4548/2603/4621 4178/2602/4620
f 4209/2689/4707 4560/2713/4731 4741/2714/4732 4553/2690/4708
f 4560/2713/4731 4213/2703/4721 4539/2706/4724 4741/2714/4732
f 4741/2714/4732 4539/2706/4724 4203/2597/4615 4549/2594/4612
f 4553/2690/4708 4741/2714/4732 4549/2594/4612 4204/2593/4611
f 4210/2695/4713 4559/2715/4733 4742/2716/4734 4554/2696/4714
f 4559/2715/4733 4214/2685/4703 4541/2688/4706 4742/2716/4734
f 4742/2716/4734 4541/2688/4706 4205/2588/4606 4550/2585/4603
f 4554/2696/4714 4742/2716/4734 4550/2585/4603 4206/2584/4602
f 4180/2654/4672 4507/2651/4669 4743/2717/4735 4534/2718/4736
f 4507/2651/4669 4181/2650/4668 4558/2719/4737 4743/2717/4735
f 4743/2717/4735 4558/2719/4737 4214/2685/4703 4559/2715/4733
f 4534/2718/4736 4743/2717/4735 4559/2715/4733 4210/2695/4713
f 4182/2656/4674 4509/2660/4678 4744/2720/4738 4532/2721/4739
f 4509/2660/4678 4179/2644/4662 4557/2722/4740 4744/2720/4738
f 4744/2720/4738 4557/2722/4740 4213/2703/4721 4560/2713/4731
f 4532/2721/4739 4744/2720/4738 4560/2713/4731 4209/2689/4707
f 4176/2640/4658 4504/2638/4656 4745/2723/4741 4489/2724/4742
f 4504/2638/4656 4175/2636/4654 4555/2725/4743 4745/2723/4741
f 4745/2723/4741 4555/2725/4743 4211/2697/4715 4561/2711/4729
f 4489/2724/4742 4745/2723/4741 4561/2711/4729 4207/2707/4725
f 4174/2632/4650 4506/2647/4665 4746/2726/4744 4492/2727/4745
f 4506/2647/4665 4177/2646/4664 4556/2728/4746 4746/2726/4744
f 4746/2726/4744 4556/2728/4746 4212/2691/4709 4562/2709/4727
f 4492/2727/4745 4746/2726/4744 4562/2709/4727 4208/2701/4719
f 4179/2644/4662 4505/2642/4660 4747/2729/4747 4557/2722/4740
f 4505/2642/4660 4176/2640/4658 4489/2724/4742 4747/2729/4747
f 4747/2729/4747 4489/2724/4742 4207/2707/4725 4563/2704/4722
f 4557/2722/4740 4747/2729/4747 4563/2704/4722 4213/2703/4721
f 4175/2636/4654 4503/2633/4651 4748/2730/4748 4555/2725/4743
f 4503/2633/4651 4174/2632/4650 4492/2727/4745 4748/2730/4748
f 4748/2730/4748 4492/2727/4745 4208/2701/4719 4564/2698/4716
f 4555/2725/4743 4748/2730/4748 4564/2698/4716 4211/2697/4715
f 4177/2646/4664 4510/2662/4680 4749/2731/4749 4556/2728/4746
f 4510/2662/4680 4180/2654/4672 4534/2718/4736 4749/2731/4749
f 4749/2731/4749 4534/2718/4736 4210/2695/4713 4565/2692/4710
f 4556/2728/4746 4749/2731/4749 4565/2692/4710 4212/2691/4709
f 4181/2650/4668 4508/2657/4675 4750/2732/4750 4558/2719/4737
f 4508/2657/4675 4182/2656/4674 4532/2721/4739 4750/2732/4750
f 4750/2732/4750 4532/2721/4739 4209/2689/4707 4566/2686/4704
f 4558/2719/4737 4750/2732/4750 4566/2686/4704 4214/2685/4703
o Sphere.004
v 0.209820 0.267509 -0.011744
v 0.210878 0.260989 -0.021292
v 0.211993 0.251146 -0.027805
v 0.212935 0.239518 -0.030078
v 0.213557 0.227875 -0.027772
v 0.213589 0.211396 -0.011711
v 0.219265 0.268369 -0.010968
v 0.223439 0.262105 -0.019516
v 0.226774 0.252414 -0.025492
v 0.228519 0.240800 -0.027591
v 0.228382 0.229019 -0.025491
v 0.226409 0.218861 -0.019513
v 0.223133 0.211961 -0.010965
v 0.223302 0.268666 -0.008378
v 0.230766 0.262722 -0.014915
v 0.236455 0.253278 -0.019486
v 0.239037 0.241763 -0.021091
v 0.238063 0.229909 -0.019486
v 0.233736 0.219538 -0.014915
v 0.227170 0.212354 -0.008377
v 0.226054 0.268899 -0.004532
v 0.235774 0.263183 -0.008071
v 0.248810 0.247254 -0.004302
v 0.249524 0.242734 -0.005358
v 0.249415 0.238136 -0.004298
v 0.238744 0.220004 -0.008071
v 0.229924 0.212605 -0.004532
v 0.227030 0.268986 -0.000000
v 0.237552 0.263352 -0.000000
v 0.249093 0.248195 -0.000000
v 0.256554 0.247847 -0.004371
v 0.247067 0.230078 -0.000000
v 0.240523 0.220173 -0.000000
v 0.230900 0.212693 -0.000000
v 0.219225 0.209115 -0.000000
v 0.215033 0.270583 -0.000000
v 0.213768 0.217987 -0.021246
v 0.152859 0.258648 -0.009736
v 0.152517 0.252844 -0.017451
v 0.152518 0.244539 -0.022510
v 0.152870 0.235067 -0.024141
v 0.153503 0.225745 -0.022216
v 0.155263 0.212437 -0.009432
v 0.149874 0.211160 -0.000000
v 0.147426 0.259286 -0.000000
v 0.136053 0.251393 -0.000000
v 0.129089 0.243151 -0.000000
v 0.125912 0.236886 -0.000000
v 0.125280 0.232562 -0.000000
v 0.126469 0.228476 -0.000000
v 0.130307 0.223134 -0.000000
v 0.137946 0.216688 -0.000000
v 0.136839 0.251910 -0.002712
v 0.130100 0.243836 -0.003853
v 0.126868 0.237366 -0.004103
v 0.126193 0.232647 -0.004073
v 0.127459 0.228190 -0.004035
v 0.131362 0.222670 -0.003731
v 0.138761 0.216341 -0.002602
v 0.139245 0.253384 -0.005467
v 0.133486 0.245861 -0.008341
v 0.130400 0.238865 -0.009510
v 0.129711 0.232986 -0.009708
v 0.131083 0.227406 -0.009347
v 0.134866 0.221368 -0.008079
v 0.141247 0.215373 -0.005251
v 0.143230 0.255557 -0.008006
v 0.139827 0.248978 -0.013268
v 0.137862 0.241359 -0.016294
v 0.137502 0.233742 -0.017132
v 0.138667 0.226396 -0.016027
v 0.141374 0.219543 -0.012876
v 0.145353 0.214003 -0.007707
v 0.154346 0.217821 -0.017033
v 0.209820 0.267509 0.011744
v 0.210878 0.260989 0.021292
v 0.211993 0.251146 0.027805
v 0.212935 0.239518 0.030078
v 0.213557 0.227875 0.027772
v 0.213589 0.211396 0.011711
v 0.219265 0.268369 0.010968
v 0.223439 0.262105 0.019516
v 0.226774 0.252414 0.025492
v 0.228519 0.240800 0.027591
v 0.228382 0.229019 0.025491
v 0.226409 0.218861 0.019513
v 0.223133 0.211961 0.010965
v 0.223302 0.268666 0.008378
v 0.230766 0.262722 0.014915
v 0.236455 0.253278 0.019486
v 0.239037 0.241763 0.021091
v 0.238063 0.229909 0.019486
v 0.233736 0.219538 0.014915
v 0.227170 0.212354 0.008377
v 0.226054 0.268899 0.004532
v 0.235774 0.263183 0.008071
v 0.248810 0.247254 0.004302
v 0.249524 0.242734 0.005358
v 0.249415 0.238136 0.004298
v 0.238744 0.220004 0.008071
v 0.229924 0.212605 0.004532
v 0.213768 0.217987 0.021246
v 0.152859 0.258648 0.009736
v 0.152517 0.252844 0.017451
v 0.152518 0.244539 0.022510
v 0.152870 0.235067 0.024141
v 0.153503 0.225745 0.022216
v 0.155263 0.212437 0.009432
v 0.136839 0.251910 0.002712
v 0.130100 0.243836 0.003853
v 0.126868 0.237366 0.004103
v 0.126193 0.232647 0.004073
v 0.127459 0.228190 0.004035
v 0.131362 0.222670 0.003731
v 0.138761 0.216341 0.002602
v 0.139245 0.253384 0.005467
v 0.133486 0.245861 0.008341
v 0.130400 0.238865 0.009510
v 0.129711 0.232986 0.009708
v 0.131083 0.227406 0.009347
v 0.134866 0.221368 0.008079
v 0.141247 0.215373 0.005251
v 0.143230 0.255557 0.008006
v 0.139827 0.248978 0.013268
v 0.137862 0.241359 0.016294
v 0.137502 0.233742 0.017132
v 0.138667 0.226396 0.016027
v 0.141374 0.219543 0.012876
v 0.145353 0.214003 0.007707
v 0.154346 0.217821 0.017033
v 0.183464 0.226370 -0.026290
v 0.184012 0.217196 -0.020064
v 0.182811 0.237257 -0.028548
v 0.182149 0.248213 -0.026458
v 0.181202 0.263819 -0.011006
v 0.181583 0.257552 -0.020303
v 0.181067 0.266024 -0.000000
v 0.184374 0.211097 -0.010838
v 0.184501 0.208961 -0.000000
v 0.183464 0.226370 0.026290
v 0.184012 0.217196 0.020064
v 0.182811 0.237257 0.028548
v 0.182149 0.248213 0.026458
v 0.181202 0.263819 0.011006
v 0.181583 0.257552 0.020303
v 0.184374 0.211097 0.010838
v 0.243916 0.253289 -0.009985
v 0.246233 0.242456 -0.012096
v 0.245424 0.231315 -0.009984
v 0.249810 0.237271 -0.000000
v 0.245370 0.254832 -0.000000
v 0.243916 0.253289 0.009985
v 0.246233 0.242456 0.012096
v 0.245424 0.231315 0.009984
v 0.252052 0.246507 -0.003392
v 0.252620 0.242948 -0.004225
v 0.252518 0.239327 -0.003388
v 0.252257 0.247243 -0.000000
v 0.260456 0.250583 -0.006893
v 0.252052 0.246507 0.003392
v 0.252620 0.242948 0.004225
v 0.252518 0.239327 0.003388
v 0.252804 0.238649 -0.000000
v 0.257286 0.243261 -0.005444
v 0.257155 0.238595 -0.004366
v 0.256819 0.248797 -0.000000
v 0.264173 0.251299 -0.007821
v 0.256554 0.247847 0.004371
v 0.257286 0.243261 0.005444
v 0.257155 0.238595 0.004366
v 0.257524 0.237720 -0.000000
v 0.261633 0.243548 -0.008974
v 0.261373 0.236385 -0.006885
v 0.260865 0.252564 -0.000000
v 0.260456 0.250583 0.006893
v 0.261633 0.243548 0.008974
v 0.261373 0.236385 0.006885
v 0.262010 0.234524 -0.000000
v 0.265624 0.243862 -0.010310
v 0.265132 0.236219 -0.007815
v 0.264776 0.253910 -0.000000
v 0.265726 0.244006 -0.000000
v 0.264173 0.251299 0.007821
v 0.265624 0.243862 0.010310
v 0.265132 0.236219 0.007815
v 0.266043 0.233805 -0.000000
v 0.210319 0.264750 -0.016759
v 0.211446 0.256393 -0.025028
v 0.212496 0.245448 -0.029507
v 0.213293 0.233585 -0.029489
v 0.221369 0.265754 -0.015388
v 0.225274 0.257598 -0.022942
v 0.227870 0.246742 -0.027060
v 0.228690 0.234816 -0.027059
v 0.227608 0.223633 -0.022940
v 0.224859 0.214901 -0.015385
v 0.222468 0.228504 -0.027127
v 0.222162 0.240256 -0.029365
v 0.220864 0.251923 -0.027134
v 0.218785 0.261738 -0.020773
v 0.216397 0.268132 -0.011756
v 0.220252 0.211737 -0.011748
v 0.227093 0.266208 -0.011758
v 0.233946 0.258355 -0.017536
v 0.238176 0.247675 -0.020685
v 0.238995 0.235763 -0.020685
v 0.236280 0.224431 -0.017536
v 0.230583 0.215441 -0.011757
v 0.225335 0.212203 -0.009950
v 0.230284 0.219222 -0.017541
v 0.233497 0.229486 -0.022915
v 0.234073 0.241300 -0.024803
v 0.231889 0.252858 -0.022916
v 0.227315 0.262420 -0.017542
v 0.221470 0.268501 -0.009952
v 0.230998 0.266554 -0.006362
v 0.239962 0.258885 -0.009437
v 0.245414 0.247750 -0.011751
v 0.246147 0.237071 -0.011750
v 0.242291 0.225037 -0.009437
v 0.234490 0.215800 -0.006362
v 0.233628 0.262983 -0.011717
v 0.224974 0.268781 -0.006643
v 0.228840 0.212531 -0.006643
v 0.236598 0.219803 -0.011717
v 0.241926 0.230342 -0.015284
v 0.243164 0.242160 -0.016655
v 0.240327 0.253580 -0.015284
v 0.232383 0.266682 -0.000000
v 0.241990 0.259208 -0.000000
v 0.250313 0.246422 0.003423
v 0.250886 0.242830 0.004263
v 0.244335 0.225112 -0.000000
v 0.235875 0.215928 -0.000000
v 0.230767 0.212704 -0.002332
v 0.240071 0.220130 -0.004114
v 0.246609 0.230170 -0.004753
v 0.250785 0.239176 0.003419
v 0.244931 0.254650 -0.004753
v 0.237100 0.263309 -0.004114
v 0.226899 0.268950 -0.002332
v 0.209961 0.269237 -0.006511
v 0.213716 0.222610 -0.024986
v 0.213716 0.214193 -0.016716
v 0.213964 0.209709 -0.006493
v 0.217205 0.269864 -0.006547
v 0.221296 0.210148 -0.006545
v 0.221746 0.218454 -0.020762
v 0.219709 0.270041 -0.005010
v 0.223801 0.210390 -0.005009
v 0.221341 0.270175 -0.002710
v 0.225434 0.210539 -0.002710
v 0.221920 0.270225 -0.000000
v 0.226014 0.210590 -0.000000
v 0.199898 0.227102 -0.027429
v 0.167636 0.217316 -0.018721
v 0.166528 0.236078 -0.026695
v 0.165970 0.246372 -0.024791
v 0.197256 0.266041 -0.011452
v 0.165527 0.255197 -0.019067
v 0.164732 0.263172 -0.000000
v 0.200789 0.211088 -0.011361
v 0.201370 0.208826 -0.000000
v 0.152657 0.256146 -0.013825
v 0.152470 0.248919 -0.020382
v 0.152655 0.239866 -0.023771
v 0.153156 0.230307 -0.023613
v 0.132137 0.247217 -0.000000
v 0.127076 0.239701 -0.000000
v 0.125355 0.234579 -0.000000
v 0.125625 0.230599 -0.000000
v 0.127950 0.226012 -0.000000
v 0.133706 0.219889 -0.000000
v 0.133085 0.247861 -0.003417
v 0.128075 0.240323 -0.004052
v 0.126276 0.234871 -0.004095
v 0.126565 0.230484 -0.004060
v 0.128993 0.225602 -0.003953
v 0.134692 0.219452 -0.003291
v 0.138024 0.216660 -0.001308
v 0.130562 0.223016 -0.001819
v 0.126701 0.228403 -0.001926
v 0.125490 0.232581 -0.001927
v 0.126136 0.237004 -0.001958
v 0.129333 0.243322 -0.001878
v 0.136129 0.251438 -0.001364
v 0.136107 0.249727 -0.007121
v 0.131598 0.242208 -0.009102
v 0.129790 0.235826 -0.009689
v 0.130130 0.230219 -0.009604
v 0.132631 0.224455 -0.008876
v 0.137819 0.218231 -0.006863
v 0.131452 0.244689 -0.006004
v 0.137733 0.252465 -0.004133
v 0.139685 0.215976 -0.003967
v 0.132765 0.222109 -0.005814
v 0.128854 0.227847 -0.006485
v 0.127520 0.232774 -0.006634
v 0.128222 0.237983 -0.006597
v 0.141409 0.252529 -0.010849
v 0.138638 0.245207 -0.015079
v 0.137488 0.237526 -0.016965
v 0.137894 0.230026 -0.016822
v 0.139827 0.222878 -0.014725
v 0.143273 0.216506 -0.010479
v 0.143043 0.214759 -0.006599
v 0.137742 0.220491 -0.010488
v 0.134333 0.226904 -0.012609
v 0.133003 0.233307 -0.013299
v 0.133591 0.240008 -0.012826
v 0.136284 0.247318 -0.010820
v 0.140989 0.254353 -0.006864
v 0.146169 0.218609 -0.015074
v 0.152551 0.260078 -0.005386
v 0.153903 0.221536 -0.019997
v 0.154815 0.214740 -0.013437
v 0.155092 0.211075 -0.005206
v 0.140604 0.255167 -0.000000
v 0.142766 0.213936 -0.000000
v 0.141119 0.255497 -0.001735
v 0.143298 0.213716 -0.001661
v 0.142658 0.256427 -0.003428
v 0.144886 0.213105 -0.003287
v 0.145222 0.257804 -0.004889
v 0.147530 0.212234 -0.004698
v 0.146231 0.256823 -0.009095
v 0.148440 0.213275 -0.008772
v 0.144466 0.225959 -0.019312
v 0.143589 0.234305 -0.020862
v 0.143587 0.242865 -0.019610
v 0.144515 0.250788 -0.015502
v 0.210319 0.264750 0.016759
v 0.211446 0.256393 0.025028
v 0.212496 0.245448 0.029507
v 0.213293 0.233585 0.029489
v 0.221369 0.265754 0.015388
v 0.225274 0.257598 0.022942
v 0.227870 0.246742 0.027060
v 0.228690 0.234816 0.027059
v 0.227608 0.223633 0.022940
v 0.224859 0.214901 0.015385
v 0.222468 0.228504 0.027127
v 0.222162 0.240256 0.029365
v 0.220864 0.251923 0.027134
v 0.218785 0.261738 0.020773
v 0.216397 0.268132 0.011756
v 0.220252 0.211737 0.011748
v 0.227093 0.266208 0.011758
v 0.233946 0.258355 0.017536
v 0.238176 0.247675 0.020685
v 0.238995 0.235763 0.020685
v 0.236280 0.224431 0.017536
v 0.230583 0.215441 0.011757
v 0.225335 0.212203 0.009950
v 0.230284 0.219222 0.017541
v 0.233497 0.229486 0.022915
v 0.234073 0.241300 0.024803
v 0.231889 0.252858 0.022916
v 0.227315 0.262420 0.017542
v 0.221470 0.268501 0.009952
v 0.230998 0.266554 0.006362
v 0.239962 0.258885 0.009437
v 0.245414 0.247750 0.011751
v 0.246147 0.237071 0.011750
v 0.242291 0.225037 0.009437
v 0.234490 0.215800 0.006362
v 0.233628 0.262983 0.011717
v 0.224974 0.268781 0.006643
v 0.228840 0.212531 0.006643
v 0.236598 0.219803 0.011717
v 0.241926 0.230342 0.015284
v 0.243164 0.242160 0.016655
v 0.240327 0.253580 0.015284
v 0.230767 0.212704 0.002332
v 0.240071 0.220130 0.004114
v 0.246609 0.230170 0.004753
v 0.251078 0.238491 -0.000000
v 0.244931 0.254650 0.004753
v 0.237100 0.263309 0.004114
v 0.226899 0.268950 0.002332
v 0.209961 0.269237 0.006511
v 0.213716 0.222610 0.024986
v 0.213716 0.214193 0.016716
v 0.213964 0.209709 0.006493
v 0.217205 0.269864 0.006547
v 0.221296 0.210148 0.006545
v 0.221746 0.218454 0.020762
v 0.219709 0.270041 0.005010
v 0.223801 0.210390 0.005009
v 0.221341 0.270175 0.002710
v 0.225434 0.210539 0.002710
v 0.199898 0.227102 0.027429
v 0.167636 0.217316 0.018721
v 0.166528 0.236078 0.026695
v 0.165970 0.246372 0.024791
v 0.197256 0.266041 0.011452
v 0.165527 0.255197 0.019067
v 0.200789 0.211088 0.011361
v 0.152657 0.256146 0.013825
v 0.152470 0.248919 0.020382
v 0.152655 0.239866 0.023771
v 0.153156 0.230307 0.023613
v 0.133085 0.247861 0.003417
v 0.128075 0.240323 0.004052
v 0.126276 0.234871 0.004095
v 0.126565 0.230484 0.004060
v 0.128993 0.225602 0.003953
v 0.134692 0.219452 0.003291
v 0.138024 0.216660 0.001308
v 0.130562 0.223016 0.001819
v 0.126701 0.228403 0.001926
v 0.125490 0.232581 0.001927
v 0.126136 0.237004 0.001958
v 0.129333 0.243322 0.001878
v 0.136129 0.251438 0.001364
v 0.136107 0.249727 0.007121
v 0.131598 0.242208 0.009102
v 0.129790 0.235826 0.009689
v 0.130130 0.230219 0.009604
v 0.132631 0.224455 0.008876
v 0.137819 0.218231 0.006863
v 0.131452 0.244689 0.006004
v 0.137733 0.252465 0.004133
v 0.139685 0.215976 0.003967
v 0.132765 0.222109 0.005814
v 0.128854 0.227847 0.006485
v 0.127520 0.232774 0.006634
v 0.128222 0.237983 0.006597
v 0.141409 0.252529 0.010849
v 0.138638 0.245207 0.015079
v 0.137488 0.237526 0.016965
v 0.137894 0.230026 0.016822
v 0.139827 0.222878 0.014725
v 0.143273 0.216506 0.010479
v 0.143043 0.214759 0.006599
v 0.137742 0.220491 0.010488
v 0.134333 0.226904 0.012609
v 0.133003 0.233307 0.013299
v 0.133591 0.240008 0.012826
v 0.136284 0.247318 0.010820
v 0.140989 0.254353 0.006864
v 0.146169 0.218609 0.015074
v 0.152551 0.260078 0.005386
v 0.153903 0.221536 0.019997
v 0.154815 0.214740 0.013437
v 0.155092 0.211075 0.005206
v 0.141119 0.255497 0.001735
v 0.143298 0.213716 0.001661
v 0.142658 0.256427 0.003428
v 0.144886 0.213105 0.003287
v 0.145222 0.257804 0.004889
v 0.147530 0.212234 0.004698
v 0.146231 0.256823 0.009095
v 0.148440 0.213275 0.008772
v 0.144466 0.225959 0.019312
v 0.143589 0.234305 0.020862
v 0.143587 0.242865 0.019610
v 0.144515 0.250788 0.015502
v 0.167111 0.225888 -0.024547
v 0.200457 0.217492 -0.020963
v 0.199188 0.238469 -0.029739
v 0.198434 0.249870 -0.027520
v 0.165270 0.261157 -0.010378
v 0.197752 0.259560 -0.021091
v 0.197534 0.268400 -0.000000
v 0.168027 0.211614 -0.010132
v 0.167705 0.209644 -0.000000
v 0.167111 0.225888 0.024547
v 0.200457 0.217492 0.020963
v 0.199188 0.238469 0.029739
v 0.198434 0.249870 0.027520
v 0.165270 0.261157 0.010378
v 0.197752 0.259560 0.021091
v 0.168027 0.211614 0.010132
v 0.184469 0.209501 0.005522
v 0.181365 0.261143 0.015966
v 0.181848 0.253183 0.023843
v 0.181101 0.265465 0.005613
v 0.182474 0.242833 0.028043
v 0.183756 0.221476 0.023623
v 0.183145 0.231698 0.027952
v 0.184220 0.213695 0.015746
v 0.184469 0.209501 -0.005522
v 0.181365 0.261143 -0.015966
v 0.181848 0.253183 -0.023843
v 0.181101 0.265465 -0.005613
v 0.182474 0.242833 -0.028043
v 0.183756 0.221476 -0.023623
v 0.183145 0.231698 -0.027952
v 0.184220 0.213695 -0.015746
v 0.249150 0.245338 -0.005174
v 0.249500 0.240092 -0.005171
v 0.249628 0.237362 -0.002440
v 0.248923 0.248066 -0.002442
v 0.249150 0.245338 0.005174
v 0.249500 0.240092 0.005171
v 0.249628 0.237362 0.002440
v 0.248923 0.248066 0.002442
v 0.247061 0.249517 -0.006517
v 0.248177 0.242630 -0.008106
v 0.248004 0.235615 -0.006515
v 0.248693 0.234345 -0.000000
v 0.247574 0.250914 -0.000000
v 0.248177 0.242630 0.008106
v 0.247061 0.249517 0.006517
v 0.248004 0.235615 0.006515
v 0.254267 0.246962 0.003680
v 0.254884 0.243100 0.004584
v 0.254773 0.239172 0.003676
v 0.255084 0.238435 -0.000000
v 0.252326 0.244998 -0.004080
v 0.252596 0.240867 -0.004077
v 0.252670 0.238719 -0.001922
v 0.252129 0.247143 -0.001925
v 0.252326 0.244998 0.004080
v 0.252596 0.240867 0.004077
v 0.252670 0.238719 0.001922
v 0.252129 0.247143 0.001925
v 0.250785 0.239176 -0.003419
v 0.250313 0.246422 -0.003423
v 0.250886 0.242830 -0.004263
v 0.250523 0.247166 -0.000000
v 0.259281 0.237478 -0.005567
v 0.259455 0.243404 -0.006991
v 0.258519 0.249228 -0.005574
v 0.258855 0.250499 -0.000000
v 0.256907 0.245903 -0.005258
v 0.257255 0.240579 -0.005254
v 0.257350 0.237812 -0.002478
v 0.256654 0.248667 -0.002481
v 0.256907 0.245903 0.005258
v 0.257255 0.240579 0.005254
v 0.257350 0.237812 0.002478
v 0.256654 0.248667 0.002481
v 0.254773 0.239172 -0.003676
v 0.254267 0.246962 -0.003680
v 0.254884 0.243100 -0.004584
v 0.254490 0.247761 -0.000000
v 0.263967 0.243710 0.010720
v 0.263589 0.235940 0.007780
v 0.263058 0.254297 -0.000000
v 0.262603 0.251327 0.007788
v 0.261032 0.247518 -0.008527
v 0.261552 0.239515 -0.008521
v 0.261710 0.234868 -0.003844
v 0.260605 0.252159 -0.003850
v 0.261032 0.247518 0.008527
v 0.261552 0.239515 0.008521
v 0.261710 0.234868 0.003844
v 0.260605 0.252159 0.003850
v 0.259759 0.236302 -0.000000
v 0.259281 0.237478 0.005567
v 0.259455 0.243404 0.006991
v 0.258519 0.249228 0.005574
v 0.265447 0.250026 -0.000000
v 0.266210 0.237906 -0.000000
v 0.265914 0.243967 -0.006252
v 0.265914 0.243967 0.006252
v 0.264981 0.248384 -0.009466
v 0.265561 0.239257 -0.009461
v 0.265719 0.234656 -0.004794
v 0.264561 0.252980 -0.004798
v 0.264981 0.248384 0.009466
v 0.265561 0.239257 0.009461
v 0.265719 0.234656 0.004794
v 0.264561 0.252980 0.004798
v 0.262603 0.251327 -0.007788
v 0.263967 0.243710 -0.010720
v 0.263589 0.235940 -0.007780
v 0.264397 0.233114 -0.000000
v 0.222445 0.234276 -0.028798
v 0.219902 0.257163 -0.024420
v 0.215367 0.269481 -0.007961
v 0.219413 0.210241 -0.007954
v 0.222230 0.223163 -0.024411
v 0.221628 0.246214 -0.028801
v 0.217574 0.265460 -0.016388
v 0.221054 0.214574 -0.016378
v 0.223252 0.210581 -0.006795
v 0.232192 0.224055 -0.020623
v 0.233313 0.247224 -0.024325
v 0.224408 0.265982 -0.013843
v 0.227897 0.215195 -0.013841
v 0.234133 0.235310 -0.024325
v 0.229858 0.257986 -0.020623
v 0.219193 0.269756 -0.006796
v 0.229338 0.266401 -0.009244
v 0.232828 0.215650 -0.009243
v 0.243054 0.236220 -0.016311
v 0.237359 0.258661 -0.013767
v 0.221569 0.269938 -0.004535
v 0.225629 0.210805 -0.004535
v 0.239691 0.224764 -0.013767
v 0.242244 0.247998 -0.016311
v 0.235538 0.215899 -0.003246
v 0.250589 0.244900 -0.004117
v 0.241477 0.259130 -0.004771
v 0.222875 0.270050 -0.001592
v 0.226936 0.210922 -0.001592
v 0.243819 0.225088 -0.004771
v 0.250941 0.238562 -0.001940
v 0.232046 0.266647 -0.003246
v 0.167854 0.214044 -0.014693
v 0.166822 0.230872 -0.026116
v 0.167386 0.221315 -0.022047
v 0.166240 0.241312 -0.026248
v 0.165100 0.262704 -0.005330
v 0.165729 0.251061 -0.022366
v 0.165373 0.258608 -0.015013
v 0.168024 0.210131 -0.005195
v 0.141776 0.214428 -0.000950
v 0.128199 0.225908 -0.001906
v 0.125568 0.234650 -0.001941
v 0.132354 0.247368 -0.001686
v 0.133933 0.219786 -0.001624
v 0.125843 0.230569 -0.001925
v 0.127313 0.239855 -0.001953
v 0.139663 0.254475 -0.000993
v 0.134303 0.248643 -0.005238
v 0.135955 0.218933 -0.005046
v 0.127918 0.230358 -0.006590
v 0.129452 0.241109 -0.006422
v 0.140840 0.255215 -0.002970
v 0.142992 0.213936 -0.002846
v 0.130421 0.225107 -0.006263
v 0.127607 0.235256 -0.006647
v 0.140259 0.217410 -0.008723
v 0.133424 0.230097 -0.013103
v 0.134653 0.243598 -0.012061
v 0.143164 0.256564 -0.004833
v 0.145389 0.213063 -0.004639
v 0.135759 0.223690 -0.011766
v 0.133052 0.236591 -0.013218
v 0.138476 0.251036 -0.009043
v 0.147158 0.258392 -0.006219
v 0.149507 0.211963 -0.005988
v 0.145219 0.222107 -0.017519
v 0.143475 0.238608 -0.020591
v 0.145314 0.254158 -0.012459
v 0.147282 0.215597 -0.012059
v 0.143921 0.230057 -0.020431
v 0.143933 0.246969 -0.017910
v 0.222445 0.234276 0.028798
v 0.219902 0.257163 0.024420
v 0.215367 0.269481 0.007961
v 0.219413 0.210241 0.007954
v 0.222230 0.223163 0.024411
v 0.221628 0.246214 0.028801
v 0.217574 0.265460 0.016388
v 0.221054 0.214574 0.016378
v 0.223252 0.210581 0.006795
v 0.232192 0.224055 0.020623
v 0.233313 0.247224 0.024325
v 0.224408 0.265982 0.013843
v 0.227897 0.215195 0.013841
v 0.234133 0.235310 0.024325
v 0.229858 0.257986 0.020623
v 0.219193 0.269756 0.006796
v 0.229338 0.266401 0.009244
v 0.232828 0.215650 0.009243
v 0.243054 0.236220 0.016311
v 0.237359 0.258661 0.013767
v 0.221569 0.269938 0.004535
v 0.225629 0.210805 0.004535
v 0.239691 0.224764 0.013767
v 0.242244 0.247998 0.016311
v 0.235538 0.215899 0.003246
v 0.250589 0.244900 0.004117
v 0.241477 0.259130 0.004771
v 0.222875 0.270050 0.001592
v 0.226936 0.210922 0.001592
v 0.243819 0.225088 0.004771
v 0.250941 0.238562 0.001940
v 0.232046 0.266647 0.003246
v 0.167854 0.214044 0.014693
v 0.166822 0.230872 0.026116
v 0.167386 0.221315 0.022047
v 0.166240 0.241312 0.026248
v 0.165100 0.262704 0.005330
v 0.165729 0.251061 0.022366
v 0.165373 0.258608 0.015013
v 0.168024 0.210131 0.005195
v 0.141776 0.214428 0.000950
v 0.128199 0.225908 0.001906
v 0.125568 0.234650 0.001941
v 0.132354 0.247368 0.001686
v 0.133933 0.219786 0.001624
v 0.125843 0.230569 0.001925
v 0.127313 0.239855 0.001953
v 0.139663 0.254475 0.000993
v 0.134303 0.248643 0.005238
v 0.135955 0.218933 0.005046
v 0.127918 0.230358 0.006590
v 0.129452 0.241109 0.006422
v 0.140840 0.255215 0.002970
v 0.142992 0.213936 0.002846
v 0.130421 0.225107 0.006263
v 0.127607 0.235256 0.006647
v 0.140259 0.217410 0.008723
v 0.133424 0.230097 0.013103
v 0.134653 0.243598 0.012061
v 0.143164 0.256564 0.004833
v 0.145389 0.213063 0.004639
v 0.135759 0.223690 0.011766
v 0.133052 0.236591 0.013218
v 0.138476 0.251036 0.009043
v 0.147158 0.258392 0.006219
v 0.149507 0.211963 0.005988
v 0.145219 0.222107 0.017519
v 0.143475 0.238608 0.020591
v 0.145314 0.254158 0.012459
v 0.147282 0.215597 0.012059
v 0.143921 0.230057 0.020431
v 0.143933 0.246969 0.017910
v 0.200984 0.209411 0.005833
v 0.197474 0.263278 0.016582
v 0.198077 0.255031 0.024784
v 0.197232 0.267757 0.005882
v 0.198809 0.244277 0.029190
v 0.200202 0.221979 0.024665
v 0.199555 0.232670 0.029141
v 0.200654 0.213816 0.016463
v 0.200984 0.209411 -0.005833
v 0.197474 0.263278 -0.016582
v 0.198077 0.255031 -0.024784
v 0.197232 0.267757 -0.005882
v 0.198809 0.244277 -0.029190
v 0.200202 0.221979 -0.024665
v 0.199555 0.232670 -0.029141
v 0.200654 0.213816 -0.016463
v 0.247609 0.246517 -0.007835
v 0.248141 0.238682 -0.007833
v 0.248395 0.234470 -0.003617
v 0.247296 0.250728 -0.003619
v 0.247609 0.246517 0.007835
v 0.248141 0.238682 0.007833
v 0.248395 0.234470 0.003617
v 0.247296 0.250728 0.003619
v 0.254564 0.245325 -0.004427
v 0.254937 0.238512 -0.002086
v 0.254564 0.245325 0.004427
v 0.254937 0.238512 0.002086
v 0.250393 0.247065 0.001943
v 0.250862 0.240730 0.004114
v 0.250393 0.247065 -0.001943
v 0.250862 0.240730 -0.004114
v 0.258971 0.246749 0.006734
v 0.259534 0.236444 0.003152
v 0.259412 0.240008 -0.006729
v 0.258645 0.250309 -0.003156
v 0.254351 0.247652 0.002089
v 0.254857 0.240842 0.004423
v 0.254351 0.247652 -0.002089
v 0.254857 0.240842 -0.004423
v 0.263834 0.239420 -0.009958
v 0.262773 0.253509 -0.004315
v 0.263834 0.239420 0.009958
v 0.262773 0.253509 0.004315
v 0.259534 0.236444 -0.003152
v 0.258971 0.246749 -0.006734
v 0.258645 0.250309 0.003156
v 0.259412 0.240008 0.006729
v 0.266167 0.238439 -0.005723
v 0.265475 0.249410 -0.005725
v 0.266167 0.238439 0.005723
v 0.265475 0.249410 0.005725
v 0.264023 0.233830 0.004309
v 0.263287 0.247925 0.009964
v 0.264023 0.233830 -0.004309
v 0.263287 0.247925 -0.009964
vn 0.0455 -0.3768 -0.9252
vn 0.0379 -0.1919 -0.9807
vn 0.1837 -0.1794 -0.9665
vn 0.1861 -0.3638 -0.9127
vn 0.0259 -0.0002 -0.9997
vn 0.1727 0.0112 -0.9849
vn 0.3588 0.0245 -0.9331
vn 0.3682 -0.1667 -0.9147
vn 0.3641 -0.3515 -0.8625
vn -0.0091 0.3762 -0.9265
vn -0.0305 0.5472 -0.8365
vn 0.0943 0.5545 -0.8268
vn 0.1271 0.3849 -0.9141
vn -0.0533 0.6967 -0.7154
vn 0.0568 0.7022 -0.7098
vn 0.2008 0.7138 -0.6709
vn 0.2552 0.5678 -0.7826
vn 0.3012 0.3989 -0.8661
vn -0.1031 0.9087 -0.4045
vn -0.1126 0.9712 -0.2101
vn -0.0585 0.9636 -0.2607
vn -0.0211 0.9084 -0.4177
vn -0.0489 0.9988 -0.0000
vn -0.0119 0.9797 -0.2003
vn 0.0754 0.9145 -0.3975
vn 0.1019 -0.9948 -0.0000
vn 0.0253 -0.9776 -0.2089
vn 0.0847 -0.9617 -0.2606
vn 0.1414 -0.9699 -0.1983
vn 0.0259 -0.9142 -0.4045
vn 0.1163 -0.9007 -0.4186
vn 0.2226 -0.8906 -0.3966
vn 0.0470 -0.6984 -0.7142
vn 0.0487 -0.5480 -0.8350
vn 0.1797 -0.5351 -0.8254
vn 0.1647 -0.6857 -0.7090
vn 0.3464 -0.5232 -0.7786
vn 0.3163 -0.6740 -0.6676
vn 0.0100 0.1915 -0.9814
vn 0.1536 0.2015 -0.9674
vn 0.3361 0.2154 -0.9168
vn -0.0776 0.8178 -0.5703
vn 0.0168 0.8201 -0.5720
vn 0.1418 0.8289 -0.5411
vn 0.0394 -0.8209 -0.5697
vn 0.1421 -0.8076 -0.5723
vn 0.2760 -0.7958 -0.5391
vn 0.2372 -0.9432 -0.2326
vn 0.2278 -0.9628 -0.1456
vn 0.3091 -0.8831 -0.3528
vn 0.3652 -0.8805 -0.3022
vn 0.4863 -0.5174 -0.7041
vn 0.4385 -0.6685 -0.6007
vn 0.5178 -0.3446 -0.7830
vn 0.6494 -0.3425 -0.6790
vn 0.6040 -0.5159 -0.6074
vn 0.5373 -0.6669 -0.5162
vn 0.4976 0.2296 -0.8365
vn 0.5237 0.0361 -0.8512
vn 0.4532 0.4147 -0.7891
vn 0.5845 0.4323 -0.6867
vn 0.6372 0.2446 -0.7309
vn 0.6660 0.0460 -0.7445
vn 0.2408 0.8400 -0.4862
vn 0.3196 0.7279 -0.6067
vn 0.1571 0.9213 -0.3558
vn 0.2119 0.9283 -0.3056
vn 0.3170 0.8510 -0.4186
vn 0.4170 0.7429 -0.5237
vn 0.3791 -0.7899 -0.4819
vn 0.4569 -0.7877 -0.4133
vn 0.5304 -0.1579 -0.8329
vn 0.6702 -0.1529 -0.7263
vn 0.3926 0.5836 -0.7108
vn 0.5094 0.6009 -0.6160
vn 0.0782 0.9687 -0.2356
vn 0.0663 0.9864 -0.1504
vn 0.3823 0.8620 -0.3328
vn 0.5011 0.7579 -0.4178
vn 0.2601 0.9342 -0.2440
vn 0.2952 0.9402 -0.1700
vn 0.4329 0.8711 -0.2319
vn 0.5652 0.7714 -0.2925
vn 0.5232 -0.7869 -0.3272
vn 0.4144 -0.8779 -0.2401
vn 0.6218 -0.6673 -0.4100
vn 0.6858 -0.6692 -0.2860
vn 0.5740 -0.7867 -0.2274
vn 0.4498 -0.8774 -0.1669
vn 0.7856 -0.1536 -0.5994
vn 0.7625 -0.3452 -0.5472
vn 0.7809 0.0540 -0.6223
vn 0.8627 0.0596 -0.5022
vn 0.8680 -0.1470 -0.4743
vn 0.8563 -0.3437 -0.3856
vn 0.6119 0.6180 -0.4936
vn 0.6977 0.4524 -0.5555
vn 0.6870 0.6365 -0.3505
vn 0.7933 0.4653 -0.3927
vn 0.1481 0.9752 -0.1646
vn 0.1074 0.9906 -0.0845
vn 0.3090 -0.9374 -0.1607
vn 0.2688 -0.9598 -0.0807
vn 0.7061 -0.5163 -0.4846
vn 0.7812 -0.5219 -0.3426
vn 0.7523 0.2618 -0.6046
vn 0.8363 0.2668 -0.4790
vn 0.6059 -0.7870 -0.1163
vn 0.4747 -0.8760 -0.0854
vn 0.7257 -0.6721 -0.1472
vn 0.7393 -0.6734 -0.0000
vn 0.6169 -0.7870 -0.0000
vn 0.4812 -0.8766 -0.0000
vn 0.7791 0.0521 -0.6247
vn 0.7807 0.2686 -0.5642
vn 0.3429 0.2767 -0.8977
vn 0.3319 0.0216 -0.9431
vn 0.7928 0.4636 -0.3956
vn 0.3707 0.6777 -0.6350
vn -0.1231 0.7040 -0.6995
vn -0.0887 0.2297 -0.9692
vn -0.0719 -0.0053 -0.9974
vn 0.7287 0.6599 -0.1830
vn 0.8214 0.5357 -0.1958
vn 0.6051 0.7817 -0.1510
vn 0.6188 0.7856 -0.0000
vn 0.7420 0.6705 -0.0000
vn 0.8334 0.5526 -0.0000
vn 0.1901 0.9799 -0.0596
vn 0.3201 0.9433 -0.0874
vn 0.1229 0.9924 -0.0000
vn 0.3266 0.9452 -0.0000
vn 0.3507 -0.9347 -0.0578
vn 0.2837 -0.9589 -0.0000
vn 0.8243 -0.5373 -0.1783
vn 0.8934 -0.4066 -0.1908
vn 0.9073 -0.4205 -0.0000
vn 0.8384 -0.5450 -0.0000
vn 0.8317 -0.5552 -0.0000
vn 0.8444 -0.5001 -0.1918
vn 0.4329 -0.8731 -0.2241
vn 0.4051 -0.9143 -0.0000
vn 0.8520 -0.3500 -0.3893
vn 0.4626 -0.6230 -0.6308
vn -0.0272 -0.7158 -0.6978
vn -0.0074 -0.9776 -0.2106
vn -0.0052 -1.0000 -0.0000
vn 0.4648 0.8774 -0.1191
vn 0.4759 0.8795 -0.0000
vn -0.0440 -0.7113 -0.7015
vn -0.0354 -0.8336 -0.5513
vn -0.0749 -0.8295 -0.5534
vn -0.0887 -0.7082 -0.7004
vn -0.0290 -0.9246 -0.3799
vn -0.0631 -0.9213 -0.3838
vn -0.1136 -0.9071 -0.4052
vn -0.1446 -0.8126 -0.5645
vn -0.1729 -0.6928 -0.7001
vn -0.0917 -0.0138 -0.9957
vn -0.0786 -0.2068 -0.9752
vn -0.1328 -0.2104 -0.9686
vn -0.1464 -0.0205 -0.9890
vn -0.0660 -0.3920 -0.9176
vn -0.1182 -0.3927 -0.9120
vn -0.2205 -0.3855 -0.8960
vn -0.2398 -0.2105 -0.9477
vn -0.2554 -0.0290 -0.9664
vn -0.0543 -0.5623 -0.8252
vn -0.1033 -0.5607 -0.8216
vn -0.1981 -0.5483 -0.8125
vn -0.1170 0.3666 -0.9230
vn -0.1046 0.1798 -0.9781
vn -0.1586 0.1702 -0.9725
vn -0.1689 0.3549 -0.9195
vn -0.2668 0.1533 -0.9515
vn -0.2734 0.3307 -0.9033
vn -0.1571 0.9876 -0.0000
vn -0.1558 0.9681 -0.1963
vn -0.1883 0.9627 -0.1941
vn -0.1931 0.9812 -0.0000
vn -0.1520 0.9102 -0.3853
vn -0.1843 0.9012 -0.3922
vn -0.2377 0.8773 -0.4168
vn -0.2346 0.9502 -0.2053
vn -0.3551 0.9348 -0.0000
vn -0.1381 0.6915 -0.7091
vn -0.1283 0.5394 -0.8322
vn -0.1768 0.5266 -0.8315
vn -0.1821 0.6786 -0.7116
vn -0.2747 0.4978 -0.8227
vn -0.2699 0.6479 -0.7123
vn -0.1461 0.8166 -0.5584
vn -0.1843 0.8048 -0.5642
vn -0.2575 0.7747 -0.5776
vn -0.0252 -0.9808 -0.1934
vn -0.0588 -0.9799 -0.1906
vn -0.0240 -0.9997 -0.0000
vn -0.0608 -0.9982 -0.0000
vn -0.2086 -0.9780 -0.0000
vn -0.1011 -0.9744 -0.2009
vn -0.4045 -0.9145 -0.0000
vn -0.4765 -0.8785 -0.0342
vn -0.4057 -0.9136 -0.0252
vn -0.5568 -0.8307 -0.0000
vn -0.5575 -0.8280 -0.0600
vn -0.5402 -0.8317 -0.1278
vn -0.7371 -0.6758 -0.0000
vn -0.8206 -0.5715 -0.0000
vn -0.8098 -0.5666 -0.1525
vn -0.7292 -0.6733 -0.1218
vn -0.8980 -0.4399 -0.0000
vn -0.8829 -0.4332 -0.1811
vn -0.8434 -0.4164 -0.3395
vn -0.7798 -0.5541 -0.2914
vn -0.7067 -0.6667 -0.2370
vn -0.9977 -0.0685 -0.0000
vn -0.9911 0.1332 -0.0000
vn -0.9710 0.1300 -0.2005
vn -0.9754 -0.0673 -0.2098
vn -0.9524 0.3047 -0.0000
vn -0.9372 0.2999 -0.1784
vn -0.8970 0.2883 -0.3351
vn -0.9205 0.1223 -0.3712
vn -0.9203 -0.0643 -0.3859
vn -0.8362 0.5485 -0.0000
vn -0.7699 0.6382 -0.0000
vn -0.7645 0.6383 -0.0907
vn -0.8285 0.5471 -0.1196
vn -0.6908 0.7230 -0.0000
vn -0.6912 0.7203 -0.0590
vn -0.6752 0.7268 -0.1264
vn -0.7473 0.6394 -0.1811
vn -0.8063 0.5437 -0.2330
vn -0.6523 -0.7579 -0.0000
vn -0.6467 -0.7571 -0.0921
vn -0.6288 -0.7556 -0.1837
vn -0.9630 -0.2695 -0.0000
vn -0.9431 -0.2640 -0.2020
vn -0.8930 -0.2508 -0.3738
vn -0.8983 0.4393 -0.0000
vn -0.8875 0.4358 -0.1498
vn -0.8575 0.4273 -0.2865
vn -0.5548 0.8320 -0.0000
vn -0.6209 0.7831 -0.0336
vn -0.5562 0.8308 -0.0223
vn -0.7210 0.6414 -0.2621
vn -0.7715 0.5403 -0.3359
vn -0.6608 0.7292 -0.1778
vn -0.6289 0.7382 -0.2441
vn -0.6825 0.6457 -0.3424
vn -0.7243 0.5393 -0.4296
vn -0.6014 -0.7535 -0.2656
vn -0.5253 -0.8317 -0.1801
vn -0.6711 -0.6582 -0.3411
vn -0.6229 -0.6504 -0.4348
vn -0.5617 -0.7517 -0.3457
vn -0.4919 -0.8352 -0.2459
vn -0.8281 -0.2359 -0.5085
vn -0.7882 -0.3975 -0.4698
vn -0.8511 -0.0607 -0.5215
vn -0.7744 -0.0569 -0.6301
vn -0.7543 -0.2232 -0.6174
vn -0.7216 -0.3812 -0.5780
vn -0.8129 0.4179 -0.4057
vn -0.8415 0.2757 -0.4645
vn -0.7558 0.4116 -0.5093
vn -0.7750 0.2670 -0.5728
vn -0.5972 0.7951 -0.1051
vn -0.5442 0.8352 -0.0787
vn -0.4511 -0.8860 -0.1072
vn -0.3927 -0.9160 -0.0826
vn -0.7350 -0.5388 -0.4116
vn -0.6773 -0.5252 -0.5152
vn -0.8553 0.1142 -0.5054
vn -0.7814 0.1093 -0.6144
vn -0.5135 -0.7527 -0.4121
vn -0.4583 -0.8390 -0.2932
vn -0.5632 -0.6463 -0.5149
vn -0.4742 -0.6496 -0.5943
vn -0.4319 -0.7606 -0.4847
vn -0.3798 -0.8528 -0.3583
vn -0.6724 -0.2144 -0.7084
vn -0.6447 -0.3707 -0.6686
vn -0.6908 -0.0527 -0.7211
vn -0.5834 -0.0473 -0.8108
vn -0.5660 -0.2092 -0.7974
vn -0.5420 -0.3669 -0.7561
vn -0.6876 0.4117 -0.5981
vn -0.6988 0.2652 -0.6644
vn -0.6661 0.5435 -0.5107
vn -0.5787 0.5592 -0.5936
vn -0.5924 0.4229 -0.6857
vn -0.5972 0.2728 -0.7543
vn -0.5441 0.8206 -0.1747
vn -0.5970 0.7475 -0.2914
vn -0.4444 0.8795 -0.1700
vn -0.5192 0.7748 -0.3607
vn -0.3947 -0.9017 -0.1767
vn -0.2948 -0.9403 -0.1702
vn -0.6080 -0.5167 -0.6028
vn -0.5113 -0.5158 -0.6874
vn -0.6998 0.1090 -0.7060
vn -0.5939 0.1147 -0.7963
vn -0.6359 0.6541 -0.4096
vn -0.5557 0.6747 -0.4857
vn -0.3338 0.9081 -0.2528
vn -0.3807 0.8256 -0.4165
vn -0.1930 -0.9498 -0.2461
vn -0.2470 -0.8793 -0.4072
vn -0.3581 -0.5288 -0.7695
vn -0.3250 -0.6685 -0.6690
vn -0.3861 -0.3735 -0.8435
vn -0.4366 0.1310 -0.8900
vn -0.4255 -0.0390 -0.9041
vn -0.4414 0.2974 -0.8466
vn -0.4078 0.7228 -0.5579
vn -0.4281 0.5999 -0.6759
vn -0.2870 -0.7849 -0.5491
vn -0.4086 -0.2087 -0.8886
vn -0.4389 0.4557 -0.7744
vn 0.0455 -0.3768 0.9252
vn 0.1861 -0.3638 0.9127
vn 0.1837 -0.1794 0.9665
vn 0.0379 -0.1919 0.9807
vn 0.3641 -0.3515 0.8625
vn 0.3682 -0.1667 0.9147
vn 0.3588 0.0245 0.9331
vn 0.1727 0.0112 0.9849
vn 0.0259 -0.0002 0.9997
vn -0.0091 0.3762 0.9265
vn 0.1271 0.3849 0.9141
vn 0.0943 0.5545 0.8268
vn -0.0305 0.5472 0.8365
vn 0.3012 0.3989 0.8661
vn 0.2552 0.5678 0.7826
vn 0.2008 0.7138 0.6709
vn 0.0568 0.7022 0.7098
vn -0.0533 0.6967 0.7154
vn -0.1031 0.9087 0.4045
vn -0.0211 0.9084 0.4177
vn -0.0585 0.9636 0.2607
vn -0.1126 0.9712 0.2101
vn 0.0754 0.9145 0.3975
vn -0.0119 0.9797 0.2003
vn 0.1417 -0.9699 0.1981
vn 0.0847 -0.9617 0.2606
vn 0.0253 -0.9776 0.2089
vn 0.2226 -0.8906 0.3966
vn 0.1163 -0.9007 0.4186
vn 0.0259 -0.9142 0.4045
vn 0.0470 -0.6984 0.7142
vn 0.1647 -0.6857 0.7090
vn 0.1797 -0.5351 0.8254
vn 0.0487 -0.5480 0.8350
vn 0.3163 -0.6740 0.6676
vn 0.3464 -0.5232 0.7786
vn 0.1536 0.2015 0.9674
vn 0.0100 0.1915 0.9814
vn 0.3361 0.2154 0.9168
vn 0.0168 0.8201 0.5720
vn -0.0776 0.8178 0.5703
vn 0.1418 0.8289 0.5411
vn 0.1421 -0.8076 0.5723
vn 0.0394 -0.8209 0.5697
vn 0.2760 -0.7958 0.5391
vn 0.2278 -0.9628 0.1456
vn 0.2372 -0.9432 0.2326
vn 0.3652 -0.8805 0.3022
vn 0.3091 -0.8831 0.3528
vn 0.4385 -0.6685 0.6007
vn 0.4863 -0.5174 0.7041
vn 0.5373 -0.6669 0.5162
vn 0.6040 -0.5159 0.6074
vn 0.6494 -0.3425 0.6790
vn 0.5178 -0.3446 0.7830
vn 0.5237 0.0361 0.8512
vn 0.4976 0.2296 0.8365
vn 0.6660 0.0460 0.7445
vn 0.6372 0.2446 0.7309
vn 0.5845 0.4323 0.6867
vn 0.4532 0.4147 0.7891
vn 0.3196 0.7279 0.6067
vn 0.2408 0.8400 0.4862
vn 0.4170 0.7429 0.5237
vn 0.3170 0.8510 0.4186
vn 0.2119 0.9283 0.3056
vn 0.1571 0.9213 0.3558
vn 0.3791 -0.7899 0.4819
vn 0.4569 -0.7877 0.4133
vn 0.5304 -0.1579 0.8329
vn 0.6702 -0.1529 0.7263
vn 0.3926 0.5836 0.7108
vn 0.5094 0.6009 0.6160
vn 0.0782 0.9687 0.2356
vn 0.0663 0.9864 0.1504
vn 0.5011 0.7579 0.4178
vn 0.3823 0.8620 0.3328
vn 0.5652 0.7714 0.2925
vn 0.4329 0.8711 0.2319
vn 0.2952 0.9402 0.1700
vn 0.2601 0.9342 0.2440
vn 0.4144 -0.8779 0.2401
vn 0.5232 -0.7869 0.3272
vn 0.4498 -0.8774 0.1669
vn 0.5740 -0.7867 0.2274
vn 0.6858 -0.6692 0.2860
vn 0.6218 -0.6672 0.4100
vn 0.7625 -0.3452 0.5472
vn 0.7856 -0.1536 0.5994
vn 0.8563 -0.3437 0.3856
vn 0.8680 -0.1470 0.4743
vn 0.8627 0.0596 0.5022
vn 0.7809 0.0540 0.6223
vn 0.6977 0.4524 0.5555
vn 0.6119 0.6180 0.4936
vn 0.7933 0.4653 0.3927
vn 0.6870 0.6365 0.3505
vn 0.1481 0.9752 0.1646
vn 0.1074 0.9906 0.0845
vn 0.2688 -0.9598 0.0807
vn 0.3090 -0.9374 0.1607
vn 0.7061 -0.5163 0.4846
vn 0.7812 -0.5219 0.3426
vn 0.7523 0.2618 0.6046
vn 0.8363 0.2668 0.4790
vn 0.4747 -0.8760 0.0854
vn 0.6059 -0.7870 0.1163
vn 0.7257 -0.6721 0.1472
vn 0.7928 0.4636 0.3956
vn 0.7809 0.2683 0.5642
vn 0.3429 0.2767 0.8977
vn 0.3707 0.6777 0.6350
vn 0.7791 0.0521 0.6247
vn 0.3319 0.0216 0.9431
vn -0.0719 -0.0053 0.9974
vn -0.0887 0.2297 0.9692
vn -0.1232 0.7037 0.6998
vn 0.8214 0.5357 0.1958
vn 0.7287 0.6599 0.1830
vn 0.6051 0.7817 0.1510
vn 0.3201 0.9433 0.0874
vn 0.1901 0.9799 0.0596
vn 0.3507 -0.9347 0.0578
vn 0.8243 -0.5373 0.1783
vn 0.8934 -0.4066 0.1908
vn 0.8520 -0.3500 0.3893
vn 0.8444 -0.5001 0.1918
vn 0.4329 -0.8731 0.2241
vn 0.4626 -0.6230 0.6308
vn -0.0074 -0.9775 0.2107
vn -0.0272 -0.7158 0.6978
vn 0.4648 0.8774 0.1191
vn -0.0440 -0.7113 0.7015
vn -0.0887 -0.7082 0.7004
vn -0.0749 -0.8295 0.5534
vn -0.0354 -0.8336 0.5513
vn -0.1729 -0.6928 0.7001
vn -0.1446 -0.8126 0.5645
vn -0.1136 -0.9071 0.4052
vn -0.0631 -0.9213 0.3838
vn -0.0290 -0.9246 0.3799
vn -0.0917 -0.0138 0.9957
vn -0.1464 -0.0205 0.9890
vn -0.1328 -0.2104 0.9686
vn -0.0786 -0.2068 0.9752
vn -0.2554 -0.0290 0.9664
vn -0.2398 -0.2105 0.9477
vn -0.2205 -0.3855 0.8960
vn -0.1182 -0.3927 0.9120
vn -0.0660 -0.3920 0.9176
vn -0.1033 -0.5607 0.8216
vn -0.0543 -0.5623 0.8252
vn -0.1981 -0.5483 0.8125
vn -0.1170 0.3666 0.9230
vn -0.1689 0.3549 0.9195
vn -0.1586 0.1702 0.9725
vn -0.1046 0.1798 0.9781
vn -0.2734 0.3307 0.9033
vn -0.2668 0.1533 0.9515
vn -0.1883 0.9627 0.1941
vn -0.1558 0.9681 0.1963
vn -0.2346 0.9502 0.2053
vn -0.2377 0.8773 0.4168
vn -0.1843 0.9012 0.3922
vn -0.1520 0.9102 0.3853
vn -0.1381 0.6915 0.7091
vn -0.1821 0.6786 0.7116
vn -0.1768 0.5266 0.8315
vn -0.1283 0.5394 0.8322
vn -0.2699 0.6479 0.7123
vn -0.2747 0.4978 0.8227
vn -0.1843 0.8048 0.5642
vn -0.1461 0.8166 0.5584
vn -0.2575 0.7747 0.5776
vn -0.0588 -0.9799 0.1906
vn -0.0252 -0.9808 0.1934
vn -0.1011 -0.9744 0.2009
vn -0.4057 -0.9136 0.0252
vn -0.4765 -0.8785 0.0346
vn -0.5402 -0.8317 0.1278
vn -0.5575 -0.8280 0.0597
vn -0.7292 -0.6733 0.1218
vn -0.8098 -0.5666 0.1525
vn -0.7067 -0.6667 0.2370
vn -0.7798 -0.5541 0.2914
vn -0.8434 -0.4164 0.3395
vn -0.8832 -0.4328 0.1808
vn -0.9754 -0.0673 0.2098
vn -0.9710 0.1300 0.2005
vn -0.9203 -0.0643 0.3859
vn -0.9205 0.1223 0.3712
vn -0.8970 0.2883 0.3351
vn -0.9372 0.2999 0.1783
vn -0.8285 0.5471 0.1196
vn -0.7645 0.6382 0.0907
vn -0.8063 0.5437 0.2330
vn -0.7473 0.6394 0.1811
vn -0.6752 0.7268 0.1264
vn -0.6912 0.7203 0.0590
vn -0.6467 -0.7571 0.0921
vn -0.6288 -0.7556 0.1837
vn -0.9431 -0.2640 0.2020
vn -0.8930 -0.2508 0.3738
vn -0.8875 0.4358 0.1498
vn -0.8575 0.4273 0.2865
vn -0.6209 0.7831 0.0336
vn -0.5562 0.8308 0.0223
vn -0.7715 0.5403 0.3359
vn -0.7210 0.6414 0.2621
vn -0.7243 0.5393 0.4296
vn -0.6825 0.6457 0.3424
vn -0.6289 0.7382 0.2441
vn -0.6608 0.7292 0.1778
vn -0.5253 -0.8317 0.1801
vn -0.6014 -0.7535 0.2656
vn -0.4919 -0.8352 0.2459
vn -0.5617 -0.7517 0.3457
vn -0.6229 -0.6504 0.4348
vn -0.6711 -0.6582 0.3411
vn -0.7882 -0.3975 0.4698
vn -0.8281 -0.2359 0.5085
vn -0.7216 -0.3812 0.5780
vn -0.7543 -0.2232 0.6174
vn -0.7744 -0.0569 0.6301
vn -0.8511 -0.0607 0.5215
vn -0.8415 0.2757 0.4645
vn -0.8129 0.4179 0.4057
vn -0.7750 0.2670 0.5728
vn -0.7558 0.4116 0.5093
vn -0.5975 0.7950 0.1049
vn -0.5444 0.8352 0.0784
vn -0.3927 -0.9160 0.0826
vn -0.4511 -0.8860 0.1072
vn -0.7350 -0.5388 0.4116
vn -0.6773 -0.5252 0.5152
vn -0.8553 0.1142 0.5054
vn -0.7814 0.1093 0.6144
vn -0.4583 -0.8390 0.2932
vn -0.5135 -0.7527 0.4121
vn -0.3798 -0.8529 0.3583
vn -0.4319 -0.7606 0.4847
vn -0.4742 -0.6496 0.5943
vn -0.5632 -0.6463 0.5149
vn -0.6447 -0.3707 0.6686
vn -0.6724 -0.2144 0.7084
vn -0.5420 -0.3669 0.7561
vn -0.5660 -0.2092 0.7974
vn -0.5834 -0.0473 0.8108
vn -0.6908 -0.0527 0.7211
vn -0.6988 0.2652 0.6644
vn -0.6876 0.4117 0.5981
vn -0.5972 0.2728 0.7543
vn -0.5924 0.4229 0.6857
vn -0.5787 0.5592 0.5936
vn -0.6661 0.5435 0.5107
vn -0.5970 0.7475 0.2914
vn -0.5441 0.8206 0.1747
vn -0.5192 0.7748 0.3607
vn -0.4444 0.8795 0.1700
vn -0.2948 -0.9403 0.1702
vn -0.3947 -0.9017 0.1767
vn -0.6080 -0.5167 0.6028
vn -0.5113 -0.5158 0.6874
vn -0.6998 0.1090 0.7060
vn -0.5939 0.1147 0.7963
vn -0.6359 0.6541 0.4096
vn -0.5557 0.6747 0.4857
vn -0.3807 0.8256 0.4165
vn -0.3338 0.9081 0.2528
vn -0.1930 -0.9498 0.2461
vn -0.2470 -0.8793 0.4072
vn -0.3250 -0.6685 0.6690
vn -0.3581 -0.5288 0.7695
vn -0.3860 -0.3735 0.8435
vn -0.4255 -0.0390 0.9041
vn -0.4366 0.1310 0.8900
vn -0.4414 0.2974 0.8466
vn -0.4281 0.5999 0.6759
vn -0.4078 0.7228 0.5579
vn -0.2870 -0.7849 0.5491
vn -0.4086 -0.2087 0.8886
vn -0.4389 0.4557 0.7744
vn -0.0006 -0.9225 0.3859
vn 0.0023 -0.9804 0.1971
vn 0.0051 -1.0000 -0.0000
vn -0.1265 0.9127 0.3886
vn -0.1162 0.8198 0.5607
vn -0.1039 0.6959 0.7106
vn -0.0905 0.5446 0.8338
vn -0.0763 0.3722 0.9250
vn -0.1321 0.9912 -0.0000
vn -0.1318 0.9711 0.1992
vn -0.0620 0.1858 0.9806
vn -0.0481 -0.0076 0.9988
vn -0.0240 -0.3864 0.9220
vn -0.0146 -0.5576 0.8300
vn -0.0073 -0.7076 0.7066
vn -0.0353 -0.2008 0.9790
vn -0.0028 -0.8304 0.5571
vn 0.0023 -0.9804 -0.1971
vn -0.0006 -0.9225 -0.3859
vn -0.1162 0.8198 -0.5607
vn -0.1265 0.9127 -0.3886
vn -0.1039 0.6959 -0.7106
vn -0.0905 0.5446 -0.8338
vn -0.0763 0.3722 -0.9250
vn -0.1318 0.9711 -0.1992
vn -0.0620 0.1858 -0.9806
vn -0.0481 -0.0076 -0.9988
vn -0.0146 -0.5576 -0.8300
vn -0.0240 -0.3864 -0.9220
vn -0.0073 -0.7076 -0.7066
vn -0.0353 -0.2008 -0.9790
vn -0.0028 -0.8304 -0.5571
vn 0.8779 0.2505 -0.4082
vn 0.8637 0.3883 -0.3214
vn 0.8952 0.0611 -0.4415
vn 0.8118 -0.1610 -0.5613
vn 0.9057 -0.1271 -0.4044
vn 0.9119 -0.2623 -0.3157
vn 0.9260 -0.3344 -0.1752
vn 0.9332 -0.3593 -0.0000
vn 0.7443 0.6678 -0.0000
vn 0.7643 0.6138 -0.1978
vn 0.8672 0.4643 -0.1799
vn 0.8708 0.4915 -0.0000
vn 0.8779 0.2505 0.4082
vn 0.8952 0.0611 0.4415
vn 0.8637 0.3883 0.3214
vn 0.8118 -0.1610 0.5613
vn 0.9057 -0.1271 0.4044
vn 0.9119 -0.2623 0.3157
vn 0.9260 -0.3344 0.1752
vn 0.7643 0.6138 0.1978
vn 0.8672 0.4643 0.1799
vn -0.2783 0.1915 -0.9412
vn -0.2522 -0.0172 -0.9675
vn -0.3373 0.6584 -0.6729
vn -0.5756 0.5593 -0.5966
vn -0.4985 0.1363 -0.8561
vn -0.4681 -0.0312 -0.8831
vn -0.2062 -0.9600 -0.1893
vn -0.1926 -0.9813 -0.0000
vn -0.2473 -0.6981 -0.6719
vn -0.4980 -0.6302 -0.5957
vn -0.4394 -0.8849 -0.1547
vn -0.4173 -0.9088 -0.0000
vn -0.2782 0.1918 0.9412
vn -0.3373 0.6584 0.6729
vn -0.2522 -0.0172 0.9675
vn -0.4681 -0.0312 0.8831
vn -0.4985 0.1363 0.8561
vn -0.5754 0.5596 0.5964
vn -0.2062 -0.9600 0.1893
vn -0.2473 -0.6981 0.6719
vn -0.4394 -0.8849 0.1547
vn -0.4980 -0.6302 0.5957
vn 0.3077 0.9230 0.2312
vn 0.2749 0.9615 -0.0000
vn -0.1390 0.9664 0.2164
vn -0.1399 0.9902 -0.0000
vn 0.3782 -0.2287 0.8970
vn -0.0570 -0.2390 0.9693
vn 0.3077 0.9230 -0.2312
vn -0.1390 0.9664 -0.2164
vn 0.3782 -0.2287 -0.8970
vn -0.0570 -0.2390 -0.9693
vn -0.6427 0.1066 0.7587
vn -0.7006 0.4814 0.5267
vn -0.6225 -0.0412 0.7815
vn -0.6121 -0.0403 0.7897
vn -0.6066 0.1613 0.7785
vn -0.6176 0.5369 0.5748
vn -0.5847 -0.7986 0.1429
vn -0.6328 -0.5684 0.5259
vn -0.5714 -0.8207 -0.0000
vn -0.5332 -0.8460 -0.0000
vn -0.5198 -0.8296 0.2041
vn -0.5418 -0.6137 0.5743
vn -0.4761 -0.1996 -0.8564
vn -0.6234 -0.1887 -0.7588
vn -0.6328 -0.5684 -0.5259
vn -0.6225 -0.0412 -0.7815
vn -0.6121 -0.0403 -0.7897
vn -0.5803 -0.2382 -0.7788
vn -0.5415 -0.6139 -0.5743
vn -0.5519 0.8187 -0.1588
vn -0.6834 0.7152 -0.1461
vn -0.7006 0.4814 -0.5267
vn -0.5338 0.8456 -0.0000
vn -0.6736 0.7391 -0.0000
vn -0.6406 0.7679 -0.0000
vn -0.6248 0.7527 -0.2073
vn -0.6176 0.5369 -0.5748
vn -0.3324 0.9229 0.1945
vn -0.3221 0.9467 -0.0000
vn -0.5519 0.8187 0.1588
vn -0.2504 -0.2260 0.9414
vn -0.4761 -0.1996 0.8564
vn -0.3324 0.9229 -0.1945
vn -0.2501 -0.2261 -0.9414
vn -0.1620 -0.3144 -0.9354
vn -0.1482 -0.7051 -0.6934
vn -0.1492 -0.0118 -0.9887
vn 0.7305 0.0482 -0.6812
vn 0.6992 -0.2661 -0.6635
vn 0.5781 -0.5615 -0.5920
vn -0.2034 0.9294 -0.3080
vn -0.2517 0.6748 -0.6937
vn -0.1710 0.9853 -0.0000
vn 0.6887 0.7251 -0.0000
vn 0.6332 0.7119 -0.3038
vn 0.4841 0.6370 -0.5999
vn -0.5803 -0.2382 0.7788
vn -0.1620 -0.3144 0.9354
vn -0.1492 -0.0118 0.9887
vn -0.1482 -0.7051 0.6934
vn 0.5781 -0.5615 0.5920
vn 0.6992 -0.2661 0.6635
vn 0.7305 0.0482 0.6812
vn -0.6248 0.7527 0.2073
vn -0.2034 0.9294 0.3080
vn -0.2517 0.6748 0.6937
vn 0.4841 0.6370 0.5999
vn 0.6332 0.7119 0.3038
vn -0.5847 -0.7986 -0.1429
vn -0.5198 -0.8296 -0.2041
vn -0.6427 0.1066 -0.7587
vn -0.6066 0.1613 -0.7784
vn -0.6834 0.7152 0.1461
vn -0.6234 -0.1887 0.7588
vn 0.9921 -0.0667 -0.1064
vn 0.7343 -0.6118 -0.2941
vn 0.9965 0.0636 -0.0545
vn 0.9980 0.0629 -0.0000
vn 0.9999 -0.0139 -0.0000
vn 0.7914 -0.6113 -0.0000
vn 0.6514 0.3572 -0.6694
vn 0.9739 0.1971 -0.1126
vn 0.9897 0.1434 -0.0000
vn 0.7343 -0.6118 0.2941
vn 0.9921 -0.0667 0.1064
vn 0.9965 0.0636 0.0545
vn 0.9739 0.1971 0.1126
vn 0.6514 0.3572 0.6694
vn -0.0601 -0.9509 0.3037
vn -0.0189 -0.9998 -0.0000
vn -0.2071 0.2885 0.9348
vn -0.0601 -0.9509 -0.3037
vn -0.2071 0.2885 -0.9348
vt 0.851840 0.931382
vt 0.800950 0.942596
vt 0.773555 0.938083
vt 0.813403 0.927170
vt 0.735042 0.946443
vt 0.728603 0.941786
vt 0.726057 0.930200
vt 0.762741 0.926725
vt 0.797066 0.916484
vt 0.608303 0.931597
vt 0.567228 0.913461
vt 0.605810 0.909490
vt 0.640942 0.927215
vt 0.539448 0.889060
vt 0.577947 0.885671
vt 0.594785 0.877461
vt 0.622254 0.899836
vt 0.653928 0.916490
vt 0.509110 0.826701
vt 0.505055 0.792524
vt 0.532261 0.801994
vt 0.541521 0.826779
vt 0.527325 0.750000
vt 0.539523 0.792759
vt 0.553468 0.821633
vt 0.918803 0.750000
vt 0.940893 0.792406
vt 0.914319 0.801949
vt 0.906993 0.792745
vt 0.937524 0.826486
vt 0.905632 0.826727
vt 0.893574 0.821614
vt 0.911082 0.888759
vt 0.887192 0.913187
vt 0.846164 0.909431
vt 0.871926 0.885599
vt 0.827666 0.899824
vt 0.854022 0.877442
vt 0.665791 0.942713
vt 0.682827 0.938102
vt 0.689064 0.926732
vt 0.520964 0.859455
vt 0.556703 0.857031
vt 0.571743 0.850501
vt 0.927119 0.859174
vt 0.891547 0.856967
vt 0.876071 0.850481
vt 0.898058 0.794379
vt 0.896717 0.782715
vt 0.884843 0.814985
vt 0.878216 0.804711
vt 0.815165 0.884691
vt 0.841493 0.864562
vt 0.786497 0.899660
vt 0.779013 0.877265
vt 0.805985 0.864529
vt 0.831897 0.847411
vt 0.692740 0.908870
vt 0.724395 0.911991
vt 0.661993 0.899666
vt 0.667513 0.877265
vt 0.695149 0.885095
vt 0.723195 0.887747
vt 0.582223 0.840409
vt 0.606235 0.864569
vt 0.561991 0.814997
vt 0.568371 0.804718
vt 0.590373 0.826793
vt 0.614812 0.847411
vt 0.865050 0.840397
vt 0.856327 0.826787
vt 0.755976 0.908870
vt 0.751288 0.885095
vt 0.632978 0.884691
vt 0.640648 0.864529
vt 0.548486 0.794385
vt 0.549701 0.782721
vt 0.596534 0.810373
vt 0.620994 0.826525
vt 0.573945 0.793386
vt 0.577216 0.779599
vt 0.600716 0.791551
vt 0.625163 0.802712
vt 0.849646 0.810367
vt 0.872385 0.793386
vt 0.824856 0.826525
vt 0.820047 0.802712
vt 0.845051 0.791551
vt 0.868917 0.779599
vt 0.747764 0.856529
vt 0.773442 0.849821
vt 0.722338 0.858775
vt 0.721788 0.829001
vt 0.743436 0.826740
vt 0.766799 0.815206
vt 0.646074 0.839914
vt 0.671592 0.849821
vt 0.649760 0.811634
vt 0.677045 0.815213
vt 0.557480 0.779618
vt 0.555811 0.767699
vt 0.888866 0.779618
vt 0.890460 0.767699
vt 0.799362 0.839914
vt 0.794805 0.811634
vt 0.697012 0.856529
vt 0.700243 0.826746
vt 0.842274 0.771200
vt 0.866157 0.765230
vt 0.817252 0.776869
vt 0.816329 0.750000
vt 0.841413 0.750000
vt 0.865825 0.750000
vt 0.721417 0.784993
vt 0.711506 0.783792
vt 0.713668 0.776888
vt 0.721346 0.777843
vt 0.704154 0.778097
vt 0.707977 0.772356
vt 0.708435 0.772153
vt 0.713904 0.776647
vt 0.721276 0.777594
vt 0.651305 0.781160
vt 0.672961 0.781043
vt 0.627560 0.776869
vt 0.628349 0.750000
vt 0.651826 0.750000
vt 0.672779 0.750000
vt 0.562070 0.760398
vt 0.579826 0.765230
vt 0.557887 0.750000
vt 0.580127 0.750000
vt 0.884118 0.760398
vt 0.888319 0.750000
vt 0.792753 0.781160
vt 0.770453 0.781043
vt 0.770477 0.750000
vt 0.792061 0.750000
vt 0.741970 0.750000
vt 0.741659 0.765936
vt 0.737041 0.762671
vt 0.737291 0.750000
vt 0.738770 0.778070
vt 0.734789 0.772330
vt 0.734189 0.772128
vt 0.736354 0.762553
vt 0.736594 0.750000
vt 0.603235 0.771200
vt 0.604006 0.750000
vt -0.126173 0.881040
vt -0.139045 0.852839
vt -0.055837 0.845961
vt -0.041389 0.872269
vt -0.146915 0.820784
vt -0.065641 0.816173
vt -0.025185 0.811601
vt -0.016035 0.837759
vt -0.003566 0.861244
vt 0.057176 0.936450
vt -0.019766 0.932557
vt 0.034977 0.920566
vt 0.070072 0.924348
vt -0.072630 0.921702
vt 0.003883 0.910319
vt 0.030352 0.895095
vt 0.051055 0.904219
vt 0.073268 0.907667
vt -0.105620 0.904284
vt -0.021637 0.893992
vt 0.011985 0.880603
vt 0.208645 0.922800
vt 0.142133 0.933152
vt 0.106187 0.921428
vt 0.139856 0.911913
vt 0.095900 0.905251
vt 0.117747 0.897016
vt 0.310725 0.750000
vt 0.309063 0.786659
vt 0.225828 0.784810
vt 0.226628 0.750000
vt 0.303832 0.821881
vt 0.219643 0.817780
vt 0.179570 0.813587
vt 0.184601 0.785177
vt 0.173294 0.750000
vt 0.277833 0.882601
vt 0.251461 0.905721
vt 0.168560 0.896075
vt 0.191303 0.874529
vt 0.137724 0.883117
vt 0.155037 0.863975
vt 0.294059 0.854276
vt 0.208147 0.848052
vt 0.169133 0.840293
vt -0.151183 0.786065
vt -0.070847 0.783929
vt -0.152540 0.750000
vt -0.071343 0.750000
vt -0.017851 0.750000
vt -0.029407 0.784001
vt 0.003247 0.750000
vt 0.006229 0.756205
vt 0.001753 0.760848
vt 0.018213 0.750000
vt 0.018034 0.758543
vt 0.016157 0.766994
vt 0.044796 0.750000
vt 0.054686 0.750000
vt 0.054241 0.762448
vt 0.044262 0.761880
vt 0.062522 0.750000
vt 0.062205 0.762580
vt 0.061230 0.776353
vt 0.052876 0.775817
vt 0.042636 0.774368
vt 0.074634 0.750000
vt 0.080384 0.750000
vt 0.080544 0.762677
vt 0.074627 0.762586
vt 0.086951 0.750000
vt 0.087268 0.762788
vt 0.088250 0.776798
vt 0.081038 0.776744
vt 0.074612 0.776602
vt 0.105625 0.750000
vt 0.119002 0.750000
vt 0.119560 0.761011
vt 0.106185 0.762266
vt 0.134390 0.750000
vt 0.134586 0.758908
vt 0.136611 0.767712
vt 0.121414 0.772317
vt 0.107897 0.775164
vt 0.032383 0.750000
vt 0.031860 0.760607
vt 0.030123 0.771494
vt 0.068926 0.750000
vt 0.068760 0.762572
vt 0.068243 0.776517
vt 0.095128 0.750000
vt 0.095585 0.762755
vt 0.096994 0.776464
vt 0.150634 0.750000
vt 0.147413 0.756485
vt 0.152265 0.761331
vt 0.124463 0.784210
vt 0.110844 0.789213
vt 0.139088 0.776993
vt 0.143357 0.785706
vt 0.128936 0.796508
vt 0.115146 0.804476
vt 0.027267 0.782956
vt 0.013862 0.775909
vt 0.039838 0.787972
vt 0.035754 0.802765
vt 0.023078 0.794823
vt 0.009902 0.784295
vt 0.067343 0.793040
vt 0.059526 0.792354
vt 0.074589 0.793327
vt 0.074557 0.813404
vt 0.065996 0.812724
vt 0.056987 0.811046
vt 0.099439 0.791943
vt 0.089965 0.793086
vt 0.103057 0.809446
vt 0.092531 0.812111
vt 0.151026 0.769397
vt 0.157083 0.772388
vt 0.002905 0.768588
vt -0.002677 0.771468
vt 0.050512 0.790904
vt 0.047016 0.807970
vt 0.081905 0.793412
vt 0.083216 0.813280
vt 0.017586 0.806971
vt 0.005401 0.793098
vt 0.030209 0.818498
vt 0.023059 0.834095
vt 0.010641 0.818439
vt -0.000598 0.800335
vt 0.064090 0.835577
vt 0.053426 0.832351
vt 0.074512 0.836857
vt 0.074431 0.861891
vt 0.061491 0.859866
vt 0.048640 0.854674
vt 0.108058 0.828772
vt 0.096130 0.833768
vt 0.120989 0.820667
vt 0.128499 0.836655
vt 0.114637 0.848483
vt 0.100939 0.856418
vt 0.158122 0.781564
vt 0.148200 0.794829
vt 0.164966 0.781931
vt 0.154648 0.802288
vt -0.003640 0.780298
vt -0.009984 0.780684
vt 0.042182 0.826845
vt 0.035807 0.846170
vt 0.085066 0.836329
vt 0.087552 0.860800
vt 0.134790 0.809060
vt 0.142187 0.820856
vt 0.169671 0.790617
vt 0.162706 0.809400
vt -0.014555 0.789108
vt -0.008283 0.807291
vt 0.027108 0.864418
vt 0.013475 0.848450
vt 0.041977 0.876129
vt 0.090881 0.884482
vt 0.074199 0.886252
vt 0.107424 0.878075
vt 0.151796 0.831371
vt 0.138388 0.851245
vt 0.001441 0.828758
vt 0.057779 0.883438
vt 0.123415 0.866972
vt 0.851840 0.568618
vt 0.813403 0.572830
vt 0.773555 0.561917
vt 0.800950 0.557404
vt 0.797066 0.583515
vt 0.762741 0.573274
vt 0.726057 0.569800
vt 0.728603 0.558214
vt 0.735042 0.553557
vt 0.608303 0.568402
vt 0.640942 0.572785
vt 0.605810 0.590510
vt 0.567228 0.586540
vt 0.653928 0.583509
vt 0.622254 0.600163
vt 0.594785 0.622539
vt 0.577946 0.614329
vt 0.539447 0.610940
vt 0.509110 0.673298
vt 0.541521 0.673220
vt 0.532261 0.698006
vt 0.505055 0.707476
vt 0.553468 0.678366
vt 0.539523 0.707241
vt 0.906993 0.707254
vt 0.914319 0.698052
vt 0.940893 0.707594
vt 0.893574 0.678387
vt 0.905632 0.673273
vt 0.937524 0.673514
vt 0.911082 0.611240
vt 0.871926 0.614401
vt 0.846164 0.590569
vt 0.887192 0.586814
vt 0.854022 0.622559
vt 0.827666 0.600176
vt 0.682827 0.561898
vt 0.665791 0.557287
vt 0.689064 0.573268
vt 0.556703 0.642968
vt 0.520964 0.640545
vt 0.571743 0.649499
vt 0.891547 0.643034
vt 0.927119 0.640826
vt 0.876071 0.649519
vt 0.896717 0.717286
vt 0.898058 0.705621
vt 0.878216 0.695289
vt 0.884843 0.685015
vt 0.841493 0.635438
vt 0.815165 0.615309
vt 0.831897 0.652589
vt 0.805985 0.635471
vt 0.779013 0.622735
vt 0.786497 0.600340
vt 0.724395 0.588009
vt 0.692740 0.591131
vt 0.723195 0.612253
vt 0.695149 0.614904
vt 0.667513 0.622735
vt 0.661993 0.600333
vt 0.606235 0.635431
vt 0.582223 0.659590
vt 0.614812 0.652589
vt 0.590373 0.673207
vt 0.568371 0.695282
vt 0.561991 0.685002
vt 0.865050 0.659603
vt 0.856327 0.673214
vt 0.755976 0.591131
vt 0.751288 0.614904
vt 0.632978 0.615309
vt 0.640648 0.635471
vt 0.548486 0.705614
vt 0.549701 0.717279
vt 0.620994 0.673475
vt 0.596534 0.689626
vt 0.625163 0.697287
vt 0.600716 0.708449
vt 0.577216 0.720401
vt 0.573945 0.706614
vt 0.872385 0.706614
vt 0.849646 0.689633
vt 0.868917 0.720401
vt 0.845051 0.708449
vt 0.820047 0.697287
vt 0.824856 0.673475
vt 0.773442 0.650179
vt 0.747764 0.643471
vt 0.766799 0.684793
vt 0.743436 0.673259
vt 0.721788 0.671000
vt 0.722338 0.641224
vt 0.671592 0.650179
vt 0.646074 0.660086
vt 0.677045 0.684787
vt 0.649760 0.688366
vt 0.557480 0.720381
vt 0.555811 0.732301
vt 0.890460 0.732301
vt 0.888866 0.720381
vt 0.799362 0.660086
vt 0.794805 0.688366
vt 0.697012 0.643471
vt 0.700243 0.673253
vt 0.866157 0.734769
vt 0.842274 0.728800
vt 0.817252 0.723131
vt 0.704154 0.721903
vt 0.711506 0.716208
vt 0.713668 0.723111
vt 0.707977 0.727644
vt 0.721417 0.715007
vt 0.721346 0.722158
vt 0.721276 0.722406
vt 0.713904 0.723353
vt 0.708435 0.727846
vt 0.672961 0.718958
vt 0.651305 0.718840
vt 0.627560 0.723131
vt 0.579826 0.734770
vt 0.562070 0.739602
vt 0.884118 0.739602
vt 0.792753 0.718840
vt 0.770453 0.718958
vt 0.738770 0.721929
vt 0.741659 0.734064
vt 0.737041 0.737329
vt 0.734789 0.727670
vt 0.736354 0.737447
vt 0.734189 0.727873
vt 0.603235 0.728800
vt -0.126173 0.618960
vt -0.041389 0.627731
vt -0.055837 0.654038
vt -0.139045 0.647161
vt -0.003566 0.638756
vt -0.016035 0.662242
vt -0.025185 0.688399
vt -0.065641 0.683827
vt -0.146915 0.679216
vt 0.057177 0.563550
vt 0.070072 0.575652
vt 0.034977 0.579434
vt -0.019766 0.567442
vt 0.073268 0.592332
vt 0.051055 0.595781
vt 0.030352 0.604905
vt 0.003883 0.589681
vt -0.072630 0.578297
vt -0.021637 0.606009
vt -0.105620 0.595716
vt 0.011985 0.619397
vt 0.208645 0.577200
vt 0.139856 0.588087
vt 0.106187 0.578572
vt 0.142133 0.566848
vt 0.117747 0.602985
vt 0.095900 0.594749
vt 0.225828 0.715189
vt 0.309063 0.713341
vt 0.184601 0.714823
vt 0.179570 0.686413
vt 0.219643 0.682220
vt 0.303832 0.678119
vt 0.277833 0.617399
vt 0.191303 0.625471
vt 0.168560 0.603925
vt 0.251461 0.594279
vt 0.155037 0.636026
vt 0.137725 0.616883
vt 0.208147 0.651949
vt 0.294059 0.645724
vt 0.169133 0.659707
vt -0.070847 0.716071
vt -0.151183 0.713935
vt -0.029407 0.715999
vt 0.001753 0.739152
vt 0.006229 0.743796
vt 0.016157 0.733006
vt 0.018034 0.741457
vt 0.044262 0.738120
vt 0.054241 0.737552
vt 0.042636 0.725632
vt 0.052876 0.724183
vt 0.061230 0.723647
vt 0.062205 0.737421
vt 0.074627 0.737414
vt 0.080544 0.737323
vt 0.074612 0.723399
vt 0.081038 0.723255
vt 0.088250 0.723203
vt 0.087268 0.737212
vt 0.106185 0.737735
vt 0.119560 0.738989
vt 0.107897 0.724835
vt 0.121414 0.727683
vt 0.136611 0.732287
vt 0.134586 0.741092
vt 0.031860 0.739393
vt 0.030123 0.728506
vt 0.068760 0.737428
vt 0.068243 0.723484
vt 0.095585 0.737245
vt 0.096994 0.723536
vt 0.147413 0.743515
vt 0.152265 0.738669
vt 0.110844 0.710787
vt 0.124463 0.715790
vt 0.115146 0.695524
vt 0.128936 0.703492
vt 0.143357 0.714294
vt 0.139088 0.723007
vt 0.013862 0.724091
vt 0.027267 0.717044
vt 0.009902 0.715705
vt 0.023078 0.705177
vt 0.035754 0.697235
vt 0.039838 0.712028
vt 0.059526 0.707646
vt 0.067343 0.706960
vt 0.056987 0.688954
vt 0.065996 0.687275
vt 0.074557 0.686596
vt 0.074589 0.706673
vt 0.089965 0.706914
vt 0.099439 0.708057
vt 0.092531 0.687889
vt 0.103057 0.690554
vt 0.151026 0.730603
vt 0.157083 0.727611
vt -0.002677 0.728532
vt 0.002905 0.731412
vt 0.050512 0.709096
vt 0.047016 0.692030
vt 0.081905 0.706588
vt 0.083216 0.686720
vt 0.005401 0.706901
vt 0.017586 0.693029
vt -0.000598 0.699665
vt 0.010641 0.681561
vt 0.023059 0.665906
vt 0.030209 0.681502
vt 0.053426 0.667649
vt 0.064090 0.664423
vt 0.048640 0.645326
vt 0.061491 0.640134
vt 0.074431 0.638109
vt 0.074512 0.663143
vt 0.096130 0.666232
vt 0.108058 0.671228
vt 0.100939 0.643582
vt 0.114637 0.651517
vt 0.128499 0.663345
vt 0.120989 0.679334
vt 0.148200 0.705170
vt 0.158122 0.718435
vt 0.154648 0.697712
vt 0.164966 0.718069
vt -0.009984 0.719317
vt -0.003640 0.719702
vt 0.042182 0.673155
vt 0.035807 0.653830
vt 0.085066 0.663672
vt 0.087552 0.639200
vt 0.134790 0.690939
vt 0.142187 0.679144
vt 0.162706 0.690600
vt 0.169671 0.709383
vt -0.014555 0.710892
vt -0.008283 0.692709
vt 0.013475 0.651550
vt 0.027108 0.635582
vt 0.041977 0.623871
vt 0.074199 0.613748
vt 0.090881 0.615518
vt 0.107424 0.621925
vt 0.138388 0.648755
vt 0.151796 0.668629
vt 0.001441 0.671242
vt 0.057779 0.616563
vt 0.123415 0.633028
vt 1.016275 0.675800
vt 1.016929 0.711904
vt 1.128487 0.679216
vt 1.124219 0.713935
vt 1.122862 0.750000
vt 1.015114 0.750000
vt 0.425622 0.675206
vt 0.428851 0.641701
vt 0.434438 0.612253
vt 0.444640 0.588133
vt 0.466481 0.570264
vt 0.426628 0.750000
vt 0.424739 0.711584
vt 0.533827 0.559357
vt 0.802775 0.555771
vt 0.987073 0.570858
vt 1.001687 0.588910
vt 1.202772 0.578297
vt 1.169782 0.595716
vt 1.149229 0.618960
vt 1.009259 0.613088
vt 0.950931 0.559677
vt 1.332578 0.563550
vt 1.255636 0.567442
vt 1.013651 0.642478
vt 1.136357 0.647161
vt 1.016929 0.788096
vt 1.016275 0.824200
vt 1.124219 0.786065
vt 1.128487 0.820784
vt 0.428851 0.858299
vt 0.425622 0.824794
vt 0.434438 0.887747
vt 0.444640 0.911867
vt 0.466482 0.929736
vt 0.424739 0.788416
vt 0.533827 0.940643
vt 0.802775 0.944229
vt 1.001687 0.911090
vt 0.987073 0.929141
vt 1.009259 0.886911
vt 1.149229 0.881040
vt 1.169782 0.904284
vt 1.202772 0.921702
vt 0.950931 0.940323
vt 1.255636 0.932557
vt 1.332578 0.936450
vt 1.013651 0.857522
vt 1.136357 0.852839
vt 0.706329 0.801172
vt 0.694488 0.792564
vt 0.721526 0.802941
vt 0.731377 0.783772
vt 0.736801 0.801158
vt 0.748692 0.792550
vt 0.752955 0.773623
vt 0.753317 0.750000
vt 0.700803 0.750000
vt 0.701182 0.765949
vt 0.690078 0.773636
vt 0.689604 0.750000
vt 0.706329 0.698828
vt 0.721526 0.697059
vt 0.694488 0.707437
vt 0.731377 0.716228
vt 0.736801 0.698842
vt 0.748692 0.707449
vt 0.752955 0.726377
vt 0.701182 0.734051
vt 0.690078 0.726364
vt 0.713502 0.778913
vt 0.721198 0.779938
vt 0.707795 0.774035
vt 0.705820 0.778548
vt 0.712338 0.784340
vt 0.721122 0.785556
vt 0.736929 0.763624
vt 0.737182 0.750000
vt 0.734671 0.774008
vt 0.736507 0.778515
vt 0.739074 0.766184
vt 0.739358 0.750000
vt 0.713502 0.721087
vt 0.707795 0.725966
vt 0.721198 0.720061
vt 0.721122 0.714445
vt 0.712338 0.715659
vt 0.705820 0.721453
vt 0.736929 0.736376
vt 0.734671 0.725992
vt 0.739074 0.733816
vt 0.736507 0.721485
vt 0.705663 0.737310
vt 0.705359 0.750000
vt 0.706214 0.737428
vt 0.705921 0.750000
vt 0.729063 0.723131
vt 0.728690 0.723372
vt 0.705663 0.762690
vt 0.706214 0.762572
vt 0.729063 0.776869
vt 0.728690 0.776627
vt 0.710316 0.706020
vt 0.702278 0.713596
vt 0.721066 0.704341
vt 0.721012 0.691390
vt 0.708661 0.694309
vt 0.699032 0.704981
vt 0.743206 0.729414
vt 0.739950 0.713641
vt 0.743619 0.750000
vt 0.748677 0.750000
vt 0.747696 0.724894
vt 0.743098 0.705033
vt 0.729954 0.784315
vt 0.731872 0.793948
vt 0.739950 0.786358
vt 0.721066 0.795659
vt 0.721012 0.808610
vt 0.733424 0.805651
vt 0.743098 0.794967
vt 0.703184 0.766204
vt 0.698937 0.770612
vt 0.702278 0.786404
vt 0.702840 0.750000
vt 0.698453 0.750000
vt 0.693264 0.750000
vt 0.694331 0.775144
vt 0.699032 0.795019
vt 0.705480 0.736356
vt 0.705174 0.750000
vt 0.703184 0.733796
vt 0.728934 0.721113
vt 0.729954 0.715685
vt 0.705480 0.763644
vt 0.728934 0.778887
vt 0.733688 0.815037
vt 0.744091 0.800812
vt 0.720936 0.820014
vt 0.720777 0.817335
vt 0.734141 0.811791
vt 0.743028 0.801041
vt 0.691611 0.778182
vt 0.697902 0.800864
vt 0.689506 0.750000
vt 0.691643 0.750000
vt 0.694156 0.781336
vt 0.698769 0.801079
vt 0.733424 0.694348
vt 0.733688 0.684963
vt 0.720936 0.679986
vt 0.744091 0.699188
vt 0.743028 0.698959
vt 0.734141 0.688209
vt 0.720777 0.682664
vt 0.694331 0.724855
vt 0.691611 0.721818
vt 0.697902 0.699136
vt 0.698769 0.698920
vt 0.694156 0.718664
vt 0.743206 0.770586
vt 0.747696 0.775106
vt 0.710316 0.793980
vt 0.708661 0.805691
vt 0.698937 0.729388
vt 0.731872 0.706052
vt 0.736487 0.787377
vt 0.747460 0.781310
vt 0.720524 0.790833
vt 0.720379 0.750000
vt 0.738020 0.750000
vt 0.749835 0.750000
vt 0.707525 0.811824
vt 0.704767 0.787391
vt 0.702998 0.750000
vt 0.747460 0.718690
vt 0.736487 0.712622
vt 0.720524 0.709168
vt 0.704767 0.712609
vt 0.707525 0.688177
vt 0.750261 0.721857
vt 0.752267 0.750000
vt 0.708255 0.684924
vt 0.750261 0.778142
vt 0.708255 0.815076
s 1
usemtl Glass
f 4755/2733/4751 4940/2734/4752 5321/2735/4753 4947/2736/4754
f 4940/2734/4752 4754/2737/4755 4948/2738/4756 5321/2735/4753
f 5321/2735/4753 4948/2738/4756 4760/2739/4757 4944/2740/4758
f 4947/2736/4754 5321/2735/4753 4944/2740/4758 4761/2741/4759
f 4753/2742/4760 4938/2743/4761 5322/2744/4762 4949/2745/4763
f 4938/2743/4761 4752/2746/4764 4950/2747/4765 5322/2744/4762
f 5322/2744/4762 4950/2747/4765 4758/2748/4766 4942/2749/4767
f 4949/2745/4763 5322/2744/4762 4942/2749/4767 4759/2750/4768
f 4751/2751/4769 4992/2752/4770 5323/2753/4771 4951/2754/4772
f 4786/2755/4773 4996/2756/4774 5323/2753/4771 4992/2752/4770
f 4757/2757/4775 4951/2754/4772 5323/2753/4771 4996/2756/4774
f 4785/2758/4776 4995/2759/4777 5324/2760/4778 4997/2761/4779
f 4756/2762/4780 4952/2763/4781 5324/2760/4778 4995/2759/4777
f 4763/2764/4782 4997/2761/4779 5324/2760/4778 4952/2763/4781
f 4787/2765/4783 4993/2766/4784 5325/2767/4785 4998/2768/4786
f 4993/2766/4784 4755/2733/4751 4947/2736/4754 5325/2767/4785
f 5325/2767/4785 4947/2736/4754 4761/2741/4759 4945/2769/4787
f 4998/2768/4786 5325/2767/4785 4945/2769/4787 4762/2770/4788
f 4754/2737/4755 4939/2771/4789 5326/2772/4790 4948/2738/4756
f 4939/2771/4789 4753/2742/4760 4949/2745/4763 5326/2772/4790
f 5326/2772/4790 4949/2745/4763 4759/2750/4768 4943/2773/4791
f 4948/2738/4756 5326/2772/4790 4943/2773/4791 4760/2739/4757
f 4752/2746/4764 4937/2774/4792 5327/2775/4793 4950/2747/4765
f 4937/2774/4792 4751/2751/4769 4951/2754/4772 5327/2775/4793
f 5327/2775/4793 4951/2754/4772 4757/2757/4775 4941/2776/4794
f 4950/2747/4765 5327/2775/4793 4941/2776/4794 4758/2748/4766
f 4756/2762/4780 4994/2777/4795 5328/2778/4796 4952/2763/4781
f 4994/2777/4795 4787/2765/4783 4998/2768/4786 5328/2778/4796
f 5328/2778/4796 4998/2768/4786 4762/2770/4788 4946/2779/4797
f 4952/2763/4781 5328/2778/4796 4946/2779/4797 4763/2764/4782
f 4785/2758/4776 4997/2761/4779 5329/2780/4798 5000/2781/4799
f 4763/2764/4782 4959/2782/4800 5329/2780/4798 4997/2761/4779
f 4770/2783/4801 5000/2781/4799 5329/2780/4798 4959/2782/4800
f 4762/2770/4788 4945/2769/4787 5330/2784/4802 4960/2785/4803
f 4945/2769/4787 4761/2741/4759 4961/2786/4804 5330/2784/4802
f 5330/2784/4802 4961/2786/4804 4768/2787/4805 4957/2788/4806
f 4960/2785/4803 5330/2784/4802 4957/2788/4806 4769/2789/4807
f 4760/2739/4757 4943/2773/4791 5331/2790/4808 4962/2791/4809
f 4943/2773/4791 4759/2750/4768 4963/2792/4810 5331/2790/4808
f 5331/2790/4808 4963/2792/4810 4766/2793/4811 4955/2794/4812
f 4962/2791/4809 5331/2790/4808 4955/2794/4812 4767/2795/4813
f 4758/2748/4766 4941/2776/4794 5332/2796/4814 4964/2797/4815
f 4941/2776/4794 4757/2757/4775 4965/2798/4816 5332/2796/4814
f 5332/2796/4814 4965/2798/4816 4764/2799/4817 4953/2800/4818
f 4964/2797/4815 5332/2796/4814 4953/2800/4818 4765/2801/4819
f 4763/2764/4782 4946/2779/4797 5333/2802/4820 4959/2782/4800
f 4946/2779/4797 4762/2770/4788 4960/2785/4803 5333/2802/4820
f 5333/2802/4820 4960/2785/4803 4769/2789/4807 4958/2803/4821
f 4959/2782/4800 5333/2802/4820 4958/2803/4821 4770/2783/4801
f 4761/2741/4759 4944/2740/4758 5334/2804/4822 4961/2786/4804
f 4944/2740/4758 4760/2739/4757 4962/2791/4809 5334/2804/4822
f 5334/2804/4822 4962/2791/4809 4767/2795/4813 4956/2805/4823
f 4961/2786/4804 5334/2804/4822 4956/2805/4823 4768/2787/4805
f 4759/2750/4768 4942/2749/4767 5335/2806/4824 4963/2792/4810
f 4942/2749/4767 4758/2748/4766 4964/2797/4815 5335/2806/4824
f 5335/2806/4824 4964/2797/4815 4765/2801/4819 4954/2807/4825
f 4963/2792/4810 5335/2806/4824 4954/2807/4825 4766/2793/4811
f 4757/2757/4775 4996/2756/4774 5336/2808/4826 4965/2798/4816
f 4786/2755/4773 4999/2809/4827 5336/2808/4826 4996/2756/4774
f 4764/2799/4817 4965/2798/4816 5336/2808/4826 4999/2809/4827
f 4765/2801/4819 4953/2800/4818 5337/2810/4828 4972/2811/4829
f 4953/2800/4818 4764/2799/4817 4973/2812/4830 5337/2810/4828
f 5337/2810/4828 4973/2812/4830 4771/2813/4831 4966/2814/4832
f 4972/2811/4829 5337/2810/4828 4966/2814/4832 4772/2815/4833
f 4770/2783/4801 4958/2803/4821 5338/2816/4834 4974/2817/4835
f 4958/2803/4821 4769/2789/4807 4975/2818/4836 5338/2816/4834
f 5338/2816/4834 4975/2818/4836 4776/2819/4837 4971/2820/4838
f 4974/2817/4835 5338/2816/4834 4971/2820/4838 4777/2821/4839
f 4768/2787/4805 4956/2805/4823 5339/2822/4840 4976/2823/4841
f 4956/2805/4823 4767/2795/4813 4977/2824/4842 5339/2822/4840
f 5339/2822/4840 4977/2824/4842 4898/2825/4843 4969/2826/4844
f 4976/2823/4841 5339/2822/4840 4969/2826/4844 4899/2827/4845
f 4766/2793/4811 4954/2807/4825 5340/2828/4846 4978/2829/4847
f 4954/2807/4825 4765/2801/4819 4972/2811/4829 5340/2828/4846
f 5340/2828/4846 4972/2811/4829 4772/2815/4833 4967/2830/4848
f 4978/2829/4847 5340/2828/4846 4967/2830/4848 4897/2831/4849
f 4764/2799/4817 4999/2809/4827 5341/2832/4850 4973/2812/4830
f 4786/2755/4773 5001/2833/4851 5341/2832/4850 4999/2809/4827
f 4771/2813/4831 4973/2812/4830 5341/2832/4850 5001/2833/4851
f 4785/2758/4776 5000/2781/4799 5342/2834/4852 5002/2835/4853
f 4770/2783/4801 4974/2817/4835 5342/2834/4852 5000/2781/4799
f 4777/2821/4839 5002/2835/4853 5342/2834/4852 4974/2817/4835
f 4769/2789/4807 4957/2788/4806 5343/2836/4854 4975/2818/4836
f 4957/2788/4806 4768/2787/4805 4976/2823/4841 5343/2836/4854
f 5343/2836/4854 4976/2823/4841 4899/2827/4845 4970/2837/4855
f 4975/2818/4836 5343/2836/4854 4970/2837/4855 4776/2819/4837
f 4767/2795/4813 4955/2794/4812 5344/2838/4856 4977/2824/4842
f 4955/2794/4812 4766/2793/4811 4978/2829/4847 5344/2838/4856
f 5344/2838/4856 4978/2829/4847 4897/2831/4849 4968/2839/4857
f 4977/2824/4842 5344/2838/4856 4968/2839/4857 4898/2825/4843
f 4777/2821/4839 4971/2820/4838 5345/2840/4858 4985/2841/4859
f 4971/2820/4838 4776/2819/4837 4986/2842/4860 5345/2840/4858
f 5345/2840/4858 4986/2842/4860 4783/2843/4861 4984/2844/4862
f 4985/2841/4859 5345/2840/4858 4984/2844/4862 4784/2845/4863
f 4774/2846/4864 5241/2847/4865 5346/2848/4866 5271/2849/4867
f 5241/2847/4865 4773/2850/4868 5270/2851/4869 5346/2848/4866
f 5346/2848/4866 5270/2851/4869 4905/2852/4870 5261/2853/4871
f 5271/2849/4867 5346/2848/4866 5261/2853/4871 4906/2854/4872
f 4897/2831/4849 4967/2830/4848 5347/2855/4873 4989/2856/4874
f 4967/2830/4848 4772/2815/4833 4990/2857/4875 5347/2855/4873
f 5347/2855/4873 4990/2857/4875 4779/2858/4876 4980/2859/4877
f 4989/2856/4874 5347/2855/4873 4980/2859/4877 4901/2860/4878
f 4771/2813/4831 5001/2833/4851 5348/2861/4879 4991/2862/4880
f 4786/2755/4773 5003/2863/4881 5348/2861/4879 5001/2833/4851
f 4778/2864/4882 4991/2862/4880 5348/2861/4879 5003/2863/4881
f 4785/2758/4776 5002/2835/4853 5349/2865/4883 5004/2866/4884
f 4777/2821/4839 4985/2841/4859 5349/2865/4883 5002/2835/4853
f 4784/2845/4863 5004/2866/4884 5349/2865/4883 4985/2841/4859
f 4776/2819/4837 4970/2837/4855 5350/2867/4885 4986/2842/4860
f 4970/2837/4855 4899/2827/4845 4987/2868/4886 5350/2867/4885
f 5350/2867/4885 4987/2868/4886 4782/2869/4887 4983/2870/4888
f 4986/2842/4860 5350/2867/4885 4983/2870/4888 4783/2843/4861
f 4900/2871/4889 5243/2872/4890 5351/2873/4891 5127/2874/4892
f 5243/2872/4890 4775/2875/4893 5269/2876/4894 5351/2873/4891
f 5351/2873/4891 5269/2876/4894 4907/2877/4895 5263/2878/4896
f 5127/2874/4892 5351/2873/4891 5263/2878/4896 4913/2879/4897
f 4772/2815/4833 4966/2814/4832 5352/2880/4898 4990/2857/4875
f 4966/2814/4832 4771/2813/4831 4991/2862/4880 5352/2880/4898
f 5352/2880/4898 4991/2862/4880 4778/2864/4882 4979/2881/4899
f 4990/2857/4875 5352/2880/4898 4979/2881/4899 4779/2858/4876
f 4882/2882/4900 5240/2883/4901 5353/2884/4902 5006/2885/4903
f 5240/2883/4901 4888/2886/4904 5216/2887/4905 5353/2884/4902
f 5353/2884/4902 5216/2887/4905 4793/2888/4906 5066/2889/4907
f 5006/2885/4903 5353/2884/4902 5066/2889/4907 4824/2890/4908
f 4883/2891/4909 5239/2892/4910 5354/2893/4911 5007/2894/4912
f 5239/2892/4910 4881/2895/4913 5209/2896/4914 5354/2893/4911
f 5354/2893/4911 5209/2896/4914 4792/2897/4915 5017/2898/4916
f 5007/2894/4912 5354/2893/4911 5017/2898/4916 4791/2899/4917
f 4881/2895/4913 5238/2900/4918 5355/2901/4919 5209/2896/4914
f 5238/2900/4918 4882/2882/4900 5006/2885/4903 5355/2901/4919
f 5355/2901/4919 5006/2885/4903 4824/2890/4908 5065/2902/4920
f 5209/2896/4914 5355/2901/4919 5065/2902/4920 4792/2897/4915
f 4884/2903/4921 5237/2904/4922 5356/2905/4923 5008/2906/4924
f 5237/2904/4922 4883/2891/4909 5007/2894/4912 5356/2905/4923
f 5356/2905/4923 5007/2894/4912 4791/2899/4917 5016/2907/4925
f 5008/2906/4924 5356/2905/4923 5016/2907/4925 4790/2908/4926
f 4887/2909/4927 5236/2910/4928 5357/2911/4929 5011/2912/4930
f 5236/2910/4928 4885/2913/4931 5213/2914/4932 5357/2911/4929
f 5357/2911/4929 5213/2914/4932 4788/2915/4933 5064/2916/4934
f 5011/2912/4930 5357/2911/4929 5064/2916/4934 4795/2917/4935
f 4886/2918/4936 5235/2919/4937 5358/2920/4938 5010/2921/4939
f 5235/2919/4937 4884/2903/4921 5008/2906/4924 5358/2920/4938
f 5358/2920/4938 5008/2906/4924 4790/2908/4926 5015/2922/4940
f 5010/2921/4939 5358/2920/4938 5015/2922/4940 4789/2923/4941
f 4885/2913/4931 5234/2924/4942 5359/2925/4943 5213/2914/4932
f 5234/2924/4942 4886/2918/4936 5010/2921/4939 5359/2925/4943
f 5359/2925/4943 5010/2921/4939 4789/2923/4941 5014/2926/4944
f 5213/2914/4932 5359/2925/4943 5014/2926/4944 4788/2915/4933
f 4888/2886/4904 5233/2927/4945 5360/2928/4946 5216/2887/4905
f 5233/2927/4945 4889/2929/4947 5217/2930/4948 5360/2928/4946
f 5360/2928/4946 5217/2930/4948 4794/2931/4949 5067/2932/4950
f 5216/2887/4905 5360/2928/4946 5067/2932/4950 4793/2888/4906
f 4794/2931/4949 5069/2933/4951 5361/2934/4952 5071/2935/4953
f 4802/2936/4954 5030/2937/4955 5361/2934/4952 5069/2933/4951
f 4809/2938/4956 5071/2935/4953 5361/2934/4952 5030/2937/4955
f 4801/2939/4957 5022/2940/4958 5362/2941/4959 5031/2942/4960
f 5022/2940/4958 4800/2943/4961 5032/2944/4962 5362/2941/4959
f 5362/2941/4959 5032/2944/4962 4807/2945/4963 5028/2946/4964
f 5031/2942/4960 5362/2941/4959 5028/2946/4964 4808/2947/4965
f 4799/2948/4966 5020/2949/4967 5363/2950/4968 5033/2951/4969
f 5020/2949/4967 4798/2952/4970 5034/2953/4971 5363/2950/4968
f 5363/2950/4968 5034/2953/4971 4805/2954/4972 5026/2955/4973
f 5033/2951/4969 5363/2950/4968 5026/2955/4973 4806/2956/4974
f 4797/2957/4975 5018/2958/4976 5364/2959/4977 5035/2960/4978
f 5018/2958/4976 4796/2961/4979 5036/2962/4980 5364/2959/4977
f 5364/2959/4977 5036/2962/4980 4803/2963/4981 5024/2964/4982
f 5035/2960/4978 5364/2959/4977 5024/2964/4982 4804/2965/4983
f 4802/2936/4954 5023/2966/4984 5365/2967/4985 5030/2937/4955
f 5023/2966/4984 4801/2939/4957 5031/2942/4960 5365/2967/4985
f 5365/2967/4985 5031/2942/4960 4808/2947/4965 5029/2968/4986
f 5030/2937/4955 5365/2967/4985 5029/2968/4986 4809/2938/4956
f 4800/2943/4961 5021/2969/4987 5366/2970/4988 5032/2944/4962
f 5021/2969/4987 4799/2948/4966 5033/2951/4969 5366/2970/4988
f 5366/2970/4988 5033/2951/4969 4806/2956/4974 5027/2971/4989
f 5032/2944/4962 5366/2970/4988 5027/2971/4989 4807/2945/4963
f 4798/2952/4970 5019/2972/4990 5367/2973/4991 5034/2953/4971
f 5019/2972/4990 4797/2957/4975 5035/2960/4978 5367/2973/4991
f 5367/2973/4991 5035/2960/4978 4804/2965/4983 5025/2974/4992
f 5034/2953/4971 5367/2973/4991 5025/2974/4992 4805/2954/4972
f 4796/2961/4979 5068/2975/4993 5368/2976/4994 5036/2962/4980
f 4795/2917/4935 5070/2977/4995 5368/2976/4994 5068/2975/4993
f 4803/2963/4981 5036/2962/4980 5368/2976/4994 5070/2977/4995
f 4804/2965/4983 5024/2964/4982 5369/2978/4996 5043/2979/4997
f 5024/2964/4982 4803/2963/4981 5044/2980/4998 5369/2978/4996
f 5369/2978/4996 5044/2980/4998 4810/2981/4999 5037/2982/5000
f 5043/2979/4997 5369/2978/4996 5037/2982/5000 4811/2983/5001
f 4809/2938/4956 5029/2968/4986 5370/2984/5002 5045/2985/5003
f 5029/2968/4986 4808/2947/4965 5046/2986/5004 5370/2984/5002
f 5370/2984/5002 5046/2986/5004 4815/2987/5005 5042/2988/5006
f 5045/2985/5003 5370/2984/5002 5042/2988/5006 4816/2989/5007
f 4807/2945/4963 5027/2971/4989 5371/2990/5008 5047/2991/5009
f 5027/2971/4989 4806/2956/4974 5048/2992/5010 5371/2990/5008
f 5371/2990/5008 5048/2992/5010 4813/2993/5011 5040/2994/5012
f 5047/2991/5009 5371/2990/5008 5040/2994/5012 4814/2995/5013
f 4805/2954/4972 5025/2974/4992 5372/2996/5014 5049/2997/5015
f 5025/2974/4992 4804/2965/4983 5043/2979/4997 5372/2996/5014
f 5372/2996/5014 5043/2979/4997 4811/2983/5001 5038/2998/5016
f 5049/2997/5015 5372/2996/5014 5038/2998/5016 4812/2999/5017
f 4803/2963/4981 5070/2977/4995 5373/3000/5018 5044/2980/4998
f 4795/2917/4935 5072/3001/5019 5373/3000/5018 5070/2977/4995
f 4810/2981/4999 5044/2980/4998 5373/3000/5018 5072/3001/5019
f 4794/2931/4949 5071/2935/4953 5374/3002/5020 5073/3003/5021
f 4809/2938/4956 5045/2985/5003 5374/3002/5020 5071/2935/4953
f 4816/2989/5007 5073/3003/5021 5374/3002/5020 5045/2985/5003
f 4808/2947/4965 5028/2946/4964 5375/3004/5022 5046/2986/5004
f 5028/2946/4964 4807/2945/4963 5047/2991/5009 5375/3004/5022
f 5375/3004/5022 5047/2991/5009 4814/2995/5013 5041/3005/5023
f 5046/2986/5004 5375/3004/5022 5041/3005/5023 4815/2987/5005
f 4806/2956/4974 5026/2955/4973 5376/3006/5024 5048/2992/5010
f 5026/2955/4973 4805/2954/4972 5049/2997/5015 5376/3006/5024
f 5376/3006/5024 5049/2997/5015 4812/2999/5017 5039/3007/5025
f 5048/2992/5010 5376/3006/5024 5039/3007/5025 4813/2993/5011
f 4816/2989/5007 5042/2988/5006 5377/3008/5026 5056/3009/5027
f 5042/2988/5006 4815/2987/5005 5057/3010/5028 5377/3008/5026
f 5377/3008/5026 5057/3010/5028 4822/3011/5029 5055/3012/5030
f 5056/3009/5027 5377/3008/5026 5055/3012/5030 4823/3013/5031
f 4814/2995/5013 5040/2994/5012 5378/3014/5032 5058/3015/5033
f 5040/2994/5012 4813/2993/5011 5059/3016/5034 5378/3014/5032
f 5378/3014/5032 5059/3016/5034 4820/3017/5035 5053/3018/5036
f 5058/3015/5033 5378/3014/5032 5053/3018/5036 4821/3019/5037
f 4812/2999/5017 5038/2998/5016 5379/3020/5038 5060/3021/5039
f 5038/2998/5016 4811/2983/5001 5061/3022/5040 5379/3020/5038
f 5379/3020/5038 5061/3022/5040 4818/3023/5041 5051/3024/5042
f 5060/3021/5039 5379/3020/5038 5051/3024/5042 4819/3025/5043
f 4810/2981/4999 5072/3001/5019 5380/3026/5044 5062/3027/5045
f 4795/2917/4935 5074/3028/5046 5380/3026/5044 5072/3001/5019
f 4817/3029/5047 5062/3027/5045 5380/3026/5044 5074/3028/5046
f 4794/2931/4949 5073/3003/5021 5381/3030/5048 5075/3031/5049
f 4816/2989/5007 5056/3009/5027 5381/3030/5048 5073/3003/5021
f 4823/3013/5031 5075/3031/5049 5381/3030/5048 5056/3009/5027
f 4815/2987/5005 5041/3005/5023 5382/3032/5050 5057/3010/5028
f 5041/3005/5023 4814/2995/5013 5058/3015/5033 5382/3032/5050
f 5382/3032/5050 5058/3015/5033 4821/3019/5037 5054/3033/5051
f 5057/3010/5028 5382/3032/5050 5054/3033/5051 4822/3011/5029
f 4813/2993/5011 5039/3007/5025 5383/3034/5052 5059/3016/5034
f 5039/3007/5025 4812/2999/5017 5060/3021/5039 5383/3034/5052
f 5383/3034/5052 5060/3021/5039 4819/3025/5043 5052/3035/5053
f 5059/3016/5034 5383/3034/5052 5052/3035/5053 4820/3017/5035
f 4811/2983/5001 5037/2982/5000 5384/3036/5054 5061/3022/5040
f 5037/2982/5000 4810/2981/4999 5062/3027/5045 5384/3036/5054
f 5384/3036/5054 5062/3027/5045 4817/3029/5047 5050/3037/5055
f 5061/3022/5040 5384/3036/5054 5050/3037/5055 4818/3023/5041
f 4817/3029/5047 5074/3028/5046 5385/3038/5056 5076/3039/5057
f 4795/2917/4935 5064/2916/4934 5385/3038/5056 5074/3028/5046
f 4788/2915/4933 5076/3039/5057 5385/3038/5056 5064/2916/4934
f 4794/2931/4949 5075/3031/5049 5386/3040/5058 5067/2932/4950
f 4823/3013/5031 5077/3041/5059 5386/3040/5058 5075/3031/5049
f 4793/2888/4906 5067/2932/4950 5386/3040/5058 5077/3041/5059
f 4822/3011/5029 5054/3033/5051 5387/3042/5060 5063/3043/5061
f 5054/3033/5051 4821/3019/5037 5078/3044/5062 5387/3042/5060
f 5387/3042/5060 5078/3044/5062 4792/2897/4915 5065/2902/4920
f 5063/3043/5061 5387/3042/5060 5065/2902/4920 4824/2890/4908
f 4820/3017/5035 5052/3035/5053 5388/3045/5063 5079/3046/5064
f 5052/3035/5053 4819/3025/5043 5080/3047/5065 5388/3045/5063
f 5388/3045/5063 5080/3047/5065 4790/2908/4926 5016/2907/4925
f 5079/3046/5064 5388/3045/5063 5016/2907/4925 4791/2899/4917
f 4818/3023/5041 5050/3037/5055 5389/3048/5066 5081/3049/5067
f 5050/3037/5055 4817/3029/5047 5076/3039/5057 5389/3048/5066
f 5389/3048/5066 5076/3039/5057 4788/2915/4933 5014/2926/4944
f 5081/3049/5067 5389/3048/5066 5014/2926/4944 4789/2923/4941
f 4823/3013/5031 5055/3012/5030 5390/3050/5068 5077/3041/5059
f 5055/3012/5030 4822/3011/5029 5063/3043/5061 5390/3050/5068
f 5390/3050/5068 5063/3043/5061 4824/2890/4908 5066/2889/4907
f 5077/3041/5059 5390/3050/5068 5066/2889/4907 4793/2888/4906
f 4821/3019/5037 5053/3018/5036 5391/3051/5069 5078/3044/5062
f 5053/3018/5036 4820/3017/5035 5079/3046/5064 5391/3051/5069
f 5391/3051/5069 5079/3046/5064 4791/2899/4917 5017/2898/4916
f 5078/3044/5062 5391/3051/5069 5017/2898/4916 4792/2897/4915
f 4819/3025/5043 5051/3024/5042 5392/3052/5070 5080/3047/5065
f 5051/3024/5042 4818/3023/5041 5081/3049/5067 5392/3052/5070
f 5392/3052/5070 5081/3049/5067 4789/2923/4941 5015/2922/4940
f 5080/3047/5065 5392/3052/5070 5015/2922/4940 4790/2908/4926
f 4829/3053/5071 5092/3054/5072 5393/3055/5073 5085/3056/5074
f 5092/3054/5072 4835/3057/5075 5089/3058/5076 5393/3055/5073
f 5393/3055/5073 5089/3058/5076 4834/3059/5077 5093/3060/5078
f 5085/3056/5074 5393/3055/5073 5093/3060/5078 4828/3061/5079
f 4827/3062/5080 5094/3063/5081 5394/3064/5082 5083/3065/5083
f 5094/3063/5081 4833/3066/5084 5087/3067/5085 5394/3064/5082
f 5394/3064/5082 5087/3067/5085 4832/3068/5086 5095/3069/5087
f 5083/3065/5083 5394/3064/5082 5095/3069/5087 4826/3070/5088
f 4825/3071/5089 5096/3072/5090 5395/3073/5091 5131/3074/5092
f 4831/3075/5093 5135/3076/5094 5395/3073/5091 5096/3072/5090
f 4786/2755/4773 5131/3074/5092 5395/3073/5091 5135/3076/5094
f 4785/2758/4776 5136/3077/5095 5396/3078/5096 5134/3079/5097
f 4837/3080/5098 5097/3081/5099 5396/3078/5096 5136/3077/5095
f 4830/3082/5100 5134/3079/5097 5396/3078/5096 5097/3081/5099
f 4852/3083/5101 5137/3084/5102 5397/3085/5103 5132/3086/5104
f 5137/3084/5102 4836/3087/5105 5090/3088/5106 5397/3085/5103
f 5397/3085/5103 5090/3088/5106 4835/3057/5075 5092/3054/5072
f 5132/3086/5104 5397/3085/5103 5092/3054/5072 4829/3053/5071
f 4828/3061/5079 5093/3060/5078 5398/3089/5107 5084/3090/5108
f 5093/3060/5078 4834/3059/5077 5088/3091/5109 5398/3089/5107
f 5398/3089/5107 5088/3091/5109 4833/3066/5084 5094/3063/5081
f 5084/3090/5108 5398/3089/5107 5094/3063/5081 4827/3062/5080
f 4826/3070/5088 5095/3069/5087 5399/3092/5110 5082/3093/5111
f 5095/3069/5087 4832/3068/5086 5086/3094/5112 5399/3092/5110
f 5399/3092/5110 5086/3094/5112 4831/3075/5093 5096/3072/5090
f 5082/3093/5111 5399/3092/5110 5096/3072/5090 4825/3071/5089
f 4830/3082/5100 5097/3081/5099 5400/3095/5113 5133/3096/5114
f 5097/3081/5099 4837/3080/5098 5091/3097/5115 5400/3095/5113
f 5400/3095/5113 5091/3097/5115 4836/3087/5105 5137/3084/5102
f 5133/3096/5114 5400/3095/5113 5137/3084/5102 4852/3083/5101
f 4785/2758/4776 5139/3098/5116 5401/3099/5117 5136/3077/5095
f 4844/3100/5118 5104/3101/5119 5401/3099/5117 5139/3098/5116
f 4837/3080/5098 5136/3077/5095 5401/3099/5117 5104/3101/5119
f 4836/3087/5105 5105/3102/5120 5402/3103/5121 5090/3088/5106
f 5105/3102/5120 4843/3104/5122 5102/3105/5123 5402/3103/5121
f 5402/3103/5121 5102/3105/5123 4842/3106/5124 5106/3107/5125
f 5090/3088/5106 5402/3103/5121 5106/3107/5125 4835/3057/5075
f 4834/3059/5077 5107/3108/5126 5403/3109/5127 5088/3091/5109
f 5107/3108/5126 4841/3110/5128 5100/3111/5129 5403/3109/5127
f 5403/3109/5127 5100/3111/5129 4840/3112/5130 5108/3113/5131
f 5088/3091/5109 5403/3109/5127 5108/3113/5131 4833/3066/5084
f 4832/3068/5086 5109/3114/5132 5404/3115/5133 5086/3094/5112
f 5109/3114/5132 4839/3116/5134 5098/3117/5135 5404/3115/5133
f 5404/3115/5133 5098/3117/5135 4838/3118/5136 5110/3119/5137
f 5086/3094/5112 5404/3115/5133 5110/3119/5137 4831/3075/5093
f 4837/3080/5098 5104/3101/5119 5405/3120/5138 5091/3097/5115
f 5104/3101/5119 4844/3100/5118 5103/3121/5139 5405/3120/5138
f 5405/3120/5138 5103/3121/5139 4843/3104/5122 5105/3102/5120
f 5091/3097/5115 5405/3120/5138 5105/3102/5120 4836/3087/5105
f 4835/3057/5075 5106/3107/5125 5406/3122/5140 5089/3058/5076
f 5106/3107/5125 4842/3106/5124 5101/3123/5141 5406/3122/5140
f 5406/3122/5140 5101/3123/5141 4841/3110/5128 5107/3108/5126
f 5089/3058/5076 5406/3122/5140 5107/3108/5126 4834/3059/5077
f 4833/3066/5084 5108/3113/5131 5407/3124/5142 5087/3067/5085
f 5108/3113/5131 4840/3112/5130 5099/3125/5143 5407/3124/5142
f 5407/3124/5142 5099/3125/5143 4839/3116/5134 5109/3114/5132
f 5087/3067/5085 5407/3124/5142 5109/3114/5132 4832/3068/5086
f 4831/3075/5093 5110/3119/5137 5408/3126/5144 5135/3076/5094
f 4838/3118/5136 5138/3127/5145 5408/3126/5144 5110/3119/5137
f 4786/2755/4773 5135/3076/5094 5408/3126/5144 5138/3127/5145
f 4839/3116/5134 5117/3128/5146 5409/3129/5147 5098/3117/5135
f 5117/3128/5146 4846/3130/5148 5111/3131/5149 5409/3129/5147
f 5409/3129/5147 5111/3131/5149 4845/3132/5150 5118/3133/5151
f 5098/3117/5135 5409/3129/5147 5118/3133/5151 4838/3118/5136
f 4844/3100/5118 5119/3134/5152 5410/3135/5153 5103/3121/5139
f 5119/3134/5152 4851/3136/5154 5116/3137/5155 5410/3135/5153
f 5410/3135/5153 5116/3137/5155 4850/3138/5156 5120/3139/5157
f 5103/3121/5139 5410/3135/5153 5120/3139/5157 4843/3104/5122
f 4842/3106/5124 5121/3140/5158 5411/3141/5159 5101/3123/5141
f 5121/3140/5158 4904/3142/5160 5114/3143/5161 5411/3141/5159
f 5411/3141/5159 5114/3143/5161 4903/3144/5162 5122/3145/5163
f 5101/3123/5141 5411/3141/5159 5122/3145/5163 4841/3110/5128
f 4840/3112/5130 5123/3146/5164 5412/3147/5165 5099/3125/5143
f 5123/3146/5164 4902/3148/5166 5112/3149/5167 5412/3147/5165
f 5412/3147/5165 5112/3149/5167 4846/3130/5148 5117/3128/5146
f 5099/3125/5143 5412/3147/5165 5117/3128/5146 4839/3116/5134
f 4838/3118/5136 5118/3133/5151 5413/3150/5168 5138/3127/5145
f 4845/3132/5150 5140/3151/5169 5413/3150/5168 5118/3133/5151
f 4786/2755/4773 5138/3127/5145 5413/3150/5168 5140/3151/5169
f 4785/2758/4776 5141/3152/5170 5414/3153/5171 5139/3098/5116
f 4851/3136/5154 5119/3134/5152 5414/3153/5171 5141/3152/5170
f 4844/3100/5118 5139/3098/5116 5414/3153/5171 5119/3134/5152
f 4843/3104/5122 5120/3139/5157 5415/3154/5172 5102/3105/5123
f 5120/3139/5157 4850/3138/5156 5115/3155/5173 5415/3154/5172
f 5415/3154/5172 5115/3155/5173 4904/3142/5160 5121/3140/5158
f 5102/3105/5123 5415/3154/5172 5121/3140/5158 4842/3106/5124
f 4841/3110/5128 5122/3145/5163 5416/3156/5174 5100/3111/5129
f 5122/3145/5163 4903/3144/5162 5113/3157/5175 5416/3156/5174
f 5416/3156/5174 5113/3157/5175 4902/3148/5166 5123/3146/5164
f 5100/3111/5129 5416/3156/5174 5123/3146/5164 4840/3112/5130
f 4851/3136/5154 5124/3158/5176 5417/3159/5177 5116/3137/5155
f 5124/3158/5176 4784/2845/4863 4984/2844/4862 5417/3159/5177
f 5417/3159/5177 4984/2844/4862 4783/2843/4861 5125/3160/5178
f 5116/3137/5155 5417/3159/5177 5125/3160/5178 4850/3138/5156
f 4847/3161/5179 5245/3162/5180 5418/3163/5181 4981/3164/5182
f 5245/3162/5180 4848/3165/5183 4982/3166/5184 5418/3163/5181
f 5418/3163/5181 4982/3166/5184 4911/3167/5185 5265/3168/5186
f 4981/3164/5182 5418/3163/5181 5265/3168/5186 4910/3169/5187
f 4902/3148/5166 5128/3170/5188 5419/3171/5189 5112/3149/5167
f 5128/3170/5188 4901/2860/4878 4980/2859/4877 5419/3171/5189
f 5419/3171/5189 4980/2859/4877 4779/2858/4876 5129/3172/5190
f 5112/3149/5167 5419/3171/5189 5129/3172/5190 4846/3130/5148
f 4845/3132/5150 5130/3173/5191 5420/3174/5192 5140/3151/5169
f 4778/2864/4882 5003/2863/4881 5420/3174/5192 5130/3173/5191
f 4786/2755/4773 5140/3151/5169 5420/3174/5192 5003/2863/4881
f 4785/2758/4776 5004/2866/4884 5421/3175/5193 5141/3152/5170
f 4784/2845/4863 5124/3158/5176 5421/3175/5193 5004/2866/4884
f 4851/3136/5154 5141/3152/5170 5421/3175/5193 5124/3158/5176
f 4850/3138/5156 5125/3160/5178 5422/3176/5194 5115/3155/5173
f 5125/3160/5178 4783/2843/4861 4983/2870/4888 5422/3176/5194
f 5422/3176/5194 4983/2870/4888 4782/2869/4887 5126/3177/5195
f 5115/3155/5173 5422/3176/5194 5126/3177/5195 4904/3142/5160
f 4849/3178/5196 5247/3179/5197 5423/3180/5198 4988/3181/5199
f 5247/3179/5197 4900/2871/4889 5127/2874/4892 5423/3180/5198
f 5423/3180/5198 5127/2874/4892 4913/2879/4897 5267/3182/5200
f 4988/3181/5199 5423/3180/5198 5267/3182/5200 4912/3183/5201
f 4846/3130/5148 5129/3172/5190 5424/3184/5202 5111/3131/5149
f 5129/3172/5190 4779/2858/4876 4979/2881/4899 5424/3184/5202
f 5424/3184/5202 4979/2881/4899 4778/2864/4882 5130/3173/5191
f 5111/3131/5149 5424/3184/5202 5130/3173/5191 4845/3132/5150
f 4891/3185/5203 5143/3186/5204 5425/3187/5205 5232/3188/5206
f 5143/3186/5204 4880/3189/5207 5195/3190/5208 5425/3187/5205
f 5425/3187/5205 5195/3190/5208 4858/3191/5209 5224/3192/5210
f 5232/3188/5206 5425/3187/5205 5224/3192/5210 4896/3193/5211
f 4892/3194/5212 5144/3195/5213 5426/3196/5214 5231/3197/5215
f 5144/3195/5213 4856/3198/5216 5152/3199/5217 5426/3196/5214
f 5426/3196/5214 5152/3199/5217 4857/3200/5218 5218/3201/5219
f 5231/3197/5215 5426/3196/5214 5218/3201/5219 4890/3202/5220
f 4890/3202/5220 5218/3201/5219 5427/3203/5221 5230/3204/5222
f 5218/3201/5219 4857/3200/5218 5194/3205/5223 5427/3203/5221
f 5427/3203/5221 5194/3205/5223 4880/3189/5207 5143/3186/5204
f 5230/3204/5222 5427/3203/5221 5143/3186/5204 4891/3185/5203
f 4893/3206/5224 5145/3207/5225 5428/3208/5226 5229/3209/5227
f 5145/3207/5225 4855/3210/5228 5151/3211/5229 5428/3208/5226
f 5428/3208/5226 5151/3211/5229 4856/3198/5216 5144/3195/5213
f 5229/3209/5227 5428/3208/5226 5144/3195/5213 4892/3194/5212
f 4887/2909/4927 5011/2912/4930 5429/3212/5230 5228/3213/5231
f 5011/2912/4930 4795/2917/4935 5193/3214/5232 5429/3212/5230
f 5429/3212/5230 5193/3214/5232 4853/3215/5233 5222/3216/5234
f 5228/3213/5231 5429/3212/5230 5222/3216/5234 4894/3217/5235
f 4895/3218/5236 5147/3219/5237 5430/3220/5238 5227/3221/5239
f 5147/3219/5237 4854/3222/5240 5150/3223/5241 5430/3220/5238
f 5430/3220/5238 5150/3223/5241 4855/3210/5228 5145/3207/5225
f 5227/3221/5239 5430/3220/5238 5145/3207/5225 4893/3206/5224
f 4894/3217/5235 5222/3216/5234 5431/3224/5242 5226/3225/5243
f 5222/3216/5234 4853/3215/5233 5149/3226/5244 5431/3224/5242
f 5431/3224/5242 5149/3226/5244 4854/3222/5240 5147/3219/5237
f 5226/3225/5243 5431/3224/5242 5147/3219/5237 4895/3218/5236
f 4896/3193/5211 5224/3192/5210 5432/3227/5245 5225/3228/5246
f 5224/3192/5210 4858/3191/5209 5196/3229/5247 5432/3227/5245
f 5432/3227/5245 5196/3229/5247 4794/2931/4949 5217/2930/4948
f 5225/3228/5246 5432/3227/5245 5217/2930/4948 4889/2929/4947
f 4794/2931/4949 5198/3230/5248 5433/3231/5249 5069/2933/4951
f 4865/3232/5250 5159/3233/5251 5433/3231/5249 5198/3230/5248
f 4802/2936/4954 5069/2933/4951 5433/3231/5249 5159/3233/5251
f 4801/2939/4957 5160/3234/5252 5434/3235/5253 5022/2940/4958
f 5160/3234/5252 4864/3236/5254 5157/3237/5255 5434/3235/5253
f 5434/3235/5253 5157/3237/5255 4863/3238/5256 5161/3239/5257
f 5022/2940/4958 5434/3235/5253 5161/3239/5257 4800/2943/4961
f 4799/2948/4966 5162/3240/5258 5435/3241/5259 5020/2949/4967
f 5162/3240/5258 4862/3242/5260 5155/3243/5261 5435/3241/5259
f 5435/3241/5259 5155/3243/5261 4861/3244/5262 5163/3245/5263
f 5020/2949/4967 5435/3241/5259 5163/3245/5263 4798/2952/4970
f 4797/2957/4975 5164/3246/5264 5436/3247/5265 5018/2958/4976
f 5164/3246/5264 4860/3248/5266 5153/3249/5267 5436/3247/5265
f 5436/3247/5265 5153/3249/5267 4859/3250/5268 5165/3251/5269
f 5018/2958/4976 5436/3247/5265 5165/3251/5269 4796/2961/4979
f 4802/2936/4954 5159/3233/5251 5437/3252/5270 5023/2966/4984
f 5159/3233/5251 4865/3232/5250 5158/3253/5271 5437/3252/5270
f 5437/3252/5270 5158/3253/5271 4864/3236/5254 5160/3234/5252
f 5023/2966/4984 5437/3252/5270 5160/3234/5252 4801/2939/4957
f 4800/2943/4961 5161/3239/5257 5438/3254/5272 5021/2969/4987
f 5161/3239/5257 4863/3238/5256 5156/3255/5273 5438/3254/5272
f 5438/3254/5272 5156/3255/5273 4862/3242/5260 5162/3240/5258
f 5021/2969/4987 5438/3254/5272 5162/3240/5258 4799/2948/4966
f 4798/2952/4970 5163/3245/5263 5439/3256/5274 5019/2972/4990
f 5163/3245/5263 4861/3244/5262 5154/3257/5275 5439/3256/5274
f 5439/3256/5274 5154/3257/5275 4860/3248/5266 5164/3246/5264
f 5019/2972/4990 5439/3256/5274 5164/3246/5264 4797/2957/4975
f 4796/2961/4979 5165/3251/5269 5440/3258/5276 5068/2975/4993
f 4859/3250/5268 5197/3259/5277 5440/3258/5276 5165/3251/5269
f 4795/2917/4935 5068/2975/4993 5440/3258/5276 5197/3259/5277
f 4860/3248/5266 5172/3260/5278 5441/3261/5279 5153/3249/5267
f 5172/3260/5278 4867/3262/5280 5166/3263/5281 5441/3261/5279
f 5441/3261/5279 5166/3263/5281 4866/3264/5282 5173/3265/5283
f 5153/3249/5267 5441/3261/5279 5173/3265/5283 4859/3250/5268
f 4865/3232/5250 5174/3266/5284 5442/3267/5285 5158/3253/5271
f 5174/3266/5284 4872/3268/5286 5171/3269/5287 5442/3267/5285
f 5442/3267/5285 5171/3269/5287 4871/3270/5288 5175/3271/5289
f 5158/3253/5271 5442/3267/5285 5175/3271/5289 4864/3236/5254
f 4863/3238/5256 5176/3272/5290 5443/3273/5291 5156/3255/5273
f 5176/3272/5290 4870/3274/5292 5169/3275/5293 5443/3273/5291
f 5443/3273/5291 5169/3275/5293 4869/3276/5294 5177/3277/5295
f 5156/3255/5273 5443/3273/5291 5177/3277/5295 4862/3242/5260
f 4861/3244/5262 5178/3278/5296 5444/3279/5297 5154/3257/5275
f 5178/3278/5296 4868/3280/5298 5167/3281/5299 5444/3279/5297
f 5444/3279/5297 5167/3281/5299 4867/3262/5280 5172/3260/5278
f 5154/3257/5275 5444/3279/5297 5172/3260/5278 4860/3248/5266
f 4859/3250/5268 5173/3265/5283 5445/3282/5300 5197/3259/5277
f 4866/3264/5282 5199/3283/5301 5445/3282/5300 5173/3265/5283
f 4795/2917/4935 5197/3259/5277 5445/3282/5300 5199/3283/5301
f 4794/2931/4949 5200/3284/5302 5446/3285/5303 5198/3230/5248
f 4872/3268/5286 5174/3266/5284 5446/3285/5303 5200/3284/5302
f 4865/3232/5250 5198/3230/5248 5446/3285/5303 5174/3266/5284
f 4864/3236/5254 5175/3271/5289 5447/3286/5304 5157/3237/5255
f 5175/3271/5289 4871/3270/5288 5170/3287/5305 5447/3286/5304
f 5447/3286/5304 5170/3287/5305 4870/3274/5292 5176/3272/5290
f 5157/3237/5255 5447/3286/5304 5176/3272/5290 4863/3238/5256
f 4862/3242/5260 5177/3277/5295 5448/3288/5306 5155/3243/5261
f 5177/3277/5295 4869/3276/5294 5168/3289/5307 5448/3288/5306
f 5448/3288/5306 5168/3289/5307 4868/3280/5298 5178/3278/5296
f 5155/3243/5261 5448/3288/5306 5178/3278/5296 4861/3244/5262
f 4872/3268/5286 5185/3290/5308 5449/3291/5309 5171/3269/5287
f 5185/3290/5308 4879/3292/5310 5184/3293/5311 5449/3291/5309
f 5449/3291/5309 5184/3293/5311 4878/3294/5312 5186/3295/5313
f 5171/3269/5287 5449/3291/5309 5186/3295/5313 4871/3270/5288
f 4870/3274/5292 5187/3296/5314 5450/3297/5315 5169/3275/5293
f 5187/3296/5314 4877/3298/5316 5182/3299/5317 5450/3297/5315
f 5450/3297/5315 5182/3299/5317 4876/3300/5318 5188/3301/5319
f 5169/3275/5293 5450/3297/5315 5188/3301/5319 4869/3276/5294
f 4868/3280/5298 5189/3302/5320 5451/3303/5321 5167/3281/5299
f 5189/3302/5320 4875/3304/5322 5180/3305/5323 5451/3303/5321
f 5451/3303/5321 5180/3305/5323 4874/3306/5324 5190/3307/5325
f 5167/3281/5299 5451/3303/5321 5190/3307/5325 4867/3262/5280
f 4866/3264/5282 5191/3308/5326 5452/3309/5327 5199/3283/5301
f 4873/3310/5328 5201/3311/5329 5452/3309/5327 5191/3308/5326
f 4795/2917/4935 5199/3283/5301 5452/3309/5327 5201/3311/5329
f 4794/2931/4949 5202/3312/5330 5453/3313/5331 5200/3284/5302
f 4879/3292/5310 5185/3290/5308 5453/3313/5331 5202/3312/5330
f 4872/3268/5286 5200/3284/5302 5453/3313/5331 5185/3290/5308
f 4871/3270/5288 5186/3295/5313 5454/3314/5332 5170/3287/5305
f 5186/3295/5313 4878/3294/5312 5183/3315/5333 5454/3314/5332
f 5454/3314/5332 5183/3315/5333 4877/3298/5316 5187/3296/5314
f 5170/3287/5305 5454/3314/5332 5187/3296/5314 4870/3274/5292
f 4869/3276/5294 5188/3301/5319 5455/3316/5334 5168/3289/5307
f 5188/3301/5319 4876/3300/5318 5181/3317/5335 5455/3316/5334
f 5455/3316/5334 5181/3317/5335 4875/3304/5322 5189/3302/5320
f 5168/3289/5307 5455/3316/5334 5189/3302/5320 4868/3280/5298
f 4867/3262/5280 5190/3307/5325 5456/3318/5336 5166/3263/5281
f 5190/3307/5325 4874/3306/5324 5179/3319/5337 5456/3318/5336
f 5456/3318/5336 5179/3319/5337 4873/3310/5328 5191/3308/5326
f 5166/3263/5281 5456/3318/5336 5191/3308/5326 4866/3264/5282
f 4873/3310/5328 5203/3320/5338 5457/3321/5339 5201/3311/5329
f 4853/3215/5233 5193/3214/5232 5457/3321/5339 5203/3320/5338
f 4795/2917/4935 5201/3311/5329 5457/3321/5339 5193/3214/5232
f 4794/2931/4949 5196/3229/5247 5458/3322/5340 5202/3312/5330
f 4858/3191/5209 5204/3323/5341 5458/3322/5340 5196/3229/5247
f 4879/3292/5310 5202/3312/5330 5458/3322/5340 5204/3323/5341
f 4878/3294/5312 5192/3324/5342 5459/3325/5343 5183/3315/5333
f 5192/3324/5342 4880/3189/5207 5194/3205/5223 5459/3325/5343
f 5459/3325/5343 5194/3205/5223 4857/3200/5218 5205/3326/5344
f 5183/3315/5333 5459/3325/5343 5205/3326/5344 4877/3298/5316
f 4876/3300/5318 5206/3327/5345 5460/3328/5346 5181/3317/5335
f 5206/3327/5345 4856/3198/5216 5151/3211/5229 5460/3328/5346
f 5460/3328/5346 5151/3211/5229 4855/3210/5228 5207/3329/5347
f 5181/3317/5335 5460/3328/5346 5207/3329/5347 4875/3304/5322
f 4874/3306/5324 5208/3330/5348 5461/3331/5349 5179/3319/5337
f 5208/3330/5348 4854/3222/5240 5149/3226/5244 5461/3331/5349
f 5461/3331/5349 5149/3226/5244 4853/3215/5233 5203/3320/5338
f 5179/3319/5337 5461/3331/5349 5203/3320/5338 4873/3310/5328
f 4879/3292/5310 5204/3323/5341 5462/3332/5350 5184/3293/5311
f 5204/3323/5341 4858/3191/5209 5195/3190/5208 5462/3332/5350
f 5462/3332/5350 5195/3190/5208 4880/3189/5207 5192/3324/5342
f 5184/3293/5311 5462/3332/5350 5192/3324/5342 4878/3294/5312
f 4877/3298/5316 5205/3326/5344 5463/3333/5351 5182/3299/5317
f 5205/3326/5344 4857/3200/5218 5152/3199/5217 5463/3333/5351
f 5463/3333/5351 5152/3199/5217 4856/3198/5216 5206/3327/5345
f 5182/3299/5317 5463/3333/5351 5206/3327/5345 4876/3300/5318
f 4875/3304/5322 5207/3329/5347 5464/3334/5352 5180/3305/5323
f 5207/3329/5347 4855/3210/5228 5150/3223/5241 5464/3334/5352
f 5464/3334/5352 5150/3223/5241 4854/3222/5240 5208/3330/5348
f 5180/3305/5323 5464/3334/5352 5208/3330/5348 4874/3306/5324
f 4830/3082/5100 5148/3335/5353 5465/3336/5354 5134/3079/5097
f 5148/3335/5353 4896/3337/5211 5225/3338/5246 5465/3336/5354
f 5465/3336/5354 5225/3338/5246 4889/3339/4947 5013/3340/5355
f 5134/3079/5097 5465/3336/5354 5013/3340/5355 4785/2758/4776
f 4825/3071/5089 5146/3341/5356 5466/3342/5357 5082/3093/5111
f 5146/3341/5356 4894/3217/5235 5226/3225/5243 5466/3342/5357
f 5466/3342/5357 5226/3225/5243 4895/3218/5236 5223/3343/5358
f 5082/3093/5111 5466/3342/5357 5223/3343/5358 4826/3070/5088
f 4826/3070/5088 5223/3343/5358 5467/3344/5359 5083/3065/5083
f 5223/3343/5358 4895/3218/5236 5227/3221/5239 5467/3344/5359
f 5467/3344/5359 5227/3221/5239 4893/3206/5224 5221/3345/5360
f 5083/3065/5083 5467/3344/5359 5221/3345/5360 4827/3062/5080
f 4786/2755/4773 5215/3346/5361 5468/3347/5362 5131/3074/5092
f 5215/3346/5361 4887/2909/4927 5228/3213/5231 5468/3347/5362
f 5468/3347/5362 5228/3213/5231 4894/3217/5235 5146/3341/5356
f 5131/3074/5092 5468/3347/5362 5146/3341/5356 4825/3071/5089
f 4827/3062/5080 5221/3345/5360 5469/3348/5363 5084/3090/5108
f 5221/3345/5360 4893/3206/5224 5229/3209/5227 5469/3348/5363
f 5469/3348/5363 5229/3209/5227 4892/3194/5212 5220/3349/5364
f 5084/3090/5108 5469/3348/5363 5220/3349/5364 4828/3061/5079
f 4829/3053/5071 5142/3350/5365 5470/3351/5366 5132/3086/5104
f 5142/3350/5365 4890/3352/5220 5230/3353/5222 5470/3351/5366
f 5470/3351/5366 5230/3353/5222 4891/3354/5203 5219/3355/5367
f 5132/3086/5104 5470/3351/5366 5219/3355/5367 4852/3083/5101
f 4828/3061/5079 5220/3349/5364 5471/3356/5368 5085/3056/5074
f 5220/3349/5364 4892/3357/5212 5231/3358/5215 5471/3356/5368
f 5471/3356/5368 5231/3358/5215 4890/3352/5220 5142/3350/5365
f 5085/3056/5074 5471/3356/5368 5142/3350/5365 4829/3053/5071
f 4852/3083/5101 5219/3355/5367 5472/3359/5369 5133/3096/5114
f 5219/3355/5367 4891/3354/5203 5232/3360/5206 5472/3359/5369
f 5472/3359/5369 5232/3360/5206 4896/3337/5211 5148/3335/5353
f 5133/3096/5114 5472/3359/5369 5148/3335/5353 4830/3082/5100
f 4756/2762/4780 4995/2759/4777 5473/3361/5370 5012/3362/5371
f 4995/2759/4777 4785/2758/4776 5013/3340/5355 5473/3361/5370
f 5473/3361/5370 5013/3340/5355 4889/3339/4947 5233/3363/4945
f 5012/3362/5371 5473/3361/5370 5233/3363/4945 4888/3364/4904
f 4751/2751/4769 4937/2774/4792 5474/3365/5372 5009/3366/5373
f 4937/2774/4792 4752/2746/4764 5214/3367/5374 5474/3365/5372
f 5474/3365/5372 5214/3367/5374 4886/2918/4936 5234/2924/4942
f 5009/3366/5373 5474/3365/5372 5234/2924/4942 4885/2913/4931
f 4752/2746/4764 4938/2743/4761 5475/3368/5375 5214/3367/5374
f 4938/2743/4761 4753/2742/4760 5212/3369/5376 5475/3368/5375
f 5475/3368/5375 5212/3369/5376 4884/2903/4921 5235/2919/4937
f 5214/3367/5374 5475/3368/5375 5235/2919/4937 4886/2918/4936
f 4786/2755/4773 4992/2752/4770 5476/3370/5377 5215/3346/5361
f 4992/2752/4770 4751/2751/4769 5009/3366/5373 5476/3370/5377
f 5476/3370/5377 5009/3366/5373 4885/2913/4931 5236/2910/4928
f 5215/3346/5361 5476/3370/5377 5236/2910/4928 4887/2909/4927
f 4753/2742/4760 4939/2771/4789 5477/3371/5378 5212/3369/5376
f 4939/2771/4789 4754/2737/4755 5211/3372/5379 5477/3371/5378
f 5477/3371/5378 5211/3372/5379 4883/2891/4909 5237/2904/4922
f 5212/3369/5376 5477/3371/5378 5237/2904/4922 4884/2903/4921
f 4755/2733/4751 4993/2766/4784 5478/3373/5380 5005/3374/5381
f 4993/2766/4784 4787/2765/4783 5210/3375/5382 5478/3373/5380
f 5478/3373/5380 5210/3375/5382 4882/3376/4900 5238/3377/4918
f 5005/3374/5381 5478/3373/5380 5238/3377/4918 4881/3378/4913
f 4754/2737/4755 4940/2734/4752 5479/3379/5383 5211/3372/5379
f 4940/2734/4752 4755/2733/4751 5005/3374/5381 5479/3379/5383
f 5479/3379/5383 5005/3374/5381 4881/3378/4913 5239/3380/4910
f 5211/3372/5379 5479/3379/5383 5239/3380/4910 4883/3381/4909
f 4787/2765/4783 4994/2777/4795 5480/3382/5384 5210/3375/5382
f 4994/2777/4795 4756/2762/4780 5012/3362/5371 5480/3382/5384
f 5480/3382/5384 5012/3362/5371 4888/3364/4904 5240/3383/4901
f 5210/3375/5382 5480/3382/5384 5240/3383/4901 4882/3376/4900
f 4773/2850/4868 5241/2847/4865 5481/3384/5385 5249/3385/5386
f 5241/2847/4865 4774/2846/4864 5250/3386/5387 5481/3384/5385
f 5481/3384/5385 5250/3386/5387 4898/2825/4843 4968/2839/4857
f 5249/3385/5386 5481/3384/5385 4968/2839/4857 4897/2831/4849
f 4774/2846/4864 5242/3387/5388 5482/3388/5389 5250/3386/5387
f 5242/3387/5388 4775/2875/4893 5251/3389/5390 5482/3388/5389
f 5482/3388/5389 5251/3389/5390 4899/2827/4845 4969/2826/4844
f 5250/3386/5387 5482/3388/5389 4969/2826/4844 4898/2825/4843
f 4775/2875/4893 5243/2872/4890 5483/3390/5391 5251/3389/5390
f 5243/2872/4890 4900/2871/4889 5252/3391/5392 5483/3390/5391
f 5483/3390/5391 5252/3391/5392 4782/2869/4887 4987/2868/4886
f 5251/3389/5390 5483/3390/5391 4987/2868/4886 4899/2827/4845
f 4780/3392/5393 5244/3393/5394 5484/3394/5395 5253/3395/5396
f 5244/3393/5394 4773/2850/4868 5249/3385/5386 5484/3394/5395
f 5484/3394/5395 5249/3385/5386 4897/2831/4849 4989/2856/4874
f 5253/3395/5396 5484/3394/5395 4989/2856/4874 4901/2860/4878
f 4848/3165/5183 5245/3162/5180 5485/3396/5397 5254/3397/5398
f 5245/3162/5180 4847/3161/5179 5255/3398/5399 5485/3396/5397
f 5485/3396/5397 5255/3398/5399 4902/3148/5166 5113/3157/5175
f 5254/3397/5398 5485/3396/5397 5113/3157/5175 4903/3144/5162
f 4849/3178/5196 5246/3399/5400 5486/3400/5401 5256/3401/5402
f 5246/3399/5400 4848/3165/5183 5254/3397/5398 5486/3400/5401
f 5486/3400/5401 5254/3397/5398 4903/3144/5162 5114/3143/5161
f 5256/3401/5402 5486/3400/5401 5114/3143/5161 4904/3142/5160
f 4900/2871/4889 5247/3179/5197 5487/3402/5403 5252/3391/5392
f 5247/3179/5197 4849/3178/5196 5256/3401/5402 5487/3402/5403
f 5487/3402/5403 5256/3401/5402 4904/3142/5160 5126/3177/5195
f 5252/3391/5392 5487/3402/5403 5126/3177/5195 4782/2869/4887
f 4847/3161/5179 5248/3403/5404 5488/3404/5405 5255/3398/5399
f 5248/3403/5404 4780/3392/5393 5253/3395/5396 5488/3404/5405
f 5488/3404/5405 5253/3395/5396 4901/2860/4878 5128/3170/5188
f 5255/3398/5399 5488/3404/5405 5128/3170/5188 4902/3148/5166
f 4906/2854/4872 5261/2853/4871 5489/3405/5406 5287/3406/5407
f 5261/2853/4871 4905/2852/4870 5286/3407/5408 5489/3405/5406
f 5489/3405/5406 5286/3407/5408 4781/3408/5409 5277/3409/5410
f 5287/3406/5407 5489/3405/5406 5277/3409/5410 4914/3410/5411
f 4913/2879/4897 5263/2878/4896 5490/3411/5412 5260/3412/5413
f 5263/2878/4896 4907/2877/4895 5285/3413/5414 5490/3411/5412
f 5490/3411/5412 5285/3413/5414 4915/3414/5415 5279/3415/5416
f 5260/3412/5413 5490/3411/5412 5279/3415/5416 4921/3416/5417
f 4910/3169/5187 5265/3168/5186 5491/3417/5418 5257/3418/5419
f 5265/3168/5186 4911/3167/5185 5258/3419/5420 5491/3417/5418
f 5491/3417/5418 5258/3419/5420 4919/3420/5421 5281/3421/5422
f 5257/3418/5419 5491/3417/5418 5281/3421/5422 4918/3422/5423
f 4912/3183/5201 5267/3182/5200 5492/3423/5424 5259/3424/5425
f 5267/3182/5200 4913/2879/4897 5260/3412/5413 5492/3423/5424
f 5492/3423/5424 5260/3412/5413 4921/3416/5417 5283/3425/5426
f 5259/3424/5425 5492/3423/5424 5283/3425/5426 4920/3426/5427
f 4780/3392/5393 5248/3403/5404 5493/3427/5428 5272/3428/5429
f 5248/3403/5404 4847/3161/5179 4981/3164/5182 5493/3427/5428
f 5493/3427/5428 4981/3164/5182 4910/3169/5187 5268/3429/5430
f 5272/3428/5429 5493/3427/5428 5268/3429/5430 4908/3430/5431
f 4848/3165/5183 5246/3399/5400 5494/3431/5432 4982/3166/5184
f 5246/3399/5400 4849/3178/5196 4988/3181/5199 5494/3431/5432
f 5494/3431/5432 4988/3181/5199 4912/3183/5201 5266/3432/5433
f 4982/3166/5184 5494/3431/5432 5266/3432/5433 4911/3167/5185
f 4773/2850/4868 5244/3393/5394 5495/3433/5434 5270/2851/4869
f 5244/3393/5394 4780/3392/5393 5272/3428/5429 5495/3433/5434
f 5495/3433/5434 5272/3428/5429 4908/3430/5431 5264/3434/5435
f 5270/2851/4869 5495/3433/5434 5264/3434/5435 4905/2852/4870
f 4775/2875/4893 5242/3387/5388 5496/3435/5436 5269/2876/4894
f 5242/3387/5388 4774/2846/4864 5271/2849/4867 5496/3435/5436
f 5496/3435/5436 5271/2849/4867 4906/2854/4872 5262/3436/5437
f 5269/2876/4894 5496/3435/5436 5262/3436/5437 4907/2877/4895
f 4918/3422/5423 5281/3421/5422 5497/3437/5438 5304/3438/5439
f 5281/3421/5422 4919/3420/5421 5303/3439/5440 5497/3437/5438
f 5497/3437/5438 5303/3439/5440 4926/3440/5441 5297/3441/5442
f 5304/3438/5439 5497/3437/5438 5297/3441/5442 4925/3442/5443
f 4920/3426/5427 5283/3425/5426 5498/3443/5444 5302/3444/5445
f 5283/3425/5426 4921/3416/5417 5301/3445/5446 5498/3443/5444
f 5498/3443/5444 5301/3445/5446 4928/3446/5447 5299/3447/5448
f 5302/3444/5445 5498/3443/5444 5299/3447/5448 4927/3448/5449
f 4915/3414/5415 5278/3449/5450 5499/3450/5451 5273/3451/5452
f 5278/3449/5450 4914/3410/5411 5274/3452/5453 5499/3450/5451
f 5499/3450/5451 5274/3452/5453 4922/3453/5454 5294/3454/5455
f 5273/3451/5452 5499/3450/5451 5294/3454/5455 4923/3455/5456
f 4781/3408/5409 5280/3456/5457 5500/3457/5458 5275/3458/5459
f 5280/3456/5457 4916/3459/5460 5276/3460/5461 5500/3457/5458
f 5500/3457/5458 5276/3460/5461 4924/3461/5462 5296/3462/5463
f 5275/3458/5459 5500/3457/5458 5296/3462/5463 4909/3463/5464
f 4908/3430/5431 5268/3429/5430 5501/3464/5465 5288/3465/5466
f 5268/3429/5430 4910/3169/5187 5257/3418/5419 5501/3464/5465
f 5501/3464/5465 5257/3418/5419 4918/3422/5423 5284/3466/5467
f 5288/3465/5466 5501/3464/5465 5284/3466/5467 4916/3459/5460
f 4911/3167/5185 5266/3432/5433 5502/3467/5468 5258/3419/5420
f 5266/3432/5433 4912/3183/5201 5259/3424/5425 5502/3467/5468
f 5502/3467/5468 5259/3424/5425 4920/3426/5427 5282/3468/5469
f 5258/3419/5420 5502/3467/5468 5282/3468/5469 4919/3420/5421
f 4905/2852/4870 5264/3434/5435 5503/3469/5470 5286/3407/5408
f 5264/3434/5435 4908/3430/5431 5288/3465/5466 5503/3469/5470
f 5503/3469/5470 5288/3465/5466 4916/3459/5460 5280/3456/5457
f 5286/3407/5408 5503/3469/5470 5280/3456/5457 4781/3408/5409
f 4907/2877/4895 5262/3436/5437 5504/3470/5471 5285/3413/5414
f 5262/3436/5437 4906/2854/4872 5287/3406/5407 5504/3470/5471
f 5504/3470/5471 5287/3406/5407 4914/3410/5411 5278/3449/5450
f 5285/3413/5414 5504/3470/5471 5278/3449/5450 4915/3414/5415
f 4923/3455/5456 5294/3454/5455 5505/3471/5472 5319/3472/5473
f 5294/3454/5455 4922/3453/5454 5318/3473/5474 5505/3471/5472
f 5505/3471/5472 5318/3473/5474 4929/3474/5475 5310/3475/5476
f 5319/3472/5473 5505/3471/5472 5310/3475/5476 4930/3476/5477
f 4909/3463/5464 5296/3462/5463 5506/3477/5478 5317/3478/5479
f 5296/3462/5463 4924/3461/5462 5291/3479/5480 5506/3477/5478
f 5506/3477/5478 5291/3479/5480 4931/3480/5481 5312/3481/5482
f 5317/3478/5479 5506/3477/5478 5312/3481/5482 4917/3482/5483
f 4926/3440/5441 5298/3483/5484 5507/3484/5485 5289/3485/5486
f 5298/3483/5484 4927/3448/5449 5290/3486/5487 5507/3484/5485
f 5507/3484/5485 5290/3486/5487 4935/3487/5488 5314/3488/5489
f 5289/3485/5486 5507/3484/5485 5314/3488/5489 4934/3489/5490
f 4924/3461/5462 5300/3490/5491 5508/3491/5492 5291/3479/5480
f 5300/3490/5491 4925/3442/5443 5292/3492/5493 5508/3491/5492
f 5508/3491/5492 5292/3492/5493 4933/3493/5494 5316/3494/5495
f 5291/3479/5480 5508/3491/5492 5316/3494/5495 4931/3480/5481
f 4921/3416/5417 5279/3415/5416 5509/3495/5496 5301/3445/5446
f 5279/3415/5416 4915/3414/5415 5273/3451/5452 5509/3495/5496
f 5509/3495/5496 5273/3451/5452 4923/3455/5456 5295/3496/5497
f 5301/3445/5446 5509/3495/5496 5295/3496/5497 4928/3446/5447
f 4914/3410/5411 5277/3409/5410 5510/3497/5498 5274/3452/5453
f 5277/3409/5410 4781/3408/5409 5275/3458/5459 5510/3497/5498
f 5510/3497/5498 5275/3458/5459 4909/3463/5464 5293/3498/5499
f 5274/3452/5453 5510/3497/5498 5293/3498/5499 4922/3453/5454
f 4916/3459/5460 5284/3466/5467 5511/3499/5500 5276/3460/5461
f 5284/3466/5467 4918/3422/5423 5304/3438/5439 5511/3499/5500
f 5511/3499/5500 5304/3438/5439 4925/3442/5443 5300/3490/5491
f 5276/3460/5461 5511/3499/5500 5300/3490/5491 4924/3461/5462
f 4919/3420/5421 5282/3468/5469 5512/3500/5501 5303/3439/5440
f 5282/3468/5469 4920/3426/5427 5302/3444/5445 5512/3500/5501
f 5512/3500/5501 5302/3444/5445 4927/3448/5449 5298/3483/5484
f 5303/3439/5440 5512/3500/5501 5298/3483/5484 4926/3440/5441
f 4930/3476/5477 5310/3475/5476 5513/3501/5502 5311/3502/5503
f 5310/3475/5476 4929/3474/5475 5307/3503/5504 5513/3501/5502
f 5513/3501/5502 5307/3503/5504 4932/3504/5505 5306/3505/5506
f 5311/3502/5503 5513/3501/5502 5306/3505/5506 4936/3506/5507
f 4929/3474/5475 5309/3507/5508 5514/3508/5509 5307/3503/5504
f 5309/3507/5508 4917/3482/5483 5312/3481/5482 5514/3508/5509
f 5514/3508/5509 5312/3481/5482 4931/3480/5481 5305/3509/5510
f 5307/3503/5504 5514/3508/5509 5305/3509/5510 4932/3504/5505
f 4935/3487/5488 5315/3510/5511 5515/3511/5512 5314/3488/5489
f 5315/3510/5511 4936/3506/5507 5306/3505/5506 5515/3511/5512
f 5515/3511/5512 5306/3505/5506 4932/3504/5505 5308/3512/5513
f 5314/3488/5489 5515/3511/5512 5308/3512/5513 4934/3489/5490
f 4934/3489/5490 5308/3512/5513 5516/3513/5514 5313/3514/5515
f 5308/3512/5513 4932/3504/5505 5305/3509/5510 5516/3513/5514
f 5516/3513/5514 5305/3509/5510 4931/3480/5481 5316/3494/5495
f 5313/3514/5515 5516/3513/5514 5316/3494/5495 4933/3493/5494
f 4927/3448/5449 5299/3447/5448 5517/3515/5516 5290/3486/5487
f 5299/3447/5448 4928/3446/5447 5320/3516/5517 5517/3515/5516
f 5517/3515/5516 5320/3516/5517 4936/3506/5507 5315/3510/5511
f 5290/3486/5487 5517/3515/5516 5315/3510/5511 4935/3487/5488
f 4925/3442/5443 5297/3441/5442 5518/3517/5518 5292/3492/5493
f 5297/3441/5442 4926/3440/5441 5289/3485/5486 5518/3517/5518
f 5518/3517/5518 5289/3485/5486 4934/3489/5490 5313/3514/5515
f 5292/3492/5493 5518/3517/5518 5313/3514/5515 4933/3493/5494
f 4928/3446/5447 5295/3496/5497 5519/3518/5519 5320/3516/5517
f 5295/3496/5497 4923/3455/5456 5319/3472/5473 5519/3518/5519
f 5519/3518/5519 5319/3472/5473 4930/3476/5477 5311/3502/5503
f 5320/3516/5517 5519/3518/5519 5311/3502/5503 4936/3506/5507
f 4922/3453/5454 5293/3498/5499 5520/3519/5520 5318/3473/5474
f 5293/3498/5499 4909/3463/5464 5317/3478/5479 5520/3519/5520
f 5520/3519/5520 5317/3478/5479 4917/3482/5483 5309/3507/5508
f 5318/3473/5474 5520/3519/5520 5309/3507/5508 4929/3474/5475
o Sphere.005
v 0.076638 0.347077 0.028814
v 0.078292 0.341870 0.040168
v 0.080756 0.334097 0.051056
v 0.084185 0.323515 0.059696
v 0.072396 0.345666 0.027924
v 0.070741 0.339347 0.038579
v 0.070900 0.330779 0.048973
v 0.073321 0.319854 0.057412
v 0.068804 0.344461 0.025388
v 0.064356 0.337170 0.034054
v 0.062584 0.327871 0.043038
v 0.064167 0.316633 0.050904
v 0.066408 0.343644 0.021600
v 0.060108 0.335669 0.027286
v 0.057074 0.325819 0.034151
v 0.058115 0.314345 0.041155
v 0.065574 0.343340 0.017163
v 0.058645 0.335073 0.019345
v 0.055209 0.324937 0.023680
v 0.056087 0.313343 0.029632
v 0.066429 0.343592 0.012769
v 0.060191 0.335468 0.011537
v 0.057274 0.325355 0.013323
v 0.058395 0.313778 0.018091
v 0.068846 0.344357 0.009161
v 0.064520 0.336770 0.005380
v 0.062966 0.326980 0.005113
v 0.064692 0.315575 0.008378
v 0.072459 0.345511 0.007046
v 0.070989 0.338745 0.002378
v 0.071446 0.329507 0.001235
v 0.074034 0.318431 0.002196
v 0.076711 0.346898 0.006394
v 0.078581 0.341170 0.001696
v 0.081380 0.332645 0.000550
v 0.084986 0.321937 0.000416
v 0.075959 0.349215 0.016208
v 0.080947 0.348324 0.007012
v 0.086106 0.343755 0.002295
v 0.091199 0.336044 0.001088
v 0.095842 0.325624 0.001907
v 0.084530 0.349554 0.009117
v 0.092453 0.346024 0.005285
v 0.099467 0.339057 0.004988
v 0.104980 0.328866 0.008152
v 0.086922 0.350380 0.012738
v 0.096688 0.347555 0.011484
v 0.104964 0.341133 0.013277
v 0.111021 0.331146 0.018046
v 0.087755 0.350686 0.017151
v 0.098149 0.348156 0.019331
v 0.106828 0.342017 0.023672
v 0.113037 0.332147 0.029630
v 0.086901 0.350431 0.021598
v 0.096606 0.347756 0.027285
v 0.104763 0.341603 0.034150
v 0.110720 0.331722 0.041154
v 0.084488 0.349656 0.025388
v 0.092290 0.346421 0.034054
v 0.099083 0.339953 0.043038
v 0.104423 0.329936 0.050903
v 0.080885 0.348478 0.027924
v 0.085859 0.344354 0.038579
v 0.090653 0.337318 0.048973
v 0.095106 0.327055 0.057411
v 0.107727 0.254828 0.060719
v 0.110948 0.244224 0.054538
v 0.114927 0.232378 0.031478
v 0.096806 0.251347 0.058436
v 0.101048 0.241046 0.052469
v 0.105737 0.234337 0.042819
v 0.110680 0.230985 0.030588
v 0.087500 0.248585 0.051935
v 0.092613 0.238519 0.046575
v 0.099294 0.232363 0.038309
v 0.107072 0.229838 0.028056
v 0.081225 0.246971 0.042203
v 0.086925 0.237033 0.037754
v 0.094960 0.231173 0.031558
v 0.104653 0.229113 0.024266
v 0.078932 0.246757 0.030717
v 0.084849 0.236819 0.027348
v 0.093394 0.230950 0.023597
v 0.103789 0.228920 0.019798
v 0.080974 0.247990 0.019238
v 0.086699 0.237917 0.016966
v 0.094833 0.231732 0.015661
v 0.104614 0.229291 0.015351
v 0.087042 0.250491 0.009606
v 0.092193 0.240172 0.008349
v 0.099056 0.233407 0.009064
v 0.107000 0.230170 0.011636
v 0.096208 0.253877 0.003359
v 0.100491 0.243254 0.002987
v 0.105420 0.235726 0.004845
v 0.110584 0.231426 0.009202
v 0.107087 0.257595 0.001144
v 0.110339 0.246647 0.001240
v 0.112961 0.238311 0.003431
v 0.114822 0.232859 0.008362
v 0.115639 0.230858 0.017719
v 0.118029 0.261032 0.003353
v 0.120248 0.249783 0.002999
v 0.120535 0.240745 0.004859
v 0.119071 0.234247 0.009207
v 0.127354 0.263710 0.009603
v 0.128700 0.252233 0.008358
v 0.126986 0.242680 0.009074
v 0.122681 0.235383 0.011641
v 0.133635 0.265261 0.019237
v 0.134397 0.253671 0.016967
v 0.131325 0.243846 0.015663
v 0.125102 0.236102 0.015354
v 0.135920 0.265447 0.030716
v 0.136476 0.253866 0.027348
v 0.132893 0.244060 0.023597
v 0.125965 0.236292 0.019798
v 0.133866 0.264236 0.042202
v 0.134623 0.252778 0.037754
v 0.131453 0.243283 0.031558
v 0.125141 0.235923 0.024266
v 0.127784 0.261798 0.051935
v 0.129119 0.250568 0.046575
v 0.127225 0.241632 0.038309
v 0.122753 0.235050 0.028056
v 0.118605 0.258497 0.058436
v 0.120805 0.247566 0.052469
v 0.120852 0.239353 0.042819
v 0.119167 0.233805 0.030588
v 0.113307 0.236792 0.044403
v 0.131900 0.282003 0.034601
v 0.126517 0.299179 0.035804
v 0.119849 0.316197 0.034847
v 0.090493 0.306259 0.000304
v 0.096327 0.289944 0.000750
v 0.102037 0.273655 0.001164
v 0.074837 0.262854 0.046564
v 0.068269 0.279865 0.047997
v 0.062674 0.297508 0.046809
v 0.060516 0.296671 0.034847
v 0.065989 0.279332 0.035804
v 0.072506 0.262580 0.034604
v 0.079096 0.302537 0.003493
v 0.084732 0.286094 0.004269
v 0.090671 0.269826 0.004462
v 0.117725 0.315374 0.022729
v 0.124252 0.298660 0.023542
v 0.129595 0.281754 0.022622
v 0.113431 0.277253 0.004446
v 0.107912 0.293677 0.004068
v 0.101837 0.310006 0.003106
v 0.111400 0.313205 0.011648
v 0.117719 0.296732 0.012609
v 0.123110 0.280090 0.012244
v 0.102343 0.271132 0.065829
v 0.096164 0.288735 0.067649
v 0.089879 0.306717 0.066058
v 0.129681 0.280803 0.046560
v 0.124172 0.298211 0.047996
v 0.117458 0.315550 0.046808
v 0.090983 0.267496 0.063456
v 0.084598 0.284967 0.065227
v 0.078565 0.302955 0.063687
v 0.069013 0.299718 0.056931
v 0.074804 0.281848 0.058327
v 0.081326 0.264585 0.056693
v 0.123283 0.278324 0.056690
v 0.117579 0.295895 0.058326
v 0.110922 0.313528 0.056929
v 0.101239 0.310429 0.063686
v 0.107744 0.292571 0.065226
v 0.113683 0.274932 0.063454
v 0.074691 0.263813 0.022622
v 0.068315 0.280336 0.023562
v 0.062874 0.297338 0.022812
v 0.069396 0.299402 0.012060
v 0.074895 0.282715 0.012737
v 0.081069 0.266363 0.012245
v 0.076638 0.347077 -0.028814
v 0.078292 0.341870 -0.040168
v 0.080756 0.334097 -0.051056
v 0.084185 0.323515 -0.059696
v 0.072396 0.345666 -0.027924
v 0.070741 0.339347 -0.038579
v 0.070900 0.330779 -0.048973
v 0.073321 0.319854 -0.057412
v 0.068803 0.344461 -0.025388
v 0.064356 0.337170 -0.034054
v 0.062584 0.327871 -0.043038
v 0.064167 0.316633 -0.050904
v 0.066408 0.343644 -0.021600
v 0.060108 0.335669 -0.027286
v 0.057074 0.325819 -0.034151
v 0.058115 0.314345 -0.041155
v 0.065574 0.343340 -0.017163
v 0.058645 0.335073 -0.019345
v 0.055209 0.324937 -0.023680
v 0.056087 0.313343 -0.029632
v 0.066429 0.343592 -0.012769
v 0.060191 0.335468 -0.011538
v 0.057273 0.325355 -0.013323
v 0.058394 0.313778 -0.018091
v 0.068846 0.344358 -0.009161
v 0.064520 0.336770 -0.005380
v 0.062966 0.326980 -0.005113
v 0.064692 0.315575 -0.008378
v 0.072459 0.345511 -0.007046
v 0.070989 0.338745 -0.002378
v 0.071446 0.329507 -0.001235
v 0.074034 0.318431 -0.002197
v 0.076711 0.346898 -0.006394
v 0.078581 0.341170 -0.001696
v 0.081380 0.332645 -0.000550
v 0.084986 0.321937 -0.000416
v 0.075959 0.349215 -0.016208
v 0.080947 0.348324 -0.007012
v 0.086106 0.343755 -0.002295
v 0.091199 0.336044 -0.001088
v 0.095842 0.325624 -0.001907
v 0.084530 0.349554 -0.009117
v 0.092453 0.346024 -0.005285
v 0.099467 0.339057 -0.004988
v 0.104980 0.328866 -0.008152
v 0.086922 0.350380 -0.012738
v 0.096688 0.347555 -0.011484
v 0.104964 0.341133 -0.013277
v 0.111021 0.331146 -0.018047
v 0.087755 0.350686 -0.017151
v 0.098149 0.348156 -0.019331
v 0.106828 0.342017 -0.023672
v 0.113037 0.332147 -0.029630
v 0.086901 0.350431 -0.021598
v 0.096606 0.347756 -0.027285
v 0.104763 0.341603 -0.034150
v 0.110720 0.331722 -0.041154
v 0.084488 0.349656 -0.025388
v 0.092290 0.346421 -0.034054
v 0.099083 0.339953 -0.043038
v 0.104423 0.329936 -0.050903
v 0.080884 0.348478 -0.027924
v 0.085859 0.344354 -0.038579
v 0.090652 0.337318 -0.048973
v 0.095106 0.327055 -0.057411
v 0.107727 0.254828 -0.060719
v 0.110948 0.244224 -0.054539
v 0.114927 0.232378 -0.031478
v 0.096806 0.251347 -0.058436
v 0.101048 0.241046 -0.052469
v 0.105736 0.234337 -0.042819
v 0.110680 0.230985 -0.030589
v 0.087500 0.248585 -0.051936
v 0.092613 0.238519 -0.046575
v 0.099294 0.232363 -0.038309
v 0.107072 0.229838 -0.028056
v 0.081225 0.246971 -0.042203
v 0.086925 0.237033 -0.037754
v 0.094960 0.231173 -0.031559
v 0.104653 0.229113 -0.024266
v 0.078932 0.246757 -0.030717
v 0.084849 0.236819 -0.027348
v 0.093394 0.230950 -0.023597
v 0.103789 0.228920 -0.019798
v 0.080974 0.247990 -0.019238
v 0.086699 0.237917 -0.016966
v 0.094833 0.231732 -0.015661
v 0.104614 0.229291 -0.015352
v 0.087042 0.250491 -0.009606
v 0.092193 0.240172 -0.008349
v 0.099056 0.233407 -0.009064
v 0.107000 0.230170 -0.011636
v 0.096208 0.253877 -0.003359
v 0.100491 0.243254 -0.002987
v 0.105420 0.235726 -0.004845
v 0.110584 0.231426 -0.009202
v 0.107087 0.257595 -0.001144
v 0.110339 0.246647 -0.001240
v 0.112961 0.238311 -0.003431
v 0.114822 0.232859 -0.008362
v 0.115639 0.230858 -0.017719
v 0.118029 0.261032 -0.003353
v 0.120248 0.249783 -0.003000
v 0.120535 0.240745 -0.004859
v 0.119071 0.234247 -0.009207
v 0.127354 0.263710 -0.009603
v 0.128700 0.252233 -0.008358
v 0.126986 0.242680 -0.009074
v 0.122681 0.235383 -0.011641
v 0.133635 0.265261 -0.019237
v 0.134397 0.253671 -0.016967
v 0.131325 0.243846 -0.015663
v 0.125102 0.236102 -0.015354
v 0.135920 0.265447 -0.030716
v 0.136476 0.253866 -0.027348
v 0.132893 0.244060 -0.023597
v 0.125965 0.236292 -0.019798
v 0.133866 0.264236 -0.042202
v 0.134623 0.252778 -0.037754
v 0.131453 0.243283 -0.031559
v 0.125141 0.235923 -0.024266
v 0.127784 0.261798 -0.051935
v 0.129119 0.250568 -0.046575
v 0.127225 0.241632 -0.038309
v 0.122753 0.235050 -0.028056
v 0.118605 0.258497 -0.058436
v 0.120805 0.247566 -0.052469
v 0.120852 0.239353 -0.042819
v 0.119167 0.233805 -0.030589
v 0.113307 0.236792 -0.044403
v 0.131900 0.282003 -0.034601
v 0.126517 0.299179 -0.035804
v 0.119849 0.316197 -0.034847
v 0.090493 0.306259 -0.000304
v 0.096327 0.289944 -0.000750
v 0.102037 0.273655 -0.001164
v 0.074837 0.262854 -0.046564
v 0.068269 0.279865 -0.047997
v 0.062674 0.297508 -0.046809
v 0.060516 0.296671 -0.034847
v 0.065989 0.279332 -0.035804
v 0.072506 0.262580 -0.034604
v 0.079096 0.302537 -0.003493
v 0.084732 0.286094 -0.004269
v 0.090671 0.269826 -0.004462
v 0.117725 0.315374 -0.022729
v 0.124252 0.298660 -0.023542
v 0.129595 0.281754 -0.022622
v 0.113431 0.277253 -0.004446
v 0.107912 0.293677 -0.004068
v 0.101837 0.310006 -0.003106
v 0.111400 0.313205 -0.011649
v 0.117719 0.296732 -0.012609
v 0.123110 0.280090 -0.012244
v 0.102343 0.271132 -0.065829
v 0.096164 0.288735 -0.067649
v 0.089879 0.306717 -0.066059
v 0.129681 0.280803 -0.046560
v 0.124172 0.298211 -0.047996
v 0.117458 0.315550 -0.046808
v 0.090983 0.267496 -0.063456
v 0.084598 0.284967 -0.065227
v 0.078565 0.302955 -0.063688
v 0.069013 0.299718 -0.056931
v 0.074804 0.281848 -0.058327
v 0.081326 0.264585 -0.056693
v 0.123283 0.278324 -0.056690
v 0.117579 0.295895 -0.058326
v 0.110922 0.313528 -0.056929
v 0.101238 0.310429 -0.063686
v 0.107744 0.292571 -0.065226
v 0.113683 0.274932 -0.063454
v 0.074691 0.263813 -0.022622
v 0.068315 0.280336 -0.023562
v 0.062874 0.297338 -0.022812
v 0.069396 0.299402 -0.012060
v 0.074895 0.282715 -0.012737
v 0.081069 0.266363 -0.012245
v 0.077337 0.344879 0.034395
v 0.079448 0.338224 0.045827
v 0.082239 0.329455 0.055631
v 0.071384 0.342896 0.033144
v 0.070574 0.335247 0.043954
v 0.071755 0.325919 0.053420
v 0.078640 0.321664 0.059118
v 0.075727 0.332418 0.050528
v 0.074441 0.340589 0.039766
v 0.074460 0.346335 0.028707
v 0.066345 0.341194 0.029583
v 0.063078 0.332657 0.038619
v 0.062918 0.322806 0.047119
v 0.070428 0.344988 0.026944
v 0.068436 0.318156 0.054636
v 0.066463 0.329244 0.046442
v 0.067337 0.338193 0.036649
v 0.062988 0.340033 0.024261
v 0.058101 0.330850 0.030633
v 0.057073 0.320592 0.037682
v 0.060684 0.315347 0.046351
v 0.059416 0.326715 0.038887
v 0.061917 0.336318 0.030890
v 0.067346 0.343948 0.023687
v 0.061824 0.339589 0.018024
v 0.056401 0.330102 0.021245
v 0.055110 0.319617 0.026543
v 0.056565 0.313669 0.035509
v 0.055656 0.325219 0.029011
v 0.059005 0.335249 0.023384
v 0.065684 0.343371 0.019451
v 0.063032 0.339925 0.011878
v 0.058238 0.330522 0.012000
v 0.057328 0.320028 0.015453
v 0.056707 0.313381 0.023747
v 0.055757 0.324984 0.018376
v 0.059047 0.335148 0.015340
v 0.065694 0.343345 0.014904
v 0.066434 0.340976 0.006946
v 0.063346 0.332014 0.004743
v 0.063399 0.321740 0.006438
v 0.061092 0.314522 0.012897
v 0.059708 0.326034 0.008777
v 0.062039 0.336019 0.008129
v 0.067378 0.343870 0.010761
v 0.071519 0.342564 0.004307
v 0.070968 0.334301 0.001415
v 0.072420 0.324448 0.001576
v 0.069063 0.316895 0.004743
v 0.066932 0.328150 0.002634
v 0.067545 0.337688 0.003496
v 0.070481 0.344857 0.007824
v 0.077495 0.344492 0.003584
v 0.079903 0.337132 0.000813
v 0.082989 0.327801 0.000474
v 0.079414 0.320129 0.000846
v 0.076328 0.331016 0.000673
v 0.074718 0.339916 0.001844
v 0.074531 0.346161 0.006459
v 0.078786 0.349160 0.010403
v 0.083434 0.346512 0.004250
v 0.088743 0.340189 0.001307
v 0.093446 0.331396 0.001365
v 0.086398 0.334349 0.000584
v 0.082424 0.342470 0.001797
v 0.078899 0.347609 0.006440
v 0.090531 0.323796 0.000670
v 0.088450 0.348271 0.006876
v 0.096190 0.342890 0.004633
v 0.102248 0.334578 0.006286
v 0.100719 0.327337 0.004447
v 0.095609 0.337639 0.002480
v 0.089489 0.344959 0.003398
v 0.082921 0.348979 0.007781
v 0.091798 0.349453 0.011834
v 0.101153 0.344729 0.011947
v 0.108082 0.336802 0.015414
v 0.094883 0.346898 0.008052
v 0.085996 0.350037 0.010721
v 0.108457 0.330150 0.012769
v 0.102625 0.340233 0.008693
v 0.092960 0.349901 0.018010
v 0.102851 0.345481 0.021233
v 0.110042 0.337777 0.026539
v 0.112566 0.331819 0.023739
v 0.106381 0.341734 0.018355
v 0.097790 0.347979 0.015308
v 0.087657 0.350619 0.014883
v 0.091754 0.349560 0.024259
v 0.101015 0.345060 0.030632
v 0.107821 0.337375 0.037682
v 0.087646 0.350645 0.019445
v 0.112412 0.332113 0.035509
v 0.106279 0.341972 0.029009
v 0.097748 0.348080 0.023378
v 0.088362 0.348486 0.029583
v 0.095923 0.343534 0.038618
v 0.101758 0.335654 0.047119
v 0.108020 0.330987 0.046350
v 0.102331 0.340920 0.038886
v 0.094761 0.347195 0.030890
v 0.085965 0.350114 0.023686
v 0.083299 0.346842 0.033144
v 0.088349 0.341134 0.043954
v 0.092775 0.332874 0.053420
v 0.100061 0.328608 0.054636
v 0.095138 0.338737 0.046442
v 0.089283 0.345461 0.036649
v 0.082869 0.349109 0.026944
v 0.076222 0.348384 0.023573
v 0.073686 0.347542 0.023041
v 0.116342 0.324675 0.032629
v 0.071537 0.346823 0.021525
v 0.104744 0.265243 0.001207
v 0.070103 0.346338 0.019261
v 0.060123 0.306402 0.044402
v 0.069603 0.346160 0.016610
v 0.075830 0.254206 0.032803
v 0.070112 0.346316 0.013976
v 0.093588 0.261457 0.003982
v 0.071555 0.346779 0.011782
v 0.131890 0.273110 0.021038
v 0.073712 0.347478 0.010420
v 0.098709 0.318243 0.002517
v 0.076252 0.348312 0.009974
v 0.125484 0.271517 0.011012
v 0.080932 0.349886 0.011758
v 0.086822 0.315661 0.063339
v 0.082364 0.350374 0.013958
v 0.113971 0.324164 0.044401
v 0.082864 0.350553 0.016602
v 0.075704 0.311934 0.061006
v 0.082355 0.350396 0.019260
v 0.084565 0.256092 0.054521
v 0.080914 0.349929 0.021525
v 0.107527 0.322277 0.054358
v 0.078761 0.349222 0.023041
v 0.116392 0.266233 0.061170
v 0.060379 0.305977 0.020797
v 0.089744 0.325335 0.059117
v 0.085796 0.335751 0.050528
v 0.082148 0.343142 0.039766
v 0.078829 0.347781 0.028707
v 0.084179 0.258012 0.011012
v 0.109550 0.248897 0.057902
v 0.099013 0.245530 0.055699
v 0.103289 0.237316 0.048168
v 0.108272 0.232223 0.036710
v 0.112736 0.231668 0.031382
v 0.105907 0.242583 0.054014
v 0.102166 0.253029 0.060141
v 0.090033 0.242858 0.049427
v 0.095705 0.235023 0.042865
v 0.103201 0.230642 0.033155
v 0.108694 0.230361 0.029621
v 0.102308 0.233269 0.040895
v 0.096561 0.239674 0.049955
v 0.091855 0.249846 0.055664
v 0.083976 0.241293 0.040038
v 0.090597 0.233660 0.034927
v 0.099795 0.229667 0.027834
v 0.096815 0.231656 0.035155
v 0.089362 0.237628 0.042454
v 0.083913 0.247615 0.047389
v 0.105592 0.229397 0.026367
v 0.081759 0.241080 0.028961
v 0.088739 0.233442 0.025565
v 0.098571 0.229447 0.021560
v 0.103902 0.228924 0.022115
v 0.093807 0.230935 0.027655
v 0.085404 0.236760 0.032653
v 0.079545 0.246681 0.036573
v 0.083723 0.242265 0.017901
v 0.090416 0.234404 0.016228
v 0.099717 0.230020 0.015311
v 0.085289 0.237210 0.022046
v 0.079417 0.247199 0.024861
v 0.103883 0.229015 0.017524
v 0.093742 0.231220 0.019542
v 0.089568 0.244676 0.008699
v 0.095369 0.236412 0.008479
v 0.103056 0.231300 0.010104
v 0.105535 0.229658 0.013321
v 0.096629 0.232471 0.012119
v 0.089033 0.238917 0.012327
v 0.083551 0.249102 0.014079
v 0.098398 0.247955 0.002956
v 0.102841 0.239169 0.003600
v 0.108080 0.233097 0.006728
v 0.091317 0.252105 0.006008
v 0.108608 0.230757 0.010162
v 0.102026 0.234508 0.006618
v 0.096063 0.241639 0.005218
v 0.108882 0.251557 0.001056
v 0.111704 0.242220 0.001996
v 0.114026 0.235123 0.005578
v 0.115309 0.231603 0.011745
v 0.112633 0.232142 0.008485
v 0.109113 0.237012 0.003781
v 0.105311 0.244948 0.001669
v 0.101534 0.255734 0.001712
v 0.119432 0.254879 0.002957
v 0.120616 0.245061 0.003617
v 0.119993 0.237057 0.006737
v 0.117001 0.233594 0.008488
v 0.116818 0.239571 0.003790
v 0.115383 0.248277 0.001677
v 0.112658 0.259381 0.001708
v 0.128430 0.257468 0.008700
v 0.128213 0.247294 0.008490
v 0.125068 0.238616 0.010111
v 0.121045 0.234892 0.010167
v 0.123968 0.241793 0.006632
v 0.124744 0.251116 0.005230
v 0.122991 0.262491 0.006002
v 0.134497 0.258975 0.017901
v 0.133330 0.248620 0.016230
v 0.128477 0.239577 0.015314
v 0.124149 0.235846 0.013325
v 0.129469 0.243372 0.012125
v 0.131957 0.253096 0.012332
v 0.130946 0.264645 0.014078
v 0.136713 0.259162 0.028961
v 0.135190 0.248825 0.025565
v 0.129701 0.239792 0.021560
v 0.125839 0.236314 0.017525
v 0.132480 0.244077 0.019543
v 0.135921 0.253931 0.022047
v 0.135312 0.265531 0.024860
v 0.134744 0.257995 0.040038
v 0.133511 0.247870 0.034927
v 0.128555 0.239223 0.027834
v 0.125859 0.236223 0.022115
v 0.132545 0.243791 0.027655
v 0.136036 0.253476 0.032653
v 0.135429 0.265010 0.036572
v 0.128889 0.255638 0.049427
v 0.128551 0.245897 0.042865
v 0.125213 0.237956 0.033155
v 0.129655 0.242554 0.035155
v 0.132286 0.251796 0.042454
v 0.131282 0.263151 0.047388
v 0.124206 0.235584 0.026367
v 0.120041 0.252446 0.055699
v 0.121065 0.243201 0.048168
v 0.120185 0.236181 0.036710
v 0.121131 0.234495 0.029621
v 0.124251 0.240551 0.040895
v 0.125242 0.249140 0.049955
v 0.123502 0.260226 0.055663
v 0.117156 0.238084 0.044002
v 0.112194 0.240189 0.050031
v 0.114236 0.234168 0.037958
v 0.115355 0.231393 0.025583
v 0.112816 0.230557 0.025051
v 0.109451 0.235527 0.044002
v 0.110661 0.229864 0.023537
v 0.109217 0.229418 0.021271
v 0.108704 0.229289 0.018600
v 0.109200 0.229496 0.015945
v 0.110629 0.230009 0.013721
v 0.112774 0.230750 0.012254
v 0.117848 0.232437 0.012256
v 0.120004 0.233126 0.013723
v 0.121449 0.233568 0.015946
v 0.121962 0.233697 0.018601
v 0.121466 0.233491 0.021271
v 0.120036 0.232981 0.023537
v 0.117890 0.232244 0.025051
v 0.115978 0.245906 0.054014
v 0.113278 0.256674 0.060140
v 0.117104 0.233120 0.031382
v 0.134197 0.273307 0.032802
v 0.129354 0.290659 0.035514
v 0.123306 0.307660 0.035752
v 0.087575 0.314513 0.000320
v 0.093426 0.298033 0.000476
v 0.099206 0.281888 0.001000
v 0.078157 0.254432 0.044561
v 0.071472 0.271339 0.047639
v 0.065371 0.288589 0.047873
v 0.058032 0.305452 0.032629
v 0.063147 0.287898 0.035752
v 0.069157 0.270956 0.035516
v 0.076366 0.310889 0.002883
v 0.081887 0.294231 0.003939
v 0.087680 0.278033 0.004510
v 0.114277 0.323734 0.020728
v 0.121106 0.306984 0.023507
v 0.127058 0.290294 0.023356
v 0.115949 0.268765 0.003982
v 0.110741 0.285563 0.004421
v 0.104935 0.301786 0.003620
v 0.108084 0.321481 0.010117
v 0.114656 0.304925 0.012373
v 0.120523 0.288509 0.012681
v 0.105252 0.262486 0.063506
v 0.099284 0.279914 0.067173
v 0.093021 0.297671 0.067397
v 0.132059 0.272078 0.044559
v 0.127065 0.289551 0.047636
v 0.120926 0.306853 0.047872
v 0.094077 0.258923 0.061172
v 0.087775 0.276202 0.064766
v 0.081538 0.293890 0.064991
v 0.066329 0.308680 0.054360
v 0.071830 0.290697 0.058137
v 0.078011 0.273186 0.057908
v 0.125806 0.269598 0.054519
v 0.120544 0.287130 0.057906
v 0.114333 0.304679 0.058136
v 0.097995 0.319293 0.061005
v 0.104535 0.301458 0.064990
v 0.110789 0.283750 0.064765
v 0.077943 0.255463 0.021038
v 0.071420 0.272099 0.023358
v 0.065501 0.288733 0.023565
v 0.066814 0.307892 0.010470
v 0.072080 0.290961 0.012672
v 0.077923 0.274590 0.012712
v 0.065664 0.298211 0.017254
v 0.071123 0.281373 0.017930
v 0.077405 0.264945 0.017171
v 0.106390 0.312087 0.060805
v 0.112981 0.294331 0.062283
v 0.118800 0.276713 0.060569
v 0.073470 0.301237 0.060806
v 0.079378 0.283293 0.062284
v 0.085842 0.265919 0.060572
v 0.114658 0.314696 0.052202
v 0.121356 0.297204 0.053500
v 0.126955 0.279704 0.051958
v 0.084106 0.304806 0.065458
v 0.090267 0.286805 0.067035
v 0.096555 0.269257 0.065228
v 0.106941 0.311707 0.006842
v 0.113140 0.295320 0.007882
v 0.118586 0.278796 0.007932
v 0.115040 0.314442 0.017004
v 0.121469 0.297859 0.017865
v 0.126826 0.281088 0.017172
v 0.095663 0.308616 0.065458
v 0.102065 0.290682 0.067035
v 0.108126 0.273048 0.065227
v 0.073934 0.300864 0.007301
v 0.079492 0.284310 0.008071
v 0.085550 0.268012 0.007942
v 0.061037 0.296905 0.040948
v 0.066561 0.279407 0.042021
v 0.073115 0.262527 0.040702
v 0.065370 0.298459 0.052204
v 0.071055 0.280690 0.053501
v 0.077612 0.263551 0.051962
v 0.084689 0.304359 0.001146
v 0.090417 0.287996 0.001717
v 0.096239 0.271732 0.002066
v 0.119209 0.316056 0.040948
v 0.125912 0.298876 0.042020
v 0.131349 0.281578 0.040699
v 0.119346 0.315966 0.028722
v 0.125954 0.299105 0.029578
v 0.131305 0.282062 0.028499
v 0.096283 0.308166 0.000927
v 0.102234 0.291862 0.001590
v 0.107842 0.275518 0.002054
v 0.061138 0.296818 0.028731
v 0.066584 0.279647 0.029580
v 0.073040 0.263015 0.028501
v 0.077337 0.344879 -0.034395
v 0.079448 0.338224 -0.045827
v 0.082239 0.329455 -0.055631
v 0.071384 0.342896 -0.033144
v 0.070574 0.335247 -0.043954
v 0.071755 0.325919 -0.053420
v 0.078640 0.321664 -0.059118
v 0.075726 0.332418 -0.050528
v 0.074441 0.340589 -0.039766
v 0.074460 0.346335 -0.028707
v 0.066345 0.341194 -0.029583
v 0.063078 0.332657 -0.038619
v 0.062918 0.322806 -0.047119
v 0.070428 0.344988 -0.026944
v 0.068436 0.318156 -0.054636
v 0.066463 0.329244 -0.046442
v 0.067337 0.338193 -0.036649
v 0.062988 0.340033 -0.024261
v 0.058101 0.330850 -0.030633
v 0.057073 0.320592 -0.037683
v 0.060684 0.315347 -0.046351
v 0.059416 0.326715 -0.038887
v 0.061917 0.336318 -0.030890
v 0.067346 0.343948 -0.023687
v 0.061824 0.339589 -0.018024
v 0.056401 0.330102 -0.021245
v 0.055110 0.319617 -0.026543
v 0.056565 0.313669 -0.035509
v 0.055656 0.325219 -0.029011
v 0.059005 0.335249 -0.023384
v 0.065684 0.343371 -0.019451
v 0.063032 0.339925 -0.011878
v 0.058238 0.330522 -0.012000
v 0.057328 0.320028 -0.015453
v 0.056707 0.313381 -0.023747
v 0.055757 0.324984 -0.018376
v 0.059047 0.335148 -0.015340
v 0.065694 0.343345 -0.014904
v 0.066434 0.340976 -0.006946
v 0.063346 0.332014 -0.004744
v 0.063399 0.321740 -0.006438
v 0.061092 0.314522 -0.012897
v 0.059708 0.326034 -0.008777
v 0.062039 0.336019 -0.008129
v 0.067378 0.343870 -0.010761
v 0.071519 0.342564 -0.004307
v 0.070968 0.334301 -0.001415
v 0.072420 0.324448 -0.001576
v 0.069063 0.316895 -0.004743
v 0.066932 0.328150 -0.002634
v 0.067545 0.337688 -0.003496
v 0.070481 0.344857 -0.007824
v 0.077495 0.344492 -0.003584
v 0.079903 0.337132 -0.000813
v 0.082989 0.327801 -0.000474
v 0.079414 0.320129 -0.000846
v 0.076328 0.331016 -0.000673
v 0.074718 0.339916 -0.001844
v 0.074531 0.346161 -0.006459
v 0.078786 0.349160 -0.010403
v 0.083434 0.346512 -0.004250
v 0.088743 0.340189 -0.001307
v 0.093446 0.331396 -0.001366
v 0.086398 0.334349 -0.000584
v 0.082424 0.342470 -0.001797
v 0.078899 0.347609 -0.006440
v 0.090531 0.323796 -0.000670
v 0.088450 0.348271 -0.006876
v 0.096190 0.342890 -0.004633
v 0.102248 0.334578 -0.006287
v 0.100719 0.327337 -0.004447
v 0.095609 0.337639 -0.002480
v 0.089489 0.344959 -0.003398
v 0.082921 0.348979 -0.007781
v 0.091798 0.349453 -0.011834
v 0.101153 0.344729 -0.011947
v 0.108082 0.336802 -0.015414
v 0.094883 0.346898 -0.008052
v 0.085996 0.350037 -0.010721
v 0.108457 0.330150 -0.012770
v 0.102625 0.340233 -0.008693
v 0.092960 0.349901 -0.018010
v 0.102851 0.345481 -0.021233
v 0.110042 0.337777 -0.026539
v 0.112566 0.331819 -0.023739
v 0.106381 0.341734 -0.018355
v 0.097790 0.347979 -0.015309
v 0.087657 0.350619 -0.014883
v 0.091754 0.349560 -0.024259
v 0.101015 0.345060 -0.030632
v 0.107821 0.337375 -0.037682
v 0.087646 0.350645 -0.019445
v 0.112412 0.332113 -0.035509
v 0.106279 0.341972 -0.029009
v 0.097748 0.348080 -0.023378
v 0.088362 0.348486 -0.029583
v 0.095923 0.343534 -0.038618
v 0.101757 0.335654 -0.047119
v 0.108020 0.330987 -0.046350
v 0.102331 0.340920 -0.038886
v 0.094761 0.347195 -0.030890
v 0.085965 0.350114 -0.023686
v 0.083299 0.346842 -0.033144
v 0.088349 0.341134 -0.043954
v 0.092774 0.332874 -0.053420
v 0.100061 0.328608 -0.054636
v 0.095138 0.338737 -0.046442
v 0.089283 0.345461 -0.036649
v 0.082869 0.349109 -0.026944
v 0.076222 0.348384 -0.023573
v 0.073686 0.347542 -0.023041
v 0.116342 0.324675 -0.032629
v 0.071537 0.346823 -0.021525
v 0.104744 0.265243 -0.001207
v 0.070103 0.346338 -0.019261
v 0.060123 0.306402 -0.044402
v 0.069603 0.346160 -0.016610
v 0.075830 0.254206 -0.032803
v 0.070112 0.346316 -0.013976
v 0.093588 0.261457 -0.003982
v 0.071555 0.346779 -0.011782
v 0.131890 0.273110 -0.021038
v 0.073712 0.347478 -0.010421
v 0.098709 0.318243 -0.002518
v 0.076252 0.348312 -0.009975
v 0.125484 0.271517 -0.011013
v 0.080932 0.349886 -0.011758
v 0.086822 0.315661 -0.063339
v 0.082364 0.350374 -0.013958
v 0.113970 0.324164 -0.044401
v 0.082864 0.350553 -0.016602
v 0.075704 0.311934 -0.061006
v 0.082355 0.350396 -0.019260
v 0.084565 0.256092 -0.054521
v 0.080914 0.349929 -0.021525
v 0.107527 0.322277 -0.054359
v 0.078761 0.349222 -0.023041
v 0.116392 0.266233 -0.061170
v 0.060379 0.305977 -0.020797
v 0.089744 0.325335 -0.059118
v 0.085796 0.335751 -0.050528
v 0.082148 0.343142 -0.039766
v 0.078829 0.347781 -0.028707
v 0.084179 0.258012 -0.011012
v 0.109550 0.248897 -0.057902
v 0.099013 0.245530 -0.055699
v 0.103289 0.237316 -0.048168
v 0.108272 0.232223 -0.036710
v 0.112736 0.231668 -0.031382
v 0.105907 0.242583 -0.054014
v 0.102166 0.253029 -0.060141
v 0.090033 0.242858 -0.049427
v 0.095705 0.235023 -0.042865
v 0.103201 0.230642 -0.033155
v 0.108694 0.230361 -0.029621
v 0.102308 0.233269 -0.040895
v 0.096561 0.239674 -0.049955
v 0.091855 0.249846 -0.055664
v 0.083976 0.241293 -0.040038
v 0.090597 0.233660 -0.034928
v 0.099795 0.229667 -0.027834
v 0.096815 0.231656 -0.035155
v 0.089361 0.237628 -0.042454
v 0.083913 0.247615 -0.047389
v 0.105592 0.229397 -0.026367
v 0.081759 0.241080 -0.028961
v 0.088739 0.233442 -0.025565
v 0.098571 0.229447 -0.021560
v 0.103902 0.228924 -0.022115
v 0.093807 0.230935 -0.027655
v 0.085404 0.236760 -0.032653
v 0.079545 0.246681 -0.036573
v 0.083723 0.242265 -0.017901
v 0.090416 0.234404 -0.016228
v 0.099717 0.230020 -0.015311
v 0.085289 0.237210 -0.022046
v 0.079417 0.247199 -0.024861
v 0.103883 0.229015 -0.017524
v 0.093742 0.231220 -0.019542
v 0.089568 0.244676 -0.008699
v 0.095369 0.236412 -0.008479
v 0.103056 0.231300 -0.010104
v 0.105535 0.229658 -0.013321
v 0.096629 0.232471 -0.012120
v 0.089033 0.238917 -0.012327
v 0.083551 0.249102 -0.014079
v 0.098398 0.247955 -0.002956
v 0.102841 0.239169 -0.003601
v 0.108080 0.233097 -0.006728
v 0.091317 0.252105 -0.006008
v 0.108608 0.230757 -0.010162
v 0.102025 0.234508 -0.006618
v 0.096063 0.241639 -0.005218
v 0.108882 0.251557 -0.001056
v 0.111704 0.242220 -0.001996
v 0.114026 0.235123 -0.005578
v 0.115309 0.231603 -0.011745
v 0.112633 0.232142 -0.008485
v 0.109113 0.237012 -0.003782
v 0.105311 0.244948 -0.001669
v 0.101534 0.255734 -0.001713
v 0.119432 0.254879 -0.002957
v 0.120616 0.245061 -0.003617
v 0.119993 0.237057 -0.006737
v 0.117001 0.233594 -0.008488
v 0.116818 0.239571 -0.003790
v 0.115383 0.248277 -0.001677
v 0.112658 0.259381 -0.001708
v 0.128430 0.257468 -0.008700
v 0.128213 0.247294 -0.008490
v 0.125068 0.238616 -0.010111
v 0.121045 0.234892 -0.010167
v 0.123968 0.241793 -0.006632
v 0.124744 0.251116 -0.005230
v 0.122991 0.262491 -0.006003
v 0.134497 0.258975 -0.017901
v 0.133330 0.248620 -0.016231
v 0.128477 0.239577 -0.015314
v 0.124149 0.235846 -0.013325
v 0.129469 0.243372 -0.012125
v 0.131957 0.253096 -0.012332
v 0.130946 0.264645 -0.014078
v 0.136713 0.259162 -0.028961
v 0.135190 0.248825 -0.025565
v 0.129701 0.239792 -0.021561
v 0.125839 0.236314 -0.017525
v 0.132479 0.244077 -0.019543
v 0.135921 0.253931 -0.022047
v 0.135312 0.265531 -0.024860
v 0.134744 0.257995 -0.040038
v 0.133511 0.247870 -0.034928
v 0.128555 0.239223 -0.027834
v 0.125859 0.236223 -0.022116
v 0.132545 0.243791 -0.027655
v 0.136036 0.253476 -0.032653
v 0.135429 0.265010 -0.036572
v 0.128889 0.255638 -0.049427
v 0.128551 0.245897 -0.042865
v 0.125213 0.237956 -0.033155
v 0.129655 0.242554 -0.035155
v 0.132286 0.251796 -0.042454
v 0.131282 0.263151 -0.047388
v 0.124206 0.235584 -0.026367
v 0.120041 0.252446 -0.055699
v 0.121065 0.243201 -0.048168
v 0.120184 0.236181 -0.036710
v 0.121131 0.234495 -0.029621
v 0.124251 0.240551 -0.040895
v 0.125242 0.249140 -0.049955
v 0.123502 0.260226 -0.055663
v 0.117156 0.238084 -0.044002
v 0.112194 0.240189 -0.050031
v 0.114235 0.234168 -0.037958
v 0.115355 0.231393 -0.025583
v 0.112816 0.230557 -0.025051
v 0.109451 0.235527 -0.044002
v 0.110661 0.229864 -0.023537
v 0.109217 0.229418 -0.021271
v 0.108704 0.229289 -0.018600
v 0.109200 0.229496 -0.015945
v 0.110629 0.230009 -0.013721
v 0.112774 0.230750 -0.012254
v 0.117848 0.232437 -0.012256
v 0.120004 0.233126 -0.013723
v 0.121449 0.233568 -0.015946
v 0.121962 0.233697 -0.018601
v 0.121466 0.233491 -0.021271
v 0.120036 0.232981 -0.023537
v 0.117890 0.232244 -0.025051
v 0.115978 0.245906 -0.054014
v 0.113278 0.256674 -0.060140
v 0.117104 0.233120 -0.031382
v 0.134197 0.273307 -0.032802
v 0.129354 0.290659 -0.035514
v 0.123306 0.307660 -0.035752
v 0.087575 0.314513 -0.000320
v 0.093426 0.298033 -0.000476
v 0.099206 0.281888 -0.001000
v 0.078157 0.254432 -0.044562
v 0.071472 0.271339 -0.047639
v 0.065371 0.288589 -0.047873
v 0.058032 0.305452 -0.032630
v 0.063147 0.287898 -0.035752
v 0.069157 0.270956 -0.035516
v 0.076366 0.310889 -0.002883
v 0.081887 0.294231 -0.003939
v 0.087680 0.278033 -0.004510
v 0.114277 0.323734 -0.020728
v 0.121106 0.306984 -0.023508
v 0.127058 0.290294 -0.023356
v 0.115949 0.268765 -0.003982
v 0.110741 0.285563 -0.004421
v 0.104935 0.301786 -0.003620
v 0.108084 0.321481 -0.010117
v 0.114656 0.304925 -0.012373
v 0.120523 0.288509 -0.012681
v 0.105252 0.262486 -0.063506
v 0.099284 0.279914 -0.067173
v 0.093021 0.297671 -0.067397
v 0.132059 0.272078 -0.044559
v 0.127065 0.289551 -0.047636
v 0.120926 0.306853 -0.047872
v 0.094077 0.258923 -0.061172
v 0.087775 0.276202 -0.064766
v 0.081538 0.293890 -0.064991
v 0.066329 0.308680 -0.054360
v 0.071830 0.290697 -0.058137
v 0.078010 0.273186 -0.057908
v 0.125805 0.269598 -0.054519
v 0.120544 0.287130 -0.057906
v 0.114333 0.304679 -0.058136
v 0.097995 0.319293 -0.061005
v 0.104535 0.301458 -0.064990
v 0.110789 0.283750 -0.064765
v 0.077943 0.255463 -0.021038
v 0.071420 0.272099 -0.023358
v 0.065501 0.288733 -0.023565
v 0.066814 0.307892 -0.010470
v 0.072080 0.290961 -0.012672
v 0.077923 0.274590 -0.012712
v 0.065664 0.298211 -0.017254
v 0.071123 0.281373 -0.017930
v 0.077405 0.264945 -0.017171
v 0.106390 0.312087 -0.060805
v 0.112981 0.294331 -0.062283
v 0.118800 0.276713 -0.060569
v 0.073470 0.301237 -0.060806
v 0.079378 0.283293 -0.062284
v 0.085842 0.265919 -0.060572
v 0.114658 0.314696 -0.052202
v 0.121356 0.297204 -0.053500
v 0.126955 0.279704 -0.051958
v 0.084106 0.304806 -0.065458
v 0.090266 0.286805 -0.067035
v 0.096555 0.269257 -0.065228
v 0.106941 0.311707 -0.006842
v 0.113140 0.295320 -0.007882
v 0.118586 0.278796 -0.007932
v 0.115040 0.314442 -0.017004
v 0.121469 0.297859 -0.017865
v 0.126826 0.281088 -0.017172
v 0.095663 0.308616 -0.065458
v 0.102065 0.290682 -0.067035
v 0.108126 0.273048 -0.065227
v 0.073934 0.300864 -0.007301
v 0.079492 0.284310 -0.008072
v 0.085550 0.268012 -0.007942
v 0.061037 0.296905 -0.040948
v 0.066561 0.279407 -0.042021
v 0.073115 0.262527 -0.040702
v 0.065370 0.298459 -0.052204
v 0.071055 0.280690 -0.053501
v 0.077612 0.263551 -0.051962
v 0.084689 0.304359 -0.001146
v 0.090417 0.287996 -0.001717
v 0.096239 0.271732 -0.002066
v 0.119209 0.316056 -0.040948
v 0.125912 0.298876 -0.042020
v 0.131349 0.281578 -0.040699
v 0.119346 0.315966 -0.028722
v 0.125954 0.299105 -0.029578
v 0.131305 0.282062 -0.028499
v 0.096283 0.308166 -0.000927
v 0.102234 0.291862 -0.001591
v 0.107842 0.275518 -0.002055
v 0.061138 0.296818 -0.028731
v 0.066584 0.279647 -0.029580
v 0.073040 0.263015 -0.028501
v 0.074920 0.336715 0.045352
v 0.074795 0.347691 0.024576
v 0.076888 0.327668 0.055071
v 0.074299 0.343868 0.034093
v 0.072041 0.346773 0.023372
v 0.067039 0.324278 0.050733
v 0.068691 0.341988 0.031638
v 0.066576 0.333877 0.041678
v 0.059555 0.321562 0.042712
v 0.064407 0.340527 0.027103
v 0.060218 0.331636 0.034887
v 0.069936 0.346066 0.021149
v 0.056814 0.330333 0.026021
v 0.068799 0.345676 0.018259
v 0.055575 0.319936 0.032220
v 0.062101 0.339708 0.021200
v 0.056883 0.330167 0.016504
v 0.068805 0.345663 0.015153
v 0.055704 0.319649 0.020875
v 0.062123 0.339654 0.014873
v 0.059927 0.320738 0.010533
v 0.064474 0.340365 0.009168
v 0.060420 0.331150 0.007966
v 0.069952 0.346027 0.012306
v 0.067620 0.322992 0.003447
v 0.068804 0.341710 0.005328
v 0.066910 0.333075 0.002604
v 0.072068 0.346709 0.010227
v 0.075359 0.335664 0.000924
v 0.074829 0.347607 0.009203
v 0.077614 0.326065 0.000710
v 0.074451 0.343495 0.003744
v 0.084420 0.338665 0.000861
v 0.077811 0.348595 0.009192
v 0.088333 0.329607 0.000580
v 0.080530 0.345510 0.003712
v 0.098142 0.333078 0.003240
v 0.086115 0.347447 0.005258
v 0.092714 0.341621 0.002482
v 0.080560 0.349523 0.010201
v 0.090382 0.348948 0.009108
v 0.099040 0.343936 0.007882
v 0.082663 0.350237 0.012281
v 0.105604 0.335832 0.010444
v 0.102439 0.345249 0.016475
v 0.083798 0.350629 0.015139
v 0.109579 0.337457 0.020862
v 0.092685 0.349776 0.014845
v 0.083793 0.350642 0.018254
v 0.076337 0.254657 0.026806
v 0.110450 0.267071 0.001947
v 0.109446 0.337749 0.032219
v 0.092663 0.349830 0.021194
v 0.133592 0.273389 0.026804
v 0.133677 0.272864 0.038796
v 0.102369 0.345416 0.026017
v 0.099051 0.263346 0.001947
v 0.105223 0.336667 0.042712
v 0.090317 0.349108 0.027103
v 0.080900 0.255095 0.049869
v 0.076448 0.254132 0.038798
v 0.098837 0.344424 0.034887
v 0.082647 0.350276 0.021149
v 0.088568 0.259655 0.007055
v 0.110935 0.264372 0.062914
v 0.129151 0.272477 0.015721
v 0.092380 0.342422 0.041678
v 0.080534 0.349586 0.023372
v 0.121024 0.270264 0.007055
v 0.099560 0.260646 0.062915
v 0.097553 0.334372 0.050733
v 0.086003 0.347721 0.031638
v 0.129399 0.270975 0.049866
v 0.083982 0.339716 0.045352
v 0.077777 0.348679 0.024576
v 0.089015 0.257386 0.058335
v 0.121412 0.267996 0.058333
v 0.087603 0.331213 0.055071
v 0.080379 0.345881 0.034093
v 0.080593 0.256597 0.015720
v 0.111194 0.233168 0.037658
v 0.104185 0.247157 0.057344
v 0.113796 0.231038 0.026696
v 0.107659 0.238707 0.049559
v 0.111038 0.230140 0.025494
v 0.099254 0.236073 0.045906
v 0.105564 0.231369 0.035207
v 0.094236 0.244078 0.053024
v 0.092784 0.234209 0.039156
v 0.101239 0.230065 0.030679
v 0.086571 0.241918 0.045040
v 0.108922 0.229471 0.023272
v 0.098877 0.229455 0.024763
v 0.082353 0.241011 0.034608
v 0.107772 0.229135 0.020370
v 0.089233 0.233402 0.030337
v 0.082224 0.241504 0.023315
v 0.107762 0.229181 0.017237
v 0.089141 0.233781 0.020796
v 0.098838 0.229635 0.018367
v 0.108893 0.229606 0.014369
v 0.092521 0.235293 0.012061
v 0.101126 0.230579 0.012516
v 0.086205 0.243336 0.012949
v 0.105393 0.232150 0.008145
v 0.093686 0.246238 0.005350
v 0.110993 0.230344 0.012205
v 0.098854 0.237723 0.005638
v 0.110989 0.234103 0.005854
v 0.103529 0.249755 0.001529
v 0.113743 0.231281 0.011049
v 0.107180 0.240691 0.002390
v 0.116724 0.232273 0.011050
v 0.116241 0.243694 0.002401
v 0.117067 0.236123 0.005859
v 0.114252 0.253285 0.001529
v 0.119484 0.233167 0.012208
v 0.124658 0.246274 0.005655
v 0.122701 0.237903 0.008155
v 0.124219 0.256289 0.005351
v 0.127030 0.239188 0.012520
v 0.131899 0.258375 0.012950
v 0.121600 0.233830 0.014372
v 0.131139 0.248087 0.012067
v 0.129394 0.239788 0.018368
v 0.136120 0.259240 0.023315
v 0.122751 0.234165 0.017238
v 0.134695 0.248869 0.020796
v 0.122761 0.234118 0.020370
v 0.134788 0.248487 0.030337
v 0.129433 0.239608 0.024763
v 0.136246 0.258742 0.034608
v 0.131404 0.246995 0.039156
v 0.127143 0.238672 0.030679
v 0.132258 0.256946 0.045040
v 0.121630 0.233696 0.023272
v 0.122873 0.237120 0.035207
v 0.124762 0.254118 0.053024
v 0.119529 0.232962 0.025494
v 0.125059 0.244615 0.045906
v 0.114904 0.250683 0.057344
v 0.116778 0.232029 0.026696
v 0.116721 0.241706 0.049559
v 0.117272 0.235188 0.037658
v 0.063134 0.306776 0.015389
v 0.068312 0.289691 0.017932
v 0.074191 0.273197 0.017794
v 0.103064 0.320896 0.058171
v 0.109750 0.303172 0.062067
v 0.115987 0.285531 0.061839
v 0.070702 0.310214 0.058172
v 0.076362 0.292186 0.062068
v 0.082574 0.274574 0.061841
v 0.111208 0.323379 0.049708
v 0.118105 0.305921 0.053341
v 0.124283 0.288486 0.053108
v 0.081148 0.313774 0.062748
v 0.087164 0.295742 0.066788
v 0.093418 0.278005 0.066564
v 0.103713 0.319958 0.005753
v 0.110120 0.303464 0.007499
v 0.115952 0.287158 0.008130
v 0.111650 0.322755 0.015180
v 0.118363 0.306112 0.017756
v 0.124271 0.289567 0.017785
v 0.092510 0.317525 0.062748
v 0.098886 0.299600 0.066787
v 0.105149 0.281853 0.066563
v 0.071284 0.309282 0.006166
v 0.076665 0.292495 0.007855
v 0.082480 0.276224 0.008198
v 0.058529 0.305747 0.038636
v 0.063694 0.288055 0.041933
v 0.069750 0.270955 0.041697
v 0.062759 0.307394 0.049709
v 0.068121 0.289483 0.053343
v 0.074264 0.272094 0.053111
v 0.081870 0.312653 0.000976
v 0.087547 0.296101 0.001413
v 0.093329 0.279946 0.001968
v 0.115702 0.324601 0.038635
v 0.122680 0.307439 0.041932
v 0.128775 0.290284 0.041695
v 0.115859 0.324381 0.026600
v 0.122772 0.307505 0.029553
v 0.128772 0.290662 0.029328
v 0.093260 0.316402 0.000764
v 0.099297 0.299952 0.001226
v 0.105085 0.283784 0.001909
v 0.058659 0.305531 0.026609
v 0.063759 0.288128 0.029559
v 0.069723 0.271343 0.029329
v 0.074920 0.336715 -0.045352
v 0.074795 0.347691 -0.024576
v 0.076888 0.327668 -0.055071
v 0.074299 0.343868 -0.034093
v 0.072041 0.346773 -0.023372
v 0.067039 0.324278 -0.050733
v 0.068691 0.341988 -0.031638
v 0.066576 0.333877 -0.041678
v 0.059555 0.321562 -0.042712
v 0.064407 0.340527 -0.027104
v 0.060218 0.331636 -0.034887
v 0.069936 0.346066 -0.021149
v 0.056814 0.330333 -0.026021
v 0.068799 0.345676 -0.018259
v 0.055574 0.319936 -0.032220
v 0.062101 0.339708 -0.021200
v 0.056883 0.330167 -0.016504
v 0.068805 0.345663 -0.015153
v 0.055704 0.319649 -0.020875
v 0.062123 0.339654 -0.014873
v 0.059927 0.320738 -0.010533
v 0.064473 0.340365 -0.009168
v 0.060420 0.331150 -0.007966
v 0.069952 0.346027 -0.012306
v 0.067620 0.322992 -0.003447
v 0.068804 0.341710 -0.005328
v 0.066910 0.333075 -0.002605
v 0.072068 0.346709 -0.010227
v 0.075359 0.335664 -0.000924
v 0.074829 0.347607 -0.009203
v 0.077614 0.326065 -0.000710
v 0.074451 0.343495 -0.003744
v 0.084420 0.338665 -0.000861
v 0.077811 0.348595 -0.009192
v 0.088333 0.329607 -0.000580
v 0.080530 0.345510 -0.003712
v 0.098142 0.333078 -0.003240
v 0.086115 0.347447 -0.005259
v 0.092714 0.341621 -0.002482
v 0.080560 0.349523 -0.010201
v 0.090382 0.348948 -0.009108
v 0.099040 0.343936 -0.007882
v 0.082663 0.350237 -0.012281
v 0.105604 0.335832 -0.010444
v 0.102439 0.345249 -0.016476
v 0.083798 0.350629 -0.015139
v 0.109579 0.337457 -0.020862
v 0.092685 0.349776 -0.014846
v 0.083793 0.350642 -0.018254
v 0.076337 0.254657 -0.026806
v 0.110450 0.267071 -0.001947
v 0.109446 0.337749 -0.032220
v 0.092663 0.349830 -0.021194
v 0.133592 0.273389 -0.026805
v 0.133677 0.272864 -0.038796
v 0.102369 0.345416 -0.026018
v 0.099051 0.263346 -0.001948
v 0.105223 0.336667 -0.042712
v 0.090317 0.349108 -0.027103
v 0.080900 0.255095 -0.049869
v 0.076448 0.254132 -0.038799
v 0.098837 0.344424 -0.034887
v 0.082647 0.350276 -0.021149
v 0.088568 0.259655 -0.007055
v 0.110935 0.264372 -0.062914
v 0.129151 0.272477 -0.015721
v 0.092380 0.342422 -0.041678
v 0.080534 0.349586 -0.023372
v 0.121024 0.270264 -0.007055
v 0.099560 0.260646 -0.062915
v 0.097553 0.334372 -0.050733
v 0.086003 0.347721 -0.031638
v 0.129399 0.270975 -0.049866
v 0.083982 0.339716 -0.045352
v 0.077777 0.348679 -0.024576
v 0.089015 0.257386 -0.058336
v 0.121412 0.267996 -0.058333
v 0.087603 0.331213 -0.055071
v 0.080379 0.345881 -0.034093
v 0.080593 0.256597 -0.015720
v 0.111194 0.233169 -0.037658
v 0.104185 0.247157 -0.057344
v 0.113796 0.231038 -0.026696
v 0.107659 0.238707 -0.049559
v 0.111038 0.230140 -0.025494
v 0.099254 0.236073 -0.045906
v 0.105564 0.231369 -0.035207
v 0.094236 0.244078 -0.053024
v 0.092784 0.234209 -0.039156
v 0.101239 0.230065 -0.030679
v 0.086571 0.241918 -0.045041
v 0.108922 0.229471 -0.023272
v 0.098877 0.229455 -0.024763
v 0.082353 0.241011 -0.034608
v 0.107772 0.229135 -0.020370
v 0.089233 0.233402 -0.030338
v 0.082224 0.241504 -0.023315
v 0.107762 0.229181 -0.017237
v 0.089141 0.233781 -0.020796
v 0.098838 0.229635 -0.018367
v 0.108893 0.229606 -0.014370
v 0.092521 0.235293 -0.012061
v 0.101126 0.230579 -0.012516
v 0.086205 0.243336 -0.012949
v 0.105393 0.232150 -0.008146
v 0.093686 0.246238 -0.005350
v 0.110993 0.230344 -0.012205
v 0.098854 0.237723 -0.005639
v 0.110989 0.234103 -0.005854
v 0.103529 0.249755 -0.001529
v 0.113743 0.231281 -0.011049
v 0.107180 0.240691 -0.002391
v 0.116724 0.232273 -0.011050
v 0.116241 0.243694 -0.002401
v 0.117067 0.236123 -0.005860
v 0.114252 0.253285 -0.001529
v 0.119484 0.233167 -0.012208
v 0.124658 0.246274 -0.005655
v 0.122701 0.237903 -0.008155
v 0.124219 0.256289 -0.005351
v 0.127030 0.239188 -0.012521
v 0.131899 0.258375 -0.012951
v 0.121600 0.233830 -0.014372
v 0.131139 0.248087 -0.012067
v 0.129394 0.239788 -0.018368
v 0.136120 0.259240 -0.023316
v 0.122751 0.234165 -0.017238
v 0.134695 0.248869 -0.020796
v 0.122761 0.234118 -0.020370
v 0.134788 0.248487 -0.030338
v 0.129433 0.239608 -0.024763
v 0.136246 0.258742 -0.034608
v 0.131404 0.246995 -0.039156
v 0.127143 0.238672 -0.030679
v 0.132257 0.256946 -0.045040
v 0.121630 0.233696 -0.023272
v 0.122872 0.237120 -0.035207
v 0.124762 0.254118 -0.053024
v 0.119529 0.232962 -0.025494
v 0.125059 0.244615 -0.045906
v 0.114904 0.250683 -0.057344
v 0.116778 0.232029 -0.026696
v 0.116721 0.241706 -0.049559
v 0.117272 0.235188 -0.037658
v 0.063134 0.306776 -0.015390
v 0.068312 0.289691 -0.017932
v 0.074191 0.273197 -0.017794
v 0.103064 0.320896 -0.058171
v 0.109750 0.303172 -0.062067
v 0.115986 0.285531 -0.061839
v 0.070702 0.310214 -0.058172
v 0.076362 0.292186 -0.062068
v 0.082574 0.274574 -0.061841
v 0.111208 0.323379 -0.049708
v 0.118105 0.305921 -0.053342
v 0.124283 0.288486 -0.053108
v 0.081148 0.313774 -0.062748
v 0.087163 0.295742 -0.066788
v 0.093418 0.278005 -0.066564
v 0.103713 0.319958 -0.005753
v 0.110120 0.303464 -0.007499
v 0.115952 0.287158 -0.008130
v 0.111650 0.322755 -0.015180
v 0.118363 0.306112 -0.017757
v 0.124271 0.289567 -0.017785
v 0.092510 0.317525 -0.062748
v 0.098886 0.299600 -0.066787
v 0.105149 0.281853 -0.066563
v 0.071284 0.309282 -0.006166
v 0.076665 0.292495 -0.007855
v 0.082480 0.276224 -0.008198
v 0.058529 0.305747 -0.038636
v 0.063694 0.288055 -0.041933
v 0.069750 0.270955 -0.041697
v 0.062759 0.307394 -0.049710
v 0.068121 0.289483 -0.053343
v 0.074264 0.272094 -0.053111
v 0.081870 0.312653 -0.000976
v 0.087547 0.296101 -0.001413
v 0.093329 0.279946 -0.001969
v 0.115702 0.324601 -0.038635
v 0.122680 0.307439 -0.041932
v 0.128775 0.290284 -0.041695
v 0.115859 0.324381 -0.026600
v 0.122772 0.307505 -0.029553
v 0.128772 0.290662 -0.029328
v 0.093260 0.316402 -0.000764
v 0.099297 0.299952 -0.001226
v 0.105085 0.283784 -0.001909
v 0.058659 0.305531 -0.026609
v 0.063759 0.288128 -0.029559
v 0.069723 0.271343 -0.029329
vn -0.2284 0.6900 0.6868
vn -0.2510 0.7583 0.6016
vn -0.3665 0.7177 0.5922
vn -0.3599 0.6429 0.6761
vn -0.2679 0.8092 0.5229
vn -0.3679 0.7747 0.5143
vn -0.4653 0.7374 0.4897
vn -0.4789 0.6719 0.5650
vn -0.4876 0.5881 0.6453
vn -0.2971 0.8975 0.3260
vn -0.3098 0.9358 0.1680
vn -0.3493 0.9107 0.2204
vn -0.3592 0.8762 0.3215
vn -0.3143 0.9492 -0.0161
vn -0.3730 0.9147 0.1558
vn -0.4193 0.8557 0.3031
vn -0.1488 0.4495 0.8808
vn -0.1932 0.5836 0.7888
vn -0.3426 0.5293 0.7762
vn -0.3134 0.3893 0.8662
vn -0.4866 0.4655 0.7392
vn -0.4710 0.3199 0.8221
vn -0.2829 0.8546 0.4355
vn -0.3658 0.8266 0.4278
vn -0.4464 0.7973 0.4062
vn -0.4300 0.8830 0.1880
vn -0.4764 0.8346 0.2765
vn -0.4284 0.8955 0.1207
vn -0.5279 0.8157 0.2366
vn -0.6223 0.3926 0.6772
vn -0.6171 0.2424 0.7486
vn -0.6097 0.5255 0.5934
vn -0.7237 0.4549 0.5191
vn -0.7458 0.3108 0.5892
vn -0.7468 0.1581 0.6460
vn -0.5229 0.7678 0.3701
vn -0.5587 0.6977 0.4485
vn -0.5939 0.7381 0.3201
vn -0.6462 0.6558 0.3903
vn -0.5871 0.6209 0.5194
vn -0.6889 0.5650 0.4541
vn -0.8520 0.2209 0.4746
vn -0.8542 0.0688 0.5154
vn -0.8253 0.3765 0.4208
vn -0.9091 0.2913 0.2978
vn -0.9343 0.1245 0.3341
vn -0.9328 -0.0228 0.3597
vn -0.6565 0.7095 0.2562
vn -0.7249 0.6128 0.3146
vn -0.5738 0.7968 0.1892
vn -0.6100 0.7816 0.1303
vn -0.7090 0.6822 0.1788
vn -0.7918 0.5693 0.2212
vn -0.7811 0.5045 0.3680
vn -0.8593 0.4402 0.2602
vn -0.4951 0.8596 0.1264
vn -0.4690 0.8808 0.0655
vn -0.9181 0.3741 0.1311
vn -0.9678 0.2014 0.1510
vn -0.8427 0.5269 0.1107
vn -0.8733 0.4870 -0.0161
vn -0.9510 0.3085 -0.0181
vn -0.9937 0.1110 -0.0164
vn -0.5358 0.8433 0.0411
vn -0.6378 0.7675 0.0652
vn -0.4883 0.8726 -0.0047
vn -0.6516 0.7585 -0.0088
vn -0.9850 0.0248 0.1708
vn -0.9764 -0.1131 0.1839
vn -0.9973 -0.0733 -0.0097
vn -0.9803 -0.1977 -0.0043
vn -0.7478 0.6578 0.0893
vn -0.7710 0.6367 -0.0121
vn -0.9514 0.2473 -0.1837
vn -0.9798 0.0259 -0.1985
vn -0.8783 0.4518 -0.1565
vn -0.8522 0.4225 -0.3086
vn -0.9120 0.1943 -0.3614
vn -0.9205 -0.0470 -0.3878
vn -0.5435 0.8373 -0.0596
vn -0.6544 0.7512 -0.0867
vn -0.4808 0.8729 -0.0827
vn -0.6393 0.7502 -0.1690
vn -0.9664 -0.1630 -0.1989
vn -0.9424 -0.2712 -0.1958
vn -0.8910 -0.2366 -0.3875
vn -0.8647 -0.3276 -0.3807
vn -0.7748 0.6203 -0.1222
vn -0.7561 0.6087 -0.2407
vn -0.7711 -0.2840 -0.5699
vn -0.7540 -0.3582 -0.5507
vn -0.8073 -0.1001 -0.5815
vn -0.6270 -0.1207 -0.7696
vn -0.6068 -0.2884 -0.7407
vn -0.6202 -0.3489 -0.7026
vn -0.7090 0.6013 -0.3685
vn -0.7844 0.3987 -0.4752
vn -0.6093 0.7506 -0.2558
vn -0.5547 0.7566 -0.3463
vn -0.6224 0.5945 -0.5090
vn -0.6558 0.3766 -0.6543
vn -0.8198 0.1516 -0.5522
vn -0.6534 0.1223 -0.7471
vn -0.5113 0.8432 -0.1661
vn -0.4413 0.8828 -0.1612
vn -0.4152 -0.2353 -0.8788
vn -0.4682 -0.2873 -0.8356
vn -0.4047 -0.0984 -0.9092
vn -0.2071 -0.0474 -0.9772
vn -0.2324 -0.1411 -0.9623
vn -0.2991 -0.1822 -0.9367
vn -0.5026 0.5857 -0.6359
vn -0.4794 0.3544 -0.8028
vn -0.4828 0.7611 -0.4331
vn -0.4024 0.7695 -0.4959
vn -0.3777 0.5757 -0.7252
vn -0.3099 0.3338 -0.8903
vn -0.4349 0.1099 -0.8937
vn -0.2379 0.1100 -0.9650
vn -0.4329 0.8610 -0.2670
vn -0.3756 0.8994 -0.2236
vn -0.1097 0.1151 -0.9873
vn -0.0789 0.0006 -0.9969
vn -0.1872 0.3222 -0.9280
vn -0.1146 0.3284 -0.9376
vn -0.0484 0.1245 -0.9910
vn -0.0182 0.0271 -0.9995
vn -0.3395 0.8844 -0.3203
vn -0.3296 0.7780 -0.5349
vn -0.3057 0.9197 -0.2464
vn -0.2660 0.7950 -0.5451
vn -0.0949 -0.0516 -0.9942
vn -0.1399 -0.0747 -0.9873
vn -0.0116 -0.0024 -0.9999
vn -0.0136 -0.0068 -0.9999
vn -0.2749 0.5728 -0.7722
vn -0.1980 0.5846 -0.7868
vn 0.0076 0.1562 -0.9877
vn 0.0477 0.0475 -0.9977
vn -0.0516 0.3682 -0.9283
vn 0.0437 0.4526 -0.8907
vn 0.1188 0.2316 -0.9655
vn 0.1867 0.0909 -0.9782
vn -0.2580 0.9115 -0.3204
vn -0.2043 0.8198 -0.5349
vn -0.2369 0.9455 -0.2234
vn -0.1394 0.8572 -0.4958
vn 0.0865 0.0161 -0.9961
vn 0.1310 0.0243 -0.9911
vn 0.2604 0.0357 -0.9648
vn 0.3349 0.0464 -0.9411
vn -0.1285 0.6221 -0.7723
vn -0.0453 0.6870 -0.7252
vn 0.4741 0.0753 -0.8772
vn 0.5455 0.0743 -0.8348
vn 0.3844 0.1702 -0.9073
vn 0.5800 0.2826 -0.7640
vn 0.6630 0.1468 -0.7341
vn 0.7087 0.1197 -0.6953
vn 0.0522 0.7704 -0.6354
vn 0.1725 0.5713 -0.8024
vn -0.0682 0.8989 -0.4328
vn -0.0061 0.9385 -0.3454
vn 0.1461 0.8489 -0.5079
vn 0.3048 0.6936 -0.6526
vn 0.2838 0.3503 -0.8926
vn 0.4561 0.4888 -0.7437
vn -0.1673 0.9491 -0.2668
vn -0.1729 0.9717 -0.1607
vn 0.2134 0.9053 -0.3673
vn 0.3969 0.7864 -0.4733
vn 0.0424 0.9660 -0.2549
vn 0.0674 0.9834 -0.1684
vn 0.2477 0.9387 -0.2398
vn 0.4381 0.8448 -0.3072
vn 0.5737 0.6085 -0.5483
vn 0.7125 0.4023 -0.5750
vn 0.6229 0.6954 -0.3583
vn 0.7714 0.5087 -0.3823
vn -0.0924 0.9819 -0.1652
vn -0.1346 0.9875 -0.0825
vn 0.7908 0.2441 -0.5613
vn 0.8201 0.1895 -0.5399
vn 0.8569 0.3487 -0.3797
vn 0.8874 0.2747 -0.3703
vn 0.6235 0.7605 -0.1812
vn 0.7759 0.6003 -0.1940
vn 0.4421 0.8834 -0.1553
vn 0.4172 0.9087 -0.0145
vn 0.5871 0.8094 -0.0154
vn 0.7369 0.6759 -0.0123
vn -0.0627 0.9963 -0.0594
vn 0.0793 0.9931 -0.0863
vn -0.1282 0.9917 -0.0045
vn 0.0729 0.9973 -0.0084
vn 0.8726 0.4489 -0.1924
vn 0.9134 0.3616 -0.1870
vn 0.8438 0.5367 -0.0038
vn 0.8982 0.4395 0.0036
vn 0.2561 0.9590 -0.1215
vn 0.2436 0.9698 -0.0113
vn -0.0723 0.9965 0.0412
vn 0.0562 0.9962 0.0659
vn -0.1486 0.9867 0.0660
vn 0.0252 0.9910 0.1313
vn -0.9292 -0.3696 -0.0058
vn -0.9208 -0.3354 -0.1992
vn -0.9237 -0.3272 -0.1992
vn -0.9267 -0.3756 -0.0062
vn -0.8764 -0.2910 -0.3838
vn -0.8831 -0.2690 -0.3844
vn -0.8736 -0.2952 -0.3869
vn -0.9115 -0.3590 -0.2006
vn -0.9106 -0.4132 -0.0082
vn 0.0016 -0.0069 -1.0000
vn 0.2451 0.0802 -0.9662
vn 0.2117 0.0899 -0.9732
vn -0.0030 0.0100 -0.9999
vn 0.4303 0.1581 -0.8887
vn 0.3862 0.1714 -0.9064
vn 0.3478 0.1535 -0.9249
vn 0.1786 0.0833 -0.9804
vn -0.0059 0.0179 -0.9998
vn 0.7757 0.6060 0.1762
vn 0.8440 0.5014 0.1906
vn 0.6626 0.7327 0.1554
vn 0.5619 0.7699 0.3026
vn 0.6760 0.6542 0.3390
vn 0.7554 0.5445 0.3647
vn 0.2121 0.9730 0.0906
vn 0.3686 0.9227 0.1129
vn 0.1658 0.9695 0.1807
vn 0.3016 0.9267 0.2242
vn 0.8802 0.2968 -0.3704
vn 0.9395 0.2888 -0.1841
vn 0.9445 0.2692 -0.1881
vn 0.8802 0.2914 -0.3747
vn 0.9636 0.2672 0.0096
vn 0.9723 0.2336 0.0048
vn 0.9853 0.1705 -0.0017
vn 0.9575 0.2137 -0.1935
vn 0.8921 0.2436 -0.3805
vn 0.9510 0.2338 0.2022
vn 0.9627 0.1867 0.1960
vn 0.9027 0.1899 0.3861
vn 0.9166 0.1304 0.3778
vn 0.9291 0.0545 0.3658
vn 0.9754 0.1167 0.1871
vn 0.5215 0.8426 0.1344
vn 0.4341 0.8612 0.2643
vn -0.4367 -0.1270 -0.8906
vn -0.2448 -0.0803 -0.9662
vn -0.2244 -0.0473 -0.9733
vn -0.4129 -0.0802 -0.9072
vn -0.1954 -0.0297 -0.9803
vn -0.3747 -0.0649 -0.9249
vn 0.5530 0.6818 0.4788
vn 0.6388 0.5683 0.5185
vn 0.4432 0.7888 0.4258
vn 0.3137 0.7919 0.5239
vn 0.4144 0.6906 0.5927
vn 0.5010 0.5741 0.6476
vn 0.1066 0.9601 0.2584
vn 0.2208 0.9220 0.3180
vn -0.0133 0.9816 0.1904
vn -0.0619 0.9693 0.2379
vn 0.0385 0.9458 0.3224
vn 0.1306 0.9099 0.3937
vn -0.6154 -0.3733 0.6942
vn -0.7406 -0.3931 0.5449
vn -0.7191 -0.4401 0.5378
vn -0.5889 -0.4319 0.6831
vn -0.8371 -0.3992 0.3739
vn -0.8218 -0.4333 0.3699
vn -0.7969 -0.4825 0.3636
vn -0.6905 -0.4949 0.5275
vn -0.5577 -0.4923 0.6683
vn -0.9009 -0.3913 0.1878
vn -0.8922 -0.4116 0.1861
vn -0.8716 -0.4550 0.1826
vn 0.3317 0.8667 0.3725
vn 0.2201 0.8610 0.4586
vn -0.1148 0.9853 0.1269
vn -0.1905 0.9742 0.1212
vn -0.7017 -0.1973 -0.6846
vn -0.5827 -0.1608 -0.7966
vn -0.5693 -0.1096 -0.8148
vn -0.7013 -0.1513 -0.6966
vn -0.5390 -0.1049 -0.8357
vn -0.6835 -0.1598 -0.7122
vn 0.4142 -0.0536 0.9086
vn 0.2418 -0.1204 0.9628
vn 0.2678 -0.2096 0.9404
vn 0.4372 -0.1420 0.8881
vn 0.0610 -0.1849 0.9809
vn 0.0896 -0.2723 0.9580
vn 0.1157 -0.3513 0.9291
vn 0.2901 -0.2916 0.9115
vn 0.4558 -0.2259 0.8609
vn 0.6870 0.2647 -0.6767
vn 0.7919 0.2895 -0.5376
vn 0.7839 0.2969 -0.5454
vn 0.6652 0.2804 -0.6920
vn 0.7910 0.2569 -0.5552
vn 0.6594 0.2477 -0.7098
vn 0.1035 0.8459 0.5233
vn 0.1789 0.7816 0.5976
vn 0.0342 0.8916 0.4515
vn -0.0654 0.8682 0.4918
vn -0.0150 0.8230 0.5679
vn 0.0422 0.7602 0.6484
vn -0.1819 0.9651 0.1886
vn -0.1151 0.9537 0.2777
vn -0.2467 0.9564 0.1562
vn -0.1739 0.9366 0.3040
vn 0.5697 0.2205 -0.7917
vn 0.5323 0.2378 -0.8124
vn 0.5077 0.2120 -0.8351
vn -0.1218 -0.2447 0.9619
vn -0.0912 -0.3279 0.9403
vn -0.2998 -0.2974 0.9065
vn -0.2688 -0.3743 0.8875
vn -0.2373 -0.4449 0.8636
vn -0.0620 -0.4031 0.9131
vn 0.2663 0.6831 0.6800
vn 0.3482 0.5633 0.7493
vn 0.1136 0.6616 0.7412
vn 0.1859 0.5379 0.8223
vn -0.0372 0.9274 0.3723
vn -0.1169 0.9056 0.4077
vn 0.8210 0.1372 0.5543
vn 0.8369 0.0670 0.5433
vn 0.7092 0.0776 0.7007
vn 0.7271 -0.0013 0.6865
vn 0.7408 -0.0846 0.6664
vn 0.8495 -0.0135 0.5274
vn -0.1336 0.7935 0.5937
vn -0.0940 0.7293 0.6777
vn -0.1667 0.8405 0.5154
vn -0.2632 0.9392 0.2206
vn -0.2346 0.9172 0.3220
vn -0.4665 -0.3409 0.8162
vn -0.4368 -0.4095 0.8010
vn -0.4046 -0.4752 0.7814
vn 0.5719 0.0132 0.8202
vn 0.5921 -0.0718 0.8026
vn 0.6078 -0.1562 0.7786
vn -0.0404 0.6279 0.7772
vn 0.0189 0.4995 0.8661
vn -0.1996 0.8812 0.4286
vn -0.8005 -0.2420 -0.5483
vn -0.8073 -0.2071 -0.5526
vn -0.7972 -0.2262 -0.5597
vn 0.3065 -0.9218 0.2375
vn 0.2959 -0.8907 0.3450
vn 0.2262 -0.9131 0.3392
vn 0.2576 -0.9373 0.2346
vn 0.2774 -0.8369 0.4718
vn 0.1830 -0.8664 0.4647
vn 0.0880 -0.8922 0.4430
vn 0.1563 -0.9334 0.3231
vn 0.2099 -0.9523 0.2214
vn 0.2031 -0.6168 0.7605
vn 0.1532 -0.4658 0.8715
vn -0.0154 -0.5134 0.8580
vn 0.0541 -0.6594 0.7498
vn -0.1829 -0.5517 0.8138
vn -0.0948 -0.6944 0.7133
vn 0.3167 -0.9480 -0.0309
vn 0.3134 -0.9429 0.1124
vn 0.2785 -0.9479 0.1547
vn 0.2666 -0.9582 0.1038
vn 0.2471 -0.7478 0.6162
vn 0.1251 -0.7844 0.6075
vn 0.0026 -0.8154 0.5789
vn 0.2147 -0.9678 0.1317
vn 0.2232 -0.9715 0.0796
vn 0.1618 -0.9656 0.2034
vn 0.1163 -0.9778 0.1744
vn -0.1184 -0.8398 0.5298
vn -0.0062 -0.9138 0.4060
vn -0.2402 -0.7205 0.6506
vn -0.3778 -0.7361 0.5616
vn -0.2352 -0.8565 0.4594
vn -0.0986 -0.9304 0.3530
vn 0.0871 -0.9512 0.2961
vn 0.0186 -0.9662 0.2573
vn -0.3442 -0.5792 0.7389
vn -0.4939 -0.5946 0.6345
vn -0.3442 -0.8640 0.3675
vn -0.1866 -0.9408 0.2830
vn -0.5025 -0.7399 0.4473
vn -0.6089 -0.7304 0.3095
vn -0.4413 -0.8606 0.2543
vn -0.2678 -0.9435 0.1952
vn -0.0470 -0.9774 0.2062
vn 0.0714 -0.9876 0.1398
vn -0.1089 -0.9840 0.1412
vn 0.0319 -0.9952 0.0930
vn -0.6259 -0.5963 0.5027
vn -0.7341 -0.5835 0.3473
vn 0.1580 -0.9837 0.0863
vn 0.1870 -0.9816 0.0396
vn -0.1632 -0.9846 0.0626
vn -0.0045 -0.9992 0.0400
vn -0.3380 -0.9368 0.0900
vn -0.3929 -0.9190 -0.0321
vn -0.2078 -0.9777 -0.0307
vn -0.0310 -0.9992 -0.0256
vn -0.8130 -0.5560 0.1732
vn -0.6910 -0.7067 0.1517
vn -0.8576 -0.5142 -0.0126
vn -0.7434 -0.6685 -0.0207
vn 0.1152 -0.9932 0.0185
vn 0.1632 -0.9865 -0.0154
vn -0.5213 -0.8447 0.1212
vn -0.5785 -0.8152 -0.0285
vn -0.8648 -0.4595 -0.2026
vn -0.7614 -0.6164 -0.2010
vn -0.8327 -0.3942 -0.3890
vn -0.7414 -0.5515 -0.3822
vn 0.0959 -0.9930 -0.0684
vn 0.1590 -0.9838 -0.0829
vn -0.0504 -0.9940 -0.0970
vn -0.0530 -0.9825 -0.1786
vn -0.6073 -0.7714 -0.1900
vn -0.4264 -0.8888 -0.1677
vn -0.6026 -0.7133 -0.3578
vn -0.4335 -0.8447 -0.3140
vn -0.2370 -0.9620 -0.1356
vn -0.2473 -0.9353 -0.2531
vn 0.1109 -0.9799 -0.1657
vn 0.1821 -0.9711 -0.1542
vn -0.0431 -0.9641 -0.2618
vn -0.0102 -0.9380 -0.3466
vn -0.5601 -0.6410 -0.5248
vn -0.4085 -0.7861 -0.4640
vn -0.6807 -0.4753 -0.5575
vn -0.5777 -0.3892 -0.7175
vn -0.4775 -0.5552 -0.6810
vn -0.3482 -0.7128 -0.6089
vn -0.2327 -0.8974 -0.3748
vn -0.1902 -0.8464 -0.4975
vn -0.7598 -0.3208 -0.5654
vn -0.6456 -0.2434 -0.7238
vn -0.1202 -0.7872 -0.6048
vn 0.0368 -0.9060 -0.4216
vn -0.2551 -0.6296 -0.7338
vn -0.1371 -0.5453 -0.8269
vn -0.0261 -0.7232 -0.6901
vn 0.1048 -0.8700 -0.4818
vn -0.4980 -0.1695 -0.8505
vn -0.4404 -0.2992 -0.8464
vn -0.3338 -0.1070 -0.9365
vn -0.2856 -0.2163 -0.9336
vn 0.1663 -0.9531 -0.2531
vn 0.2343 -0.9489 -0.2116
vn -0.3604 -0.4613 -0.8108
vn -0.2218 -0.3703 -0.9021
vn 0.0844 -0.6647 -0.7423
vn 0.1810 -0.8343 -0.5208
vn -0.0038 -0.4706 -0.8824
vn 0.1378 -0.4129 -0.9003
vn 0.2051 -0.6154 -0.7610
vn 0.2673 -0.8021 -0.5340
vn -0.1652 -0.0552 -0.9847
vn -0.1266 -0.1471 -0.9810
vn 0.0024 -0.0069 -1.0000
vn 0.0311 -0.0930 -0.9952
vn 0.2520 -0.9188 -0.3039
vn 0.3067 -0.9224 -0.2347
vn -0.0735 -0.2923 -0.9535
vn 0.0782 -0.2338 -0.9691
vn 0.3493 -0.8859 -0.3052
vn 0.3814 -0.8992 -0.2143
vn 0.3549 -0.7751 -0.5228
vn 0.4386 -0.7564 -0.4853
vn 0.2359 -0.1950 -0.9520
vn 0.2859 -0.3753 -0.8817
vn 0.1927 -0.0516 -0.9799
vn 0.3638 -0.0214 -0.9312
vn 0.4018 -0.1739 -0.8990
vn 0.4373 -0.3566 -0.8256
vn 0.3310 -0.5813 -0.7433
vn 0.4548 -0.5609 -0.6918
vn 0.1696 0.0431 -0.9846
vn 0.3399 0.0915 -0.9360
vn 0.4399 -0.8608 -0.2560
vn 0.4387 -0.8847 -0.1577
vn 0.5156 -0.7433 -0.4263
vn 0.5742 -0.7396 -0.3511
vn 0.5672 -0.1687 -0.8061
vn 0.5819 -0.3548 -0.7318
vn 0.5389 -0.0041 -0.8424
vn 0.7028 -0.0020 -0.7114
vn 0.7163 -0.1781 -0.6747
vn 0.7061 -0.3666 -0.6058
vn 0.5691 -0.5549 -0.6069
vn 0.6616 -0.5596 -0.4991
vn 0.5124 0.1294 -0.8489
vn 0.6771 0.1494 -0.7205
vn 0.7272 -0.5746 -0.3754
vn 0.6176 -0.7404 -0.2654
vn 0.7979 -0.3900 -0.4597
vn 0.8522 -0.4222 -0.3092
vn 0.7622 -0.5961 -0.2524
vn 0.6377 -0.7489 -0.1804
vn 0.8149 0.1483 -0.5603
vn 0.8352 -0.0157 -0.5498
vn 0.9149 0.1279 -0.3828
vn 0.9263 -0.0447 -0.3742
vn 0.5023 -0.8481 -0.1684
vn 0.4665 -0.8805 -0.0847
vn 0.8321 -0.2006 -0.5171
vn 0.9068 -0.2350 -0.3500
vn 0.7701 -0.6239 -0.1334
vn 0.6426 -0.7600 -0.0969
vn 0.8719 -0.4618 -0.1628
vn 0.8622 -0.5058 -0.0277
vn 0.7558 -0.6542 -0.0274
vn 0.6302 -0.7761 -0.0240
vn 0.9761 0.0922 -0.1968
vn 0.9771 -0.0867 -0.1944
vn 0.9990 0.0442 -0.0090
vn 0.9902 -0.1388 -0.0172
vn 0.5232 -0.8494 -0.0687
vn 0.4648 -0.8853 -0.0148
vn 0.9425 -0.2794 -0.1833
vn 0.9433 -0.3310 -0.0241
vn 0.5072 -0.8616 0.0201
vn 0.4415 -0.8963 0.0416
vn 0.6080 -0.7928 0.0429
vn 0.5755 -0.8121 0.0967
vn 0.9139 -0.3870 0.1226
vn 0.8284 -0.5524 0.0933
vn 0.9685 -0.1981 0.1512
vn 0.9158 -0.2616 0.3048
vn 0.8592 -0.4448 0.2527
vn 0.7760 -0.5990 0.1976
vn 0.7236 -0.6870 0.0666
vn 0.6790 -0.7196 0.1453
vn 0.9847 -0.0132 0.1737
vn 0.9357 -0.0774 0.3442
vn 0.7845 -0.5023 0.3637
vn 0.7095 -0.6449 0.2843
vn 0.8368 -0.3268 0.4394
vn 0.7363 -0.3915 0.5520
vn 0.6944 -0.5581 0.4544
vn 0.6332 -0.6886 0.3535
vn 0.6245 -0.7521 0.2104
vn 0.5377 -0.8307 0.1441
vn 0.5646 -0.7830 0.2611
vn 0.4950 -0.8504 0.1784
vn 0.8556 -0.1455 0.4968
vn 0.7490 -0.2149 0.6267
vn 0.4655 -0.8806 0.0888
vn 0.4047 -0.9108 0.0819
vn 0.5001 -0.8126 0.2992
vn 0.4499 -0.8688 0.2069
vn 0.5498 -0.7300 0.4061
vn 0.4619 -0.7685 0.4428
vn 0.4335 -0.8404 0.3253
vn 0.4028 -0.8875 0.2239
vn 0.6208 -0.2835 0.7309
vn 0.6188 -0.4540 0.6411
vn 0.4757 -0.3493 0.8072
vn 0.4885 -0.5131 0.7058
vn 0.4089 -0.9027 0.1339
vn 0.3606 -0.9268 0.1053
vn 0.5927 -0.6111 0.5246
vn 0.4828 -0.6607 0.5748
vn 0.3184 -0.4106 0.8544
vn 0.3489 -0.5677 0.7457
vn 0.3447 -0.9257 0.1556
vn 0.3547 -0.9047 0.2360
vn 0.3669 -0.7065 0.6052
vn 0.3707 -0.8042 0.4645
vn 0.3650 -0.8665 0.3404
vn -0.7638 -0.3555 -0.5388
vn -0.8607 -0.3416 -0.3775
vn -0.6562 -0.3400 -0.6736
vn -0.6907 -0.2987 -0.6585
vn -0.7843 -0.3158 -0.5340
vn -0.8699 -0.3180 -0.3771
vn -0.7965 -0.2802 -0.5358
vn -0.8761 -0.2971 -0.3797
vn -0.7061 -0.2602 -0.6586
vn -0.7008 -0.2533 -0.6669
vn -0.7933 -0.2793 -0.5410
vn -0.8716 -0.3058 -0.3831
vn -0.7908 -0.2783 -0.5451
vn -0.8683 -0.3138 -0.3841
vn -0.6958 -0.2439 -0.6755
vn 0.4082 0.4542 0.7918
vn 0.5596 0.4738 0.6800
vn 0.2431 0.4214 0.8737
vn 0.2915 0.3080 0.9056
vn 0.4559 0.3509 0.8179
vn 0.6033 0.3830 0.6995
vn 0.4962 0.2526 0.8306
vn 0.6398 0.2971 0.7088
vn 0.3333 0.2000 0.9214
vn 0.3630 0.1162 0.9245
vn 0.5247 0.1745 0.8332
vn 0.6664 0.2263 0.7105
vn 0.5480 0.1004 0.8304
vn 0.6879 0.1574 0.7085
vn 0.3878 0.0382 0.9210
vn -0.5996 0.1127 0.7924
vn -0.4467 0.1881 0.8747
vn -0.7333 0.0342 0.6790
vn -0.7128 -0.0720 0.6977
vn -0.5750 -0.0046 0.8181
vn -0.4169 0.0642 0.9067
vn -0.5471 -0.1125 0.8295
vn -0.3850 -0.0510 0.9215
vn -0.6887 -0.1686 0.7051
vn -0.6660 -0.2444 0.7048
vn -0.5221 -0.1950 0.8303
vn -0.3580 -0.1382 0.9234
vn -0.4966 -0.2659 0.8262
vn -0.3315 -0.2140 0.9189
vn -0.6423 -0.3088 0.7015
vn 0.6916 0.4786 0.5410
vn 0.7988 0.4675 0.3786
vn 0.7283 0.4029 0.5544
vn 0.8260 0.4096 0.3872
vn 0.7590 0.3317 0.5602
vn 0.8494 0.3553 0.3903
vn 0.7827 0.2696 0.5610
vn 0.8694 0.3030 0.3903
vn 0.8022 0.2074 0.5598
vn 0.8867 0.2485 0.3898
vn -0.2805 0.2585 0.9244
vn -0.1065 0.3220 0.9407
vn -0.2448 0.1321 0.9605
vn -0.0651 0.1967 0.9783
vn -0.2090 0.0133 0.9778
vn -0.0259 0.0782 0.9966
vn -0.1804 -0.0762 0.9806
vn 0.0037 -0.0115 0.9999
vn -0.1535 -0.1552 0.9759
vn 0.0303 -0.0920 0.9953
vn 0.5951 0.1169 -0.7951
vn 0.3997 0.0813 -0.9131
vn 0.7312 0.1549 -0.6643
vn 0.7345 0.2053 -0.6468
vn 0.6187 0.1609 -0.7689
vn 0.4430 0.1091 -0.8899
vn 0.6192 0.1877 -0.7625
vn 0.4611 0.1232 -0.8788
vn 0.7245 0.2404 -0.6460
vn 0.7153 0.2426 -0.6553
vn 0.6110 0.1904 -0.7684
vn 0.4640 0.1267 -0.8767
vn 0.5974 0.1951 -0.7778
vn 0.4566 0.1359 -0.8792
vn 0.7060 0.2421 -0.6656
vn 0.8261 0.2070 -0.5242
vn 0.8910 0.2719 -0.3636
vn 0.8830 0.3009 -0.3602
vn 0.8187 0.2514 -0.5163
vn 0.8062 0.2853 -0.5183
vn 0.8743 0.3233 -0.3620
vn 0.8756 0.3147 -0.3665
vn 0.8017 0.2841 -0.5259
vn 0.8001 0.2764 -0.5323
vn 0.8805 0.2978 -0.3688
vn 0.0698 0.3768 0.9236
vn 0.1158 0.2560 0.9597
vn 0.1572 0.1412 0.9774
vn 0.1872 0.0534 0.9809
vn 0.2131 -0.0267 0.9767
vn -0.5335 -0.2871 -0.7956
vn -0.3736 -0.1954 -0.9068
vn -0.4258 -0.1961 -0.8833
vn -0.5811 -0.2620 -0.7705
vn -0.5978 -0.2352 -0.7664
vn -0.4460 -0.1909 -0.8745
vn -0.4456 -0.1870 -0.8755
vn -0.5909 -0.2269 -0.7742
vn -0.5839 -0.2110 -0.7839
vn -0.4427 -0.1704 -0.8803
vn -0.9627 -0.1930 0.1897
vn -0.9201 -0.1216 0.3724
vn -0.9668 -0.2557 -0.0024
vn -0.9602 -0.2794 -0.0016
vn -0.9512 -0.2413 0.1925
vn -0.9052 -0.1926 0.3788
vn -0.9393 -0.2848 0.1914
vn -0.8889 -0.2565 0.3797
vn -0.9536 -0.3012 -0.0038
vn -0.9425 -0.3343 -0.0067
vn -0.9249 -0.3302 0.1887
vn -0.8714 -0.3134 0.3774
vn -0.9106 -0.3682 0.1880
vn -0.8534 -0.3610 0.3759
vn -0.9321 -0.3621 -0.0068
vn -0.8421 -0.0448 0.5375
vn -0.8245 -0.1354 0.5494
vn -0.8042 -0.2173 0.5532
vn -0.7840 -0.2844 0.5518
vn -0.7628 -0.3410 0.5494
vn -0.1906 -0.0903 -0.9775
vn -0.0149 -0.0096 -0.9998
vn -0.0109 -0.0216 -0.9997
vn -0.2269 -0.1073 -0.9680
vn -0.2435 -0.1194 -0.9625
vn -0.0041 -0.0336 -0.9994
vn 0.0012 -0.0349 -0.9994
vn -0.2487 -0.1217 -0.9609
vn -0.2504 -0.1095 -0.9619
vn 0.0034 -0.0246 -0.9997
vn 0.8757 0.4400 0.1986
vn 0.9181 0.3963 0.0081
vn 0.8925 0.4024 0.2039
vn 0.9245 0.3810 0.0116
vn 0.9074 0.3667 0.2051
vn 0.9308 0.3653 0.0116
vn 0.9233 0.3251 0.2044
vn 0.9422 0.3349 0.0104
vn 0.9382 0.2793 0.2044
vn 0.9544 0.2984 0.0107
vn 0.9230 0.3383 -0.1832
vn 0.9207 0.3461 -0.1805
vn 0.9188 0.3507 -0.1813
vn 0.9254 0.3317 -0.1835
vn 0.9345 0.3049 -0.1835
vn 0.1775 0.0414 -0.9832
vn 0.2177 0.0485 -0.9748
vn 0.2437 0.0490 -0.9686
vn 0.2572 0.0521 -0.9649
vn 0.2601 0.0633 -0.9635
vn -0.9317 -0.3065 -0.1948
vn -0.9320 -0.3055 -0.1949
vn -0.9316 -0.3051 -0.1976
vn -0.9240 -0.3256 -0.2006
vn -0.9176 -0.3433 -0.2005
vn -0.2284 0.6900 -0.6868
vn -0.3600 0.6429 -0.6761
vn -0.3665 0.7177 -0.5921
vn -0.2510 0.7583 -0.6016
vn -0.4876 0.5881 -0.6453
vn -0.4789 0.6719 -0.5650
vn -0.4653 0.7374 -0.4897
vn -0.3679 0.7747 -0.5143
vn -0.2679 0.8092 -0.5229
vn -0.2971 0.8975 -0.3260
vn -0.3592 0.8762 -0.3215
vn -0.3493 0.9107 -0.2204
vn -0.3098 0.9358 -0.1680
vn -0.4193 0.8557 -0.3031
vn -0.3730 0.9147 -0.1558
vn -0.3143 0.9492 0.0161
vn -0.1488 0.4495 -0.8808
vn -0.3134 0.3893 -0.8662
vn -0.3426 0.5293 -0.7762
vn -0.1932 0.5836 -0.7888
vn -0.4710 0.3199 -0.8221
vn -0.4866 0.4655 -0.7392
vn -0.3658 0.8266 -0.4278
vn -0.2829 0.8546 -0.4355
vn -0.4464 0.7973 -0.4062
vn -0.4764 0.8346 -0.2765
vn -0.4299 0.8831 -0.1880
vn -0.5279 0.8157 -0.2366
vn -0.4284 0.8955 -0.1207
vn -0.6171 0.2424 -0.7486
vn -0.6223 0.3926 -0.6772
vn -0.7468 0.1581 -0.6460
vn -0.7458 0.3108 -0.5892
vn -0.7237 0.4549 -0.5191
vn -0.6097 0.5255 -0.5934
vn -0.5587 0.6977 -0.4485
vn -0.5229 0.7678 -0.3702
vn -0.6462 0.6558 -0.3903
vn -0.5939 0.7381 -0.3201
vn -0.5871 0.6209 -0.5194
vn -0.6889 0.5650 -0.4541
vn -0.8542 0.0688 -0.5154
vn -0.8520 0.2209 -0.4746
vn -0.9328 -0.0228 -0.3597
vn -0.9343 0.1245 -0.3342
vn -0.9091 0.2913 -0.2978
vn -0.8253 0.3765 -0.4208
vn -0.7249 0.6128 -0.3146
vn -0.6565 0.7095 -0.2562
vn -0.7918 0.5693 -0.2212
vn -0.7090 0.6822 -0.1787
vn -0.6100 0.7816 -0.1302
vn -0.5738 0.7968 -0.1892
vn -0.7811 0.5045 -0.3680
vn -0.8593 0.4402 -0.2602
vn -0.4952 0.8596 -0.1263
vn -0.4690 0.8808 -0.0655
vn -0.9678 0.2015 -0.1510
vn -0.9181 0.3741 -0.1311
vn -0.9937 0.1110 0.0165
vn -0.9510 0.3085 0.0181
vn -0.8733 0.4870 0.0161
vn -0.8427 0.5269 -0.1107
vn -0.6378 0.7675 -0.0652
vn -0.5358 0.8433 -0.0411
vn -0.6516 0.7585 0.0088
vn -0.4883 0.8726 0.0047
vn -0.9764 -0.1132 -0.1839
vn -0.9850 0.0248 -0.1708
vn -0.9803 -0.1977 0.0043
vn -0.9973 -0.0733 0.0097
vn -0.7478 0.6578 -0.0893
vn -0.7710 0.6367 0.0121
vn -0.9798 0.0259 0.1985
vn -0.9514 0.2473 0.1837
vn -0.9205 -0.0470 0.3878
vn -0.9120 0.1943 0.3614
vn -0.8522 0.4225 0.3086
vn -0.8783 0.4518 0.1565
vn -0.6544 0.7512 0.0867
vn -0.5435 0.8373 0.0596
vn -0.6393 0.7502 0.1690
vn -0.4808 0.8729 0.0827
vn -0.9424 -0.2712 0.1957
vn -0.9664 -0.1630 0.1989
vn -0.8647 -0.3276 0.3807
vn -0.8910 -0.2366 0.3875
vn -0.7748 0.6203 0.1222
vn -0.7561 0.6086 0.2406
vn -0.7539 -0.3582 0.5507
vn -0.7711 -0.2840 0.5699
vn -0.6202 -0.3489 0.7026
vn -0.6068 -0.2884 0.7407
vn -0.6270 -0.1207 0.7696
vn -0.8073 -0.1001 0.5816
vn -0.7844 0.3986 0.4752
vn -0.7090 0.6012 0.3685
vn -0.6558 0.3766 0.6544
vn -0.6224 0.5945 0.5091
vn -0.5546 0.7566 0.3463
vn -0.6093 0.7506 0.2557
vn -0.8198 0.1517 0.5522
vn -0.6534 0.1223 0.7471
vn -0.5113 0.8432 0.1660
vn -0.4413 0.8828 0.1612
vn -0.4682 -0.2873 0.8356
vn -0.4152 -0.2353 0.8788
vn -0.2991 -0.1822 0.9367
vn -0.2324 -0.1411 0.9623
vn -0.2072 -0.0474 0.9772
vn -0.4047 -0.0984 0.9091
vn -0.4795 0.3543 0.8029
vn -0.5026 0.5857 0.6359
vn -0.3099 0.3337 0.8903
vn -0.3777 0.5757 0.7252
vn -0.4024 0.7695 0.4959
vn -0.4827 0.7612 0.4331
vn -0.4350 0.1099 0.8937
vn -0.2379 0.1100 0.9650
vn -0.4328 0.8611 0.2670
vn -0.3755 0.8994 0.2236
vn -0.0789 0.0006 0.9969
vn -0.1097 0.1151 0.9873
vn -0.0182 0.0271 0.9995
vn -0.0484 0.1245 0.9910
vn -0.1146 0.3284 0.9376
vn -0.1872 0.3222 0.9280
vn -0.3296 0.7780 0.5348
vn -0.3395 0.8844 0.3203
vn -0.2660 0.7951 0.5451
vn -0.3058 0.9197 0.2463
vn -0.1399 -0.0747 0.9873
vn -0.0949 -0.0516 0.9941
vn -0.0136 -0.0068 0.9999
vn -0.0116 -0.0024 0.9999
vn -0.2749 0.5728 0.7722
vn -0.1980 0.5846 0.7868
vn 0.0477 0.0475 0.9977
vn 0.0076 0.1562 0.9877
vn 0.1867 0.0909 0.9782
vn 0.1188 0.2316 0.9655
vn 0.0437 0.4526 0.8906
vn -0.0516 0.3682 0.9283
vn -0.2043 0.8198 0.5349
vn -0.2580 0.9115 0.3204
vn -0.1394 0.8572 0.4958
vn -0.2370 0.9455 0.2235
vn 0.1310 0.0243 0.9911
vn 0.0866 0.0161 0.9961
vn 0.3349 0.0464 0.9411
vn 0.2604 0.0357 0.9648
vn -0.1285 0.6221 0.7723
vn -0.0452 0.6870 0.7252
vn 0.5454 0.0743 0.8349
vn 0.4741 0.0753 0.8772
vn 0.7087 0.1198 0.6953
vn 0.6630 0.1468 0.7341
vn 0.5800 0.2826 0.7640
vn 0.3844 0.1702 0.9073
vn 0.1725 0.5714 0.8024
vn 0.0522 0.7704 0.6354
vn 0.3048 0.6936 0.6527
vn 0.1461 0.8489 0.5079
vn -0.0061 0.9384 0.3454
vn -0.0682 0.8989 0.4328
vn 0.2838 0.3503 0.8926
vn 0.4561 0.4888 0.7437
vn -0.1673 0.9491 0.2668
vn -0.1729 0.9717 0.1607
vn 0.3969 0.7864 0.4733
vn 0.2134 0.9053 0.3673
vn 0.4381 0.8448 0.3072
vn 0.2477 0.9387 0.2397
vn 0.0674 0.9834 0.1684
vn 0.0424 0.9660 0.2549
vn 0.7125 0.4022 0.5750
vn 0.5737 0.6085 0.5483
vn 0.7714 0.5087 0.3822
vn 0.6229 0.6954 0.3583
vn -0.0924 0.9819 0.1652
vn -0.1346 0.9875 0.0825
vn 0.8201 0.1895 0.5399
vn 0.7908 0.2441 0.5613
vn 0.8874 0.2747 0.3703
vn 0.8569 0.3487 0.3797
vn 0.7759 0.6003 0.1940
vn 0.6235 0.7605 0.1812
vn 0.7369 0.6759 0.0123
vn 0.5871 0.8094 0.0154
vn 0.4172 0.9087 0.0145
vn 0.4421 0.8834 0.1553
vn 0.0793 0.9931 0.0863
vn -0.0627 0.9963 0.0594
vn 0.0729 0.9973 0.0084
vn -0.1282 0.9917 0.0045
vn 0.9134 0.3616 0.1870
vn 0.8726 0.4489 0.1924
vn 0.8982 0.4395 -0.0036
vn 0.8438 0.5367 0.0038
vn 0.2561 0.9590 0.1215
vn 0.2436 0.9698 0.0113
vn 0.0562 0.9962 -0.0659
vn -0.0724 0.9965 -0.0415
vn 0.0252 0.9910 -0.1313
vn -0.1486 0.9867 -0.0659
vn -0.9292 -0.3696 0.0058
vn -0.9267 -0.3756 0.0062
vn -0.9237 -0.3272 0.1992
vn -0.9208 -0.3354 0.1992
vn -0.9106 -0.4132 0.0082
vn -0.9115 -0.3590 0.2006
vn -0.8736 -0.2952 0.3869
vn -0.8831 -0.2690 0.3844
vn -0.8764 -0.2910 0.3838
vn 0.0016 -0.0069 1.0000
vn -0.0031 0.0100 0.9999
vn 0.2117 0.0900 0.9732
vn 0.2451 0.0802 0.9662
vn -0.0059 0.0179 0.9998
vn 0.1786 0.0833 0.9804
vn 0.3478 0.1535 0.9249
vn 0.3862 0.1714 0.9064
vn 0.4302 0.1581 0.8888
vn 0.8440 0.5014 -0.1906
vn 0.7757 0.6060 -0.1762
vn 0.7554 0.5444 -0.3647
vn 0.6760 0.6542 -0.3390
vn 0.5619 0.7699 -0.3026
vn 0.6626 0.7327 -0.1554
vn 0.3686 0.9227 -0.1129
vn 0.2121 0.9730 -0.0906
vn 0.3016 0.9267 -0.2242
vn 0.1658 0.9695 -0.1807
vn 0.8802 0.2968 0.3704
vn 0.8802 0.2914 0.3747
vn 0.9445 0.2692 0.1881
vn 0.9395 0.2888 0.1841
vn 0.8921 0.2436 0.3805
vn 0.9575 0.2137 0.1935
vn 0.9853 0.1705 0.0017
vn 0.9723 0.2336 -0.0048
vn 0.9636 0.2672 -0.0096
vn 0.9627 0.1867 -0.1960
vn 0.9510 0.2338 -0.2022
vn 0.9754 0.1167 -0.1871
vn 0.9291 0.0544 -0.3658
vn 0.9166 0.1304 -0.3778
vn 0.9027 0.1899 -0.3861
vn 0.5214 0.8426 -0.1344
vn 0.4341 0.8612 -0.2643
vn -0.4366 -0.1270 0.8906
vn -0.4128 -0.0802 0.9073
vn -0.2244 -0.0473 0.9733
vn -0.2448 -0.0803 0.9662
vn -0.3747 -0.0649 0.9249
vn -0.1955 -0.0297 0.9803
vn 0.6388 0.5684 -0.5185
vn 0.5530 0.6818 -0.4789
vn 0.5010 0.5741 -0.6476
vn 0.4143 0.6906 -0.5927
vn 0.3137 0.7919 -0.5239
vn 0.4431 0.7888 -0.4258
vn 0.2208 0.9220 -0.3180
vn 0.1066 0.9601 -0.2584
vn 0.1306 0.9099 -0.3937
vn 0.0385 0.9458 -0.3224
vn -0.0619 0.9693 -0.2379
vn -0.0133 0.9816 -0.1904
vn -0.6154 -0.3733 -0.6942
vn -0.5889 -0.4319 -0.6831
vn -0.7191 -0.4401 -0.5378
vn -0.7406 -0.3931 -0.5449
vn -0.5577 -0.4923 -0.6683
vn -0.6905 -0.4949 -0.5275
vn -0.7969 -0.4825 -0.3636
vn -0.8218 -0.4333 -0.3700
vn -0.8371 -0.3992 -0.3739
vn -0.8922 -0.4116 -0.1862
vn -0.9009 -0.3913 -0.1878
vn -0.8716 -0.4550 -0.1826
vn 0.3317 0.8667 -0.3725
vn 0.2201 0.8610 -0.4586
vn -0.1148 0.9853 -0.1269
vn -0.1905 0.9742 -0.1212
vn -0.7017 -0.1973 0.6846
vn -0.7013 -0.1513 0.6966
vn -0.5693 -0.1096 0.8148
vn -0.5827 -0.1608 0.7966
vn -0.6835 -0.1598 0.7122
vn -0.5390 -0.1049 0.8357
vn 0.4142 -0.0536 -0.9086
vn 0.4372 -0.1420 -0.8881
vn 0.2678 -0.2096 -0.9404
vn 0.2418 -0.1204 -0.9628
vn 0.4558 -0.2259 -0.8609
vn 0.2901 -0.2916 -0.9115
vn 0.1157 -0.3513 -0.9291
vn 0.0896 -0.2723 -0.9580
vn 0.0610 -0.1849 -0.9809
vn 0.6870 0.2646 0.6767
vn 0.6652 0.2804 0.6920
vn 0.7838 0.2969 0.5454
vn 0.7919 0.2895 0.5376
vn 0.6594 0.2477 0.7099
vn 0.7910 0.2569 0.5552
vn 0.1789 0.7816 -0.5976
vn 0.1035 0.8459 -0.5233
vn 0.0422 0.7602 -0.6484
vn -0.0150 0.8230 -0.5679
vn -0.0654 0.8682 -0.4918
vn 0.0342 0.8916 -0.4515
vn -0.1151 0.9537 -0.2777
vn -0.1819 0.9651 -0.1885
vn -0.1740 0.9366 -0.3040
vn -0.2467 0.9564 -0.1562
vn 0.5324 0.2378 0.8124
vn 0.5698 0.2205 0.7917
vn 0.5077 0.2121 0.8350
vn -0.0912 -0.3279 -0.9403
vn -0.1218 -0.2447 -0.9619
vn -0.0620 -0.4031 -0.9131
vn -0.2373 -0.4449 -0.8636
vn -0.2687 -0.3743 -0.8875
vn -0.2998 -0.2974 -0.9065
vn 0.3482 0.5633 -0.7493
vn 0.2663 0.6831 -0.6800
vn 0.1860 0.5379 -0.8223
vn 0.1136 0.6616 -0.7412
vn -0.0372 0.9274 -0.3723
vn -0.1169 0.9056 -0.4077
vn 0.8369 0.0669 -0.5433
vn 0.8209 0.1372 -0.5543
vn 0.8495 -0.0135 -0.5274
vn 0.7408 -0.0846 -0.6664
vn 0.7271 -0.0013 -0.6865
vn 0.7092 0.0776 -0.7007
vn -0.0940 0.7293 -0.6777
vn -0.1336 0.7935 -0.5937
vn -0.1667 0.8405 -0.5154
vn -0.2347 0.9172 -0.3220
vn -0.2632 0.9392 -0.2206
vn -0.4367 -0.4095 -0.8010
vn -0.4665 -0.3409 -0.8162
vn -0.4045 -0.4752 -0.7814
vn 0.5922 -0.0718 -0.8026
vn 0.5719 0.0132 -0.8202
vn 0.6078 -0.1561 -0.7786
vn 0.0189 0.4995 -0.8661
vn -0.0404 0.6280 -0.7772
vn -0.1996 0.8812 -0.4286
vn -0.8073 -0.2071 0.5526
vn -0.8005 -0.2420 0.5483
vn -0.7972 -0.2262 0.5597
vn 0.3065 -0.9218 -0.2375
vn 0.2576 -0.9373 -0.2347
vn 0.2262 -0.9131 -0.3393
vn 0.2959 -0.8908 -0.3450
vn 0.2099 -0.9523 -0.2214
vn 0.1563 -0.9334 -0.3231
vn 0.0881 -0.8922 -0.4430
vn 0.1830 -0.8664 -0.4647
vn 0.2774 -0.8369 -0.4718
vn 0.2031 -0.6168 -0.7605
vn 0.0541 -0.6594 -0.7498
vn -0.0155 -0.5134 -0.8580
vn 0.1532 -0.4658 -0.8715
vn -0.0948 -0.6944 -0.7133
vn -0.1829 -0.5517 -0.8138
vn 0.3167 -0.9480 0.0309
vn 0.2666 -0.9582 -0.1038
vn 0.2786 -0.9479 -0.1547
vn 0.3134 -0.9429 -0.1124
vn 0.1251 -0.7844 -0.6075
vn 0.2471 -0.7479 -0.6161
vn 0.0026 -0.8154 -0.5789
vn 0.2232 -0.9715 -0.0796
vn 0.2147 -0.9678 -0.1317
vn 0.1163 -0.9778 -0.1744
vn 0.1618 -0.9656 -0.2034
vn -0.0062 -0.9138 -0.4060
vn -0.1184 -0.8398 -0.5298
vn -0.0986 -0.9304 -0.3530
vn -0.2352 -0.8565 -0.4594
vn -0.3778 -0.7361 -0.5616
vn -0.2402 -0.7205 -0.6506
vn 0.0871 -0.9512 -0.2961
vn 0.0186 -0.9662 -0.2573
vn -0.3441 -0.5793 -0.7389
vn -0.4938 -0.5946 -0.6345
vn -0.1866 -0.9408 -0.2830
vn -0.3442 -0.8640 -0.3675
vn -0.2678 -0.9435 -0.1953
vn -0.4413 -0.8606 -0.2543
vn -0.6089 -0.7304 -0.3094
vn -0.5025 -0.7399 -0.4473
vn 0.0714 -0.9876 -0.1398
vn -0.0470 -0.9774 -0.2062
vn 0.0319 -0.9952 -0.0930
vn -0.1089 -0.9840 -0.1412
vn -0.6259 -0.5963 -0.5028
vn -0.7341 -0.5835 -0.3473
vn 0.1870 -0.9816 -0.0396
vn 0.1580 -0.9837 -0.0863
vn -0.0045 -0.9992 -0.0400
vn -0.1632 -0.9846 -0.0626
vn -0.0310 -0.9992 0.0256
vn -0.2075 -0.9778 0.0305
vn -0.3929 -0.9190 0.0321
vn -0.3380 -0.9368 -0.0900
vn -0.6910 -0.7067 -0.1517
vn -0.8130 -0.5560 -0.1732
vn -0.7434 -0.6685 0.0207
vn -0.8576 -0.5142 0.0126
vn 0.1632 -0.9865 0.0154
vn 0.1152 -0.9932 -0.0185
vn -0.5213 -0.8447 -0.1212
vn -0.5785 -0.8152 0.0285
vn -0.7614 -0.6164 0.2010
vn -0.8648 -0.4595 0.2026
vn -0.7414 -0.5515 0.3822
vn -0.8327 -0.3942 0.3890
vn 0.1590 -0.9838 0.0829
vn 0.0959 -0.9930 0.0684
vn -0.0529 -0.9825 0.1786
vn -0.0504 -0.9940 0.0970
vn -0.4264 -0.8888 0.1677
vn -0.6073 -0.7714 0.1900
vn -0.4335 -0.8447 0.3140
vn -0.6026 -0.7133 0.3578
vn -0.2370 -0.9620 0.1356
vn -0.2473 -0.9353 0.2532
vn 0.1821 -0.9711 0.1542
vn 0.1109 -0.9799 0.1656
vn -0.0102 -0.9379 0.3466
vn -0.0431 -0.9641 0.2618
vn -0.4085 -0.7861 0.4639
vn -0.5601 -0.6410 0.5248
vn -0.3482 -0.7128 0.6089
vn -0.4775 -0.5552 0.6810
vn -0.5777 -0.3892 0.7175
vn -0.6807 -0.4753 0.5575
vn -0.2327 -0.8974 0.3748
vn -0.1902 -0.8464 0.4975
vn -0.7598 -0.3208 0.5654
vn -0.6456 -0.2434 0.7238
vn 0.0368 -0.9060 0.4217
vn -0.1202 -0.7873 0.6048
vn 0.1048 -0.8700 0.4818
vn -0.0261 -0.7232 0.6901
vn -0.1371 -0.5453 0.8270
vn -0.2551 -0.6296 0.7339
vn -0.4404 -0.2993 0.8464
vn -0.4980 -0.1695 0.8505
vn -0.2856 -0.2164 0.9336
vn -0.3338 -0.1070 0.9365
vn 0.2343 -0.9489 0.2116
vn 0.1663 -0.9531 0.2531
vn -0.3604 -0.4612 0.8108
vn -0.2218 -0.3703 0.9021
vn 0.1810 -0.8343 0.5208
vn 0.0843 -0.6647 0.7424
vn 0.2674 -0.8021 0.5340
vn 0.2051 -0.6154 0.7610
vn 0.1378 -0.4129 0.9003
vn -0.0039 -0.4705 0.8824
vn -0.1266 -0.1471 0.9810
vn -0.1652 -0.0551 0.9847
vn 0.0311 -0.0931 0.9952
vn 0.0023 -0.0069 1.0000
vn 0.3067 -0.9224 0.2347
vn 0.2520 -0.9188 0.3039
vn -0.0735 -0.2924 0.9535
vn 0.0781 -0.2338 0.9691
vn 0.3814 -0.8992 0.2143
vn 0.3493 -0.8859 0.3052
vn 0.4386 -0.7564 0.4853
vn 0.3549 -0.7750 0.5229
vn 0.2859 -0.3754 0.8817
vn 0.2360 -0.1950 0.9520
vn 0.4372 -0.3566 0.8256
vn 0.4018 -0.1738 0.8991
vn 0.3638 -0.0214 0.9312
vn 0.1928 -0.0516 0.9799
vn 0.3310 -0.5813 0.7433
vn 0.4548 -0.5609 0.6918
vn 0.1697 0.0431 0.9846
vn 0.3399 0.0915 0.9360
vn 0.4387 -0.8847 0.1577
vn 0.4399 -0.8608 0.2560
vn 0.5742 -0.7396 0.3511
vn 0.5156 -0.7433 0.4264
vn 0.5819 -0.3548 0.7318
vn 0.5671 -0.1687 0.8062
vn 0.7061 -0.3667 0.6058
vn 0.7163 -0.1781 0.6747
vn 0.7028 -0.0019 0.7114
vn 0.5389 -0.0041 0.8424
vn 0.5691 -0.5549 0.6069
vn 0.6617 -0.5596 0.4990
vn 0.5124 0.1295 0.8489
vn 0.6771 0.1494 0.7205
vn 0.6176 -0.7403 0.2654
vn 0.7272 -0.5747 0.3754
vn 0.6377 -0.7489 0.1804
vn 0.7622 -0.5961 0.2524
vn 0.8522 -0.4222 0.3091
vn 0.7979 -0.3900 0.4597
vn 0.8352 -0.0157 0.5498
vn 0.8149 0.1483 0.5603
vn 0.9263 -0.0447 0.3742
vn 0.9149 0.1279 0.3828
vn 0.4665 -0.8805 0.0847
vn 0.5023 -0.8481 0.1683
vn 0.8321 -0.2006 0.5171
vn 0.9068 -0.2350 0.3499
vn 0.6426 -0.7600 0.0969
vn 0.7701 -0.6238 0.1334
vn 0.6302 -0.7761 0.0240
vn 0.7559 -0.6542 0.0274
vn 0.8622 -0.5058 0.0278
vn 0.8719 -0.4618 0.1628
vn 0.9771 -0.0866 0.1944
vn 0.9761 0.0922 0.1968
vn 0.9902 -0.1388 0.0172
vn 0.9990 0.0442 0.0090
vn 0.4648 -0.8853 0.0148
vn 0.5232 -0.8494 0.0687
vn 0.9425 -0.2794 0.1833
vn 0.9433 -0.3310 0.0242
vn 0.4415 -0.8963 -0.0416
vn 0.5072 -0.8616 -0.0201
vn 0.5755 -0.8121 -0.0967
vn 0.6080 -0.7928 -0.0429
vn 0.8284 -0.5524 -0.0933
vn 0.9139 -0.3870 -0.1226
vn 0.7760 -0.5991 -0.1976
vn 0.8592 -0.4448 -0.2527
vn 0.9158 -0.2616 -0.3048
vn 0.9685 -0.1981 -0.1512
vn 0.7236 -0.6870 -0.0666
vn 0.6790 -0.7196 -0.1453
vn 0.9847 -0.0132 -0.1737
vn 0.9357 -0.0774 -0.3443
vn 0.7094 -0.6449 -0.2843
vn 0.7845 -0.5023 -0.3637
vn 0.6332 -0.6886 -0.3535
vn 0.6944 -0.5581 -0.4544
vn 0.7363 -0.3914 -0.5520
vn 0.8368 -0.3268 -0.4394
vn 0.5377 -0.8307 -0.1441
vn 0.6245 -0.7521 -0.2104
vn 0.4950 -0.8504 -0.1784
vn 0.5646 -0.7830 -0.2611
vn 0.8556 -0.1455 -0.4968
vn 0.7491 -0.2149 -0.6267
vn 0.4047 -0.9108 -0.0819
vn 0.4655 -0.8806 -0.0888
vn 0.4499 -0.8688 -0.2069
vn 0.5001 -0.8127 -0.2992
vn 0.4028 -0.8875 -0.2239
vn 0.4335 -0.8404 -0.3253
vn 0.4619 -0.7685 -0.4428
vn 0.5498 -0.7300 -0.4061
vn 0.6188 -0.4540 -0.6411
vn 0.6208 -0.2835 -0.7309
vn 0.4885 -0.5131 -0.7058
vn 0.4757 -0.3493 -0.8072
vn 0.3606 -0.9268 -0.1053
vn 0.4089 -0.9027 -0.1339
vn 0.5927 -0.6111 -0.5246
vn 0.4828 -0.6607 -0.5748
vn 0.3489 -0.5677 -0.7457
vn 0.3184 -0.4106 -0.8544
vn 0.3447 -0.9257 -0.1556
vn 0.3547 -0.9047 -0.2360
vn 0.3707 -0.8043 -0.4645
vn 0.3670 -0.7065 -0.6052
vn 0.3650 -0.8665 -0.3404
vn -0.8607 -0.3417 0.3775
vn -0.7638 -0.3555 0.5388
vn -0.8699 -0.3180 0.3771
vn -0.7843 -0.3158 0.5340
vn -0.6908 -0.2987 0.6585
vn -0.6562 -0.3401 0.6736
vn -0.8761 -0.2971 0.3797
vn -0.7965 -0.2802 0.5358
vn -0.8716 -0.3058 0.3831
vn -0.7933 -0.2793 0.5410
vn -0.7008 -0.2533 0.6669
vn -0.7061 -0.2602 0.6586
vn -0.8683 -0.3138 0.3841
vn -0.7908 -0.2783 0.5451
vn -0.6958 -0.2439 0.6756
vn 0.5596 0.4738 -0.6800
vn 0.4082 0.4542 -0.7919
vn 0.6033 0.3830 -0.6995
vn 0.4559 0.3509 -0.8179
vn 0.2915 0.3080 -0.9056
vn 0.2431 0.4214 -0.8737
vn 0.6398 0.2971 -0.7088
vn 0.4962 0.2526 -0.8306
vn 0.6663 0.2263 -0.7105
vn 0.5248 0.1745 -0.8332
vn 0.3630 0.1162 -0.9245
vn 0.3333 0.2000 -0.9214
vn 0.6879 0.1574 -0.7086
vn 0.5480 0.1004 -0.8304
vn 0.3878 0.0382 -0.9210
vn -0.4467 0.1882 -0.8747
vn -0.5996 0.1127 -0.7924
vn -0.4169 0.0642 -0.9067
vn -0.5750 -0.0046 -0.8181
vn -0.7128 -0.0720 -0.6977
vn -0.7333 0.0342 -0.6790
vn -0.3850 -0.0511 -0.9215
vn -0.5471 -0.1125 -0.8295
vn -0.3580 -0.1382 -0.9234
vn -0.5221 -0.1950 -0.8303
vn -0.6660 -0.2444 -0.7048
vn -0.6887 -0.1686 -0.7051
vn -0.3315 -0.2140 -0.9189
vn -0.4966 -0.2659 -0.8262
vn -0.6423 -0.3088 -0.7014
vn 0.7988 0.4675 -0.3786
vn 0.6917 0.4786 -0.5409
vn 0.8260 0.4097 -0.3872
vn 0.7283 0.4029 -0.5543
vn 0.8494 0.3553 -0.3903
vn 0.7590 0.3317 -0.5603
vn 0.8694 0.3030 -0.3902
vn 0.7827 0.2696 -0.5610
vn 0.8867 0.2485 -0.3898
vn 0.8022 0.2074 -0.5598
vn -0.1066 0.3220 -0.9407
vn -0.2805 0.2585 -0.9244
vn -0.0651 0.1967 -0.9783
vn -0.2448 0.1321 -0.9605
vn -0.0259 0.0782 -0.9966
vn -0.2090 0.0133 -0.9778
vn 0.0037 -0.0115 -0.9999
vn -0.1804 -0.0762 -0.9806
vn 0.0303 -0.0920 -0.9953
vn -0.1535 -0.1552 -0.9759
vn 0.3997 0.0813 0.9131
vn 0.5951 0.1168 0.7951
vn 0.4430 0.1091 0.8899
vn 0.6188 0.1610 0.7689
vn 0.7345 0.2053 0.6468
vn 0.7312 0.1549 0.6643
vn 0.4611 0.1232 0.8788
vn 0.6192 0.1877 0.7625
vn 0.4640 0.1267 0.8767
vn 0.6110 0.1904 0.7684
vn 0.7153 0.2426 0.6553
vn 0.7245 0.2404 0.6460
vn 0.4566 0.1359 0.8792
vn 0.5974 0.1951 0.7778
vn 0.7059 0.2421 0.6656
vn 0.8260 0.2070 0.5242
vn 0.8187 0.2514 0.5163
vn 0.8830 0.3009 0.3602
vn 0.8910 0.2719 0.3636
vn 0.8063 0.2853 0.5182
vn 0.8017 0.2842 0.5259
vn 0.8756 0.3147 0.3665
vn 0.8743 0.3233 0.3620
vn 0.8001 0.2764 0.5323
vn 0.8805 0.2978 0.3688
vn 0.0698 0.3768 -0.9237
vn 0.1159 0.2561 -0.9597
vn 0.1572 0.1412 -0.9774
vn 0.1872 0.0534 -0.9809
vn 0.2131 -0.0267 -0.9767
vn -0.5335 -0.2870 0.7956
vn -0.5811 -0.2620 0.7705
vn -0.4258 -0.1961 0.8833
vn -0.3736 -0.1954 0.9068
vn -0.5978 -0.2352 0.7664
vn -0.5909 -0.2269 0.7742
vn -0.4456 -0.1870 0.8755
vn -0.4460 -0.1909 0.8744
vn -0.5839 -0.2109 0.7839
vn -0.4427 -0.1704 0.8803
vn -0.9201 -0.1216 -0.3723
vn -0.9627 -0.1930 -0.1897
vn -0.9052 -0.1926 -0.3788
vn -0.9512 -0.2413 -0.1925
vn -0.9602 -0.2794 0.0016
vn -0.9668 -0.2557 0.0024
vn -0.8889 -0.2565 -0.3797
vn -0.9393 -0.2848 -0.1914
vn -0.8714 -0.3134 -0.3774
vn -0.9249 -0.3302 -0.1887
vn -0.9425 -0.3343 0.0067
vn -0.9536 -0.3012 0.0038
vn -0.8534 -0.3610 -0.3759
vn -0.9106 -0.3682 -0.1880
vn -0.9321 -0.3621 0.0068
vn -0.8421 -0.0448 -0.5375
vn -0.8245 -0.1354 -0.5494
vn -0.8042 -0.2173 -0.5532
vn -0.7840 -0.2844 -0.5518
vn -0.7628 -0.3410 -0.5494
vn -0.1907 -0.0903 0.9775
vn -0.2269 -0.1073 0.9680
vn -0.0109 -0.0216 0.9997
vn -0.0149 -0.0096 0.9998
vn -0.2435 -0.1194 0.9625
vn -0.2486 -0.1218 0.9609
vn 0.0012 -0.0350 0.9994
vn -0.0041 -0.0336 0.9994
vn -0.2504 -0.1095 0.9619
vn 0.0034 -0.0246 0.9997
vn 0.9181 0.3963 -0.0081
vn 0.8757 0.4400 -0.1986
vn 0.9245 0.3810 -0.0116
vn 0.8924 0.4024 -0.2039
vn 0.9308 0.3653 -0.0116
vn 0.9074 0.3667 -0.2051
vn 0.9422 0.3349 -0.0104
vn 0.9233 0.3251 -0.2044
vn 0.9544 0.2984 -0.0107
vn 0.9382 0.2793 -0.2044
vn 0.9230 0.3383 0.1832
vn 0.9207 0.3461 0.1805
vn 0.9188 0.3507 0.1813
vn 0.9254 0.3317 0.1835
vn 0.9345 0.3049 0.1835
vn 0.1776 0.0414 0.9832
vn 0.2177 0.0486 0.9748
vn 0.2437 0.0489 0.9686
vn 0.2572 0.0521 0.9649
vn 0.2601 0.0633 0.9635
vn -0.9317 -0.3065 0.1948
vn -0.9320 -0.3055 0.1949
vn -0.9316 -0.3051 0.1976
vn -0.9240 -0.3256 0.2006
vn -0.9176 -0.3433 0.2005
vt 0.474928 1.140478
vt 0.476433 1.307440
vt 0.458789 1.322137
vt 0.457278 1.151959
vt 0.479412 1.469213
vt 0.461822 1.486604
vt 0.443567 1.503995
vt 0.440592 1.336839
vt 0.439147 1.163441
vt 0.490841 1.782023
vt 0.481936 1.997852
vt 0.472768 1.939604
vt 0.471258 1.801973
vt 0.473030 2.213681
vt 0.464125 2.019667
vt 0.455218 1.825656
vt 0.473672 0.843155
vt 0.474225 0.974375
vt 0.456585 0.982391
vt 0.456037 0.848342
vt 0.438511 0.990408
vt 0.438008 0.853528
vt 0.484230 1.626642
vt 0.466637 1.645878
vt 0.448458 1.665675
vt 0.444307 2.039825
vt 0.434451 1.980857
vt 0.433485 1.842798
vt 0.433396 2.253993
vt 0.424490 2.059980
vt 0.415584 1.865966
vt 0.420004 0.998117
vt 0.419590 0.858517
vt 0.420528 1.174475
vt 0.401444 1.184651
vt 0.401091 1.005222
vt 0.400805 0.863115
vt 0.429209 1.684048
vt 0.424623 1.520713
vt 0.409408 1.701719
vt 0.405013 1.536126
vt 0.421823 1.350971
vt 0.402499 1.363999
vt 0.381798 1.011447
vt 0.381668 0.867143
vt 0.381940 1.193567
vt 0.362122 1.200886
vt 0.362139 1.016559
vt 0.362132 0.870449
vt 0.388621 1.716374
vt 0.384787 1.549634
vt 0.392181 1.877065
vt 0.372549 1.896816
vt 0.367270 1.729290
vt 0.364100 1.560720
vt 0.382679 1.375414
vt 0.362549 1.384790
vt 0.402972 2.075406
vt 0.392557 2.014676
vt 0.390361 2.284845
vt 0.381455 2.090833
vt 0.342297 1.391507
vt 0.342109 1.206131
vt 0.343121 1.568670
vt 0.322000 1.571756
vt 0.322000 1.394114
vt 0.322000 1.208173
vt 0.358801 2.099180
vt 0.346402 2.035917
vt 0.346359 1.899512
vt 0.345052 2.301539
vt 0.333526 2.107528
vt 0.322000 1.913513
vt 0.342158 1.020222
vt 0.342182 0.872821
vt 0.322000 1.021643
vt 0.322000 0.873740
vt 0.344790 1.737679
vt 0.322000 1.741897
vt 0.301702 1.391507
vt 0.301891 1.206131
vt 0.300879 1.568670
vt 0.279900 1.560720
vt 0.281452 1.384790
vt 0.281877 1.200886
vt 0.310474 2.107530
vt 0.297598 2.035917
vt 0.297641 1.899512
vt 0.298947 2.301544
vt 0.285199 2.099180
vt 0.271450 1.896819
vt 0.301842 1.020222
vt 0.301818 0.872821
vt 0.281860 1.016559
vt 0.281868 0.870449
vt 0.299209 1.737679
vt 0.276730 1.729290
vt 0.262202 1.011447
vt 0.262332 0.867143
vt 0.262060 1.193567
vt 0.242556 1.184651
vt 0.242909 1.005222
vt 0.243195 0.863115
vt 0.255379 1.716374
vt 0.259213 1.549634
vt 0.251819 1.877065
vt 0.228415 1.865964
vt 0.234592 1.701719
vt 0.238987 1.536126
vt 0.261321 1.375414
vt 0.241501 1.363999
vt 0.262545 2.090833
vt 0.251442 2.014676
vt 0.253639 2.284845
vt 0.241028 2.075406
vt 0.223995 0.998117
vt 0.224410 0.858517
vt 0.223472 1.174475
vt 0.204853 1.163441
vt 0.205489 0.990408
vt 0.205991 0.853528
vt 0.214791 1.684048
vt 0.219376 1.520713
vt 0.210515 1.842798
vt 0.188781 1.825656
vt 0.195542 1.665675
vt 0.200433 1.503995
vt 0.222177 1.350971
vt 0.203408 1.336839
vt 0.219510 2.059980
vt 0.209548 1.980857
vt 0.210604 2.253993
vt 0.199693 2.039825
vt 0.185210 1.322137
vt 0.186722 1.151961
vt 0.182178 1.486604
vt 0.164588 1.469213
vt 0.167567 1.307440
vt 0.169071 1.140478
vt 0.179875 2.019667
vt 0.171232 1.939604
vt 0.172741 1.801973
vt 0.170969 2.213681
vt 0.162064 1.997852
vt 0.153158 1.782023
vt 0.187415 0.982391
vt 0.187963 0.848342
vt 0.169775 0.974375
vt 0.170328 0.843155
vt 0.177363 1.645878
vt 0.159770 1.626642
vt 0.150450 1.293346
vt 0.151885 1.129443
vt 0.147629 1.452802
vt 0.131242 1.439553
vt 0.133810 1.280589
vt 0.135125 1.119267
vt 0.144252 1.976035
vt 0.136896 1.897194
vt 0.138770 1.760970
vt 0.135347 2.170049
vt 0.128447 1.955879
vt 0.121547 1.741711
vt 0.152557 0.966668
vt 0.153079 0.838167
vt 0.135731 0.959563
vt 0.136192 0.833573
vt 0.143186 1.608336
vt 0.127134 1.596800
vt 0.119261 0.953339
vt 0.119631 0.829541
vt 0.118748 1.110353
vt 0.102698 1.103032
vt 0.103093 0.948226
vt 0.103347 0.826234
vt 0.111898 1.597440
vt 0.115363 1.431006
vt 0.108298 1.759390
vt 0.093305 1.799903
vt 0.097082 1.602238
vt 0.099916 1.424928
vt 0.117594 1.269792
vt 0.101742 1.261043
vt 0.112642 1.935725
vt 0.106330 1.888227
vt 0.103736 2.129737
vt 0.098521 1.964822
vt 0.082655 1.597893
vt 0.084661 1.419006
vt 0.080487 1.770115
vt 0.067295 1.785896
vt 0.067548 1.594494
vt 0.068713 1.414388
vt 0.086033 1.254375
vt 0.086769 1.097597
vt 0.069630 1.250137
vt 0.070158 1.094246
vt 0.084415 1.949393
vt 0.078747 1.891061
vt 0.075526 2.098885
vt 0.071411 1.942389
vt 0.087036 0.944431
vt 0.087168 0.823778
vt 0.070358 0.942089
vt 0.070453 0.822263
vt 0.051840 1.248228
vt 0.052198 1.093182
vt 0.051343 1.411272
vt 0.033060 1.397871
vt 0.033192 1.246810
vt 0.033323 1.095753
vt 0.058442 1.934041
vt 0.050019 1.880690
vt 0.050307 1.762231
vt 0.049588 2.082189
vt 0.041351 1.934041
vt 0.033113 1.785896
vt 0.052459 0.940276
vt 0.052679 0.817837
vt 0.033809 0.935666
vt 0.034297 0.775579
vt 0.050766 1.590970
vt 0.033087 1.591883
vt 0.610886 1.785896
vt 0.602649 1.934041
vt 0.593980 1.880690
vt 0.593693 1.762231
vt 0.594411 2.082189
vt 0.585557 1.934041
vt 0.576704 1.785896
vt 0.322000 0.653416
vt 0.303554 0.653235
vt 0.303858 0.619171
vt 0.322000 0.619266
vt 0.285176 0.652767
vt 0.285752 0.618929
vt 0.286177 0.543305
vt 0.304083 0.543384
vt 0.322000 0.543411
vt 0.177131 0.647400
vt 0.159466 0.646420
vt 0.160536 0.615621
vt 0.178271 0.616133
vt 0.141893 0.645516
vt 0.142848 0.615150
vt 0.143554 0.542097
vt 0.161326 0.542248
vt 0.179113 0.542410
vt 0.609704 0.775581
vt 0.610190 0.935666
vt 0.591540 0.940276
vt 0.591321 0.817837
vt 0.610677 1.095753
vt 0.591802 1.093182
vt 0.573842 1.094246
vt 0.573642 0.942091
vt 0.573547 0.822263
vt 0.610940 1.397871
vt 0.610913 1.591883
vt 0.593234 1.590970
vt 0.592657 1.411272
vt 0.576451 1.594494
vt 0.575287 1.414388
vt 0.072068 0.643292
vt 0.054283 0.643176
vt 0.054547 0.615125
vt 0.072342 0.613993
vt 0.036338 0.643159
vt 0.036678 0.621089
vt 0.037018 0.599018
vt 0.054748 0.546482
vt 0.072545 0.541725
vt 0.607662 0.643159
vt 0.589717 0.643176
vt 0.589453 0.615125
vt 0.607322 0.621089
vt 0.571932 0.643292
vt 0.571657 0.613993
vt 0.571454 0.541725
vt 0.589252 0.546482
vt 0.606982 0.599018
vt 0.610808 1.246810
vt 0.592160 1.248228
vt 0.574370 1.250137
vt 0.212759 0.649440
vt 0.194895 0.648422
vt 0.196057 0.616666
vt 0.213896 0.617197
vt 0.196916 0.542579
vt 0.214736 0.542751
vt 0.556964 0.944429
vt 0.556832 0.823778
vt 0.557231 1.097597
vt 0.541302 1.103032
vt 0.540907 0.948226
vt 0.540653 0.826234
vt 0.561345 1.597893
vt 0.559339 1.419006
vt 0.563514 1.770115
vt 0.550695 1.799899
vt 0.546918 1.602238
vt 0.544084 1.424928
vt 0.395225 0.651326
vt 0.377079 0.652119
vt 0.376291 0.618591
vt 0.394276 0.618177
vt 0.358823 0.652767
vt 0.358248 0.618929
vt 0.357823 0.543305
vt 0.375708 0.543197
vt 0.393575 0.543064
vt 0.340446 0.653233
vt 0.340142 0.619171
vt 0.339917 0.543384
vt 0.557966 1.254375
vt 0.542258 1.261043
vt 0.572589 1.942389
vt 0.565253 1.891061
vt 0.568474 2.098885
vt 0.559584 1.949393
vt 0.248775 0.651326
vt 0.230720 0.650421
vt 0.231786 0.617705
vt 0.249723 0.618177
vt 0.232573 0.542916
vt 0.250425 0.543064
vt 0.502107 0.645516
vt 0.484534 0.646420
vt 0.483464 0.615621
vt 0.501152 0.615150
vt 0.466869 0.647400
vt 0.465729 0.616133
vt 0.464887 0.542410
vt 0.482674 0.542248
vt 0.500446 0.542097
vt 0.106983 0.644071
vt 0.089591 0.643591
vt 0.090004 0.614147
vt 0.107597 0.614400
vt 0.090309 0.541776
vt 0.108051 0.541857
vt 0.526406 1.269792
vt 0.525252 1.110353
vt 0.528636 1.431006
vt 0.512757 1.439553
vt 0.510190 1.280589
vt 0.508875 1.119267
vt 0.545479 1.964822
vt 0.537670 1.888227
vt 0.535702 1.759390
vt 0.540264 2.129737
vt 0.531358 1.935725
vt 0.522452 1.741711
vt 0.124403 0.644723
vt 0.125204 0.614739
vt 0.125796 0.541965
vt 0.449105 0.648422
vt 0.447943 0.616666
vt 0.431241 0.649440
vt 0.430104 0.617197
vt 0.429264 0.542751
vt 0.447083 0.542579
vt 0.524739 0.953339
vt 0.524369 0.829541
vt 0.508268 0.959563
vt 0.507808 0.833573
vt 0.532102 1.597440
vt 0.516866 1.596800
vt 0.554409 0.643591
vt 0.553996 0.614147
vt 0.537016 0.644071
vt 0.536403 0.614400
vt 0.535949 0.541857
vt 0.553691 0.541776
vt 0.493550 1.293346
vt 0.492115 1.129443
vt 0.496371 1.452802
vt 0.515552 1.955879
vt 0.507103 1.897194
vt 0.505230 1.760970
vt 0.508653 2.170049
vt 0.499747 1.976035
vt 0.413279 0.650421
vt 0.412214 0.617705
vt 0.411427 0.542916
vt 0.519597 0.644723
vt 0.518796 0.614739
vt 0.518203 0.541965
vt 0.491443 0.966668
vt 0.490920 0.838167
vt 0.500814 1.608336
vt 0.266920 0.652119
vt 0.267709 0.618591
vt 0.268292 0.543197
vt 0.464491 -0.565062
vt 0.464491 -0.370151
vt 0.446679 -0.369251
vt 0.446679 -0.550688
vt 0.464491 -0.177035
vt 0.446679 -0.177035
vt 0.428868 -0.177035
vt 0.428868 -0.370151
vt 0.428868 -0.565062
vt 0.464491 0.210993
vt 0.464540 0.397931
vt 0.446730 0.397949
vt 0.446679 0.210993
vt 0.428918 0.397971
vt 0.428868 0.210993
vt 0.446679 -0.953087
vt 0.455585 -0.759075
vt 0.446679 -0.691710
vt 0.437774 -0.759075
vt 0.464491 0.016979
vt 0.446679 0.016979
vt 0.428868 0.016979
vt 0.411056 -0.953087
vt 0.419962 -0.759075
vt 0.411056 -0.691710
vt 0.402151 -0.759075
vt 0.411056 -0.550688
vt 0.393245 -0.565062
vt 0.411056 0.016979
vt 0.411056 -0.177035
vt 0.411056 0.210993
vt 0.393245 0.210993
vt 0.393245 0.016979
vt 0.393245 -0.177035
vt 0.411056 -0.369251
vt 0.393245 -0.370151
vt 0.411103 0.397992
vt 0.393286 0.398011
vt 0.375434 0.016979
vt 0.375434 -0.177035
vt 0.375434 0.210993
vt 0.357623 0.210993
vt 0.357623 0.016979
vt 0.357623 -0.177035
vt 0.375434 -0.369251
vt 0.375434 -0.550688
vt 0.357623 -0.370151
vt 0.357623 -0.565062
vt 0.375468 0.398026
vt 0.357648 0.398041
vt 0.375434 -0.953087
vt 0.384340 -0.759075
vt 0.375434 -0.691710
vt 0.366528 -0.759075
vt 0.339811 -0.369251
vt 0.339811 -0.550688
vt 0.339811 -0.177035
vt 0.322000 -0.177035
vt 0.322000 -0.370151
vt 0.322000 -0.565062
vt 0.339824 0.398051
vt 0.339811 0.210993
vt 0.322000 0.398053
vt 0.322000 0.210993
vt 0.339811 -0.953087
vt 0.348717 -0.759075
vt 0.339811 -0.691710
vt 0.330906 -0.759075
vt 0.339811 0.016979
vt 0.322000 0.016979
vt 0.304175 0.398051
vt 0.304189 0.210993
vt 0.286352 0.398041
vt 0.286377 0.210993
vt 0.304189 -0.953087
vt 0.313094 -0.759075
vt 0.304189 -0.691710
vt 0.295283 -0.759075
vt 0.304189 -0.550688
vt 0.286377 -0.565062
vt 0.304189 0.016979
vt 0.304189 -0.177035
vt 0.286377 0.016979
vt 0.286377 -0.177035
vt 0.304189 -0.369251
vt 0.286377 -0.370151
vt 0.268566 -0.953087
vt 0.277472 -0.759075
vt 0.268566 -0.691710
vt 0.259660 -0.759075
vt 0.268566 -0.550688
vt 0.250755 -0.565062
vt 0.268566 0.016979
vt 0.268566 -0.177035
vt 0.268566 0.210993
vt 0.250755 0.210993
vt 0.250755 0.016979
vt 0.250755 -0.177035
vt 0.268566 -0.369251
vt 0.250755 -0.370151
vt 0.268532 0.398026
vt 0.250713 0.398011
vt 0.232943 -0.369251
vt 0.232943 -0.550688
vt 0.232943 -0.177035
vt 0.215132 -0.177035
vt 0.215132 -0.370151
vt 0.215132 -0.565062
vt 0.232897 0.397992
vt 0.232943 0.210993
vt 0.215082 0.397971
vt 0.215132 0.210993
vt 0.232943 -0.953087
vt 0.241849 -0.759075
vt 0.232943 -0.691710
vt 0.224038 -0.759075
vt 0.232943 0.016979
vt 0.215132 0.016979
vt 0.197321 -0.369251
vt 0.197321 -0.550688
vt 0.197321 -0.177035
vt 0.179509 -0.177035
vt 0.179509 -0.370151
vt 0.179509 -0.565062
vt 0.197270 0.397949
vt 0.197321 0.210993
vt 0.179460 0.397931
vt 0.179509 0.210993
vt 0.197321 -0.953087
vt 0.206226 -0.759075
vt 0.197321 -0.691710
vt 0.188415 -0.759075
vt 0.197321 0.016979
vt 0.179509 0.016979
vt 0.161698 -0.953087
vt 0.170604 -0.759075
vt 0.161698 -0.691710
vt 0.152792 -0.759075
vt 0.161698 -0.550688
vt 0.143887 -0.565062
vt 0.161698 0.016979
vt 0.161698 -0.177035
vt 0.161698 0.210993
vt 0.143887 0.210993
vt 0.143887 0.016979
vt 0.143887 -0.177035
vt 0.161698 -0.369251
vt 0.143887 -0.370151
vt 0.161651 0.397908
vt 0.143845 0.397890
vt 0.126075 -0.953087
vt 0.134981 -0.759075
vt 0.126075 -0.691710
vt 0.117170 -0.759075
vt 0.126075 -0.550688
vt 0.108264 -0.565062
vt 0.126075 0.016979
vt 0.126075 -0.177035
vt 0.126075 0.210993
vt 0.108264 0.210993
vt 0.108264 0.016979
vt 0.108264 -0.177035
vt 0.126075 -0.369251
vt 0.108264 -0.370151
vt 0.126040 0.397873
vt 0.108237 0.397859
vt 0.090452 -0.369251
vt 0.090452 -0.550688
vt 0.090452 -0.177035
vt 0.072641 -0.177035
vt 0.072641 -0.370151
vt 0.072641 -0.565062
vt 0.090434 0.397850
vt 0.090452 0.210993
vt 0.072629 0.397844
vt 0.072641 0.210993
vt 0.090452 -0.953087
vt 0.099358 -0.759075
vt 0.090452 -0.691710
vt 0.081547 -0.759075
vt 0.090452 0.016979
vt 0.072641 0.016979
vt 0.054830 -0.369251
vt 0.054830 -0.550688
vt 0.054830 -0.177035
vt 0.037018 -0.177035
vt 0.037018 -0.371048
vt 0.037018 -0.565062
vt 0.054821 0.399034
vt 0.054830 0.210993
vt 0.037018 0.405004
vt 0.037018 0.210993
vt 0.054830 -0.953087
vt 0.063735 -0.759075
vt 0.054830 -0.691710
vt 0.045924 -0.759075
vt 0.054830 0.016979
vt 0.037018 0.016979
vt 0.589170 -0.953087
vt 0.598076 -0.759075
vt 0.589170 -0.691710
vt 0.580264 -0.759075
vt 0.606982 -0.565062
vt 0.589170 -0.550688
vt 0.571359 -0.565062
vt 0.606982 -0.177035
vt 0.606982 0.016979
vt 0.589170 0.016979
vt 0.589170 -0.177035
vt 0.606982 0.210993
vt 0.589170 0.210993
vt 0.571359 0.210993
vt 0.571359 0.016979
vt 0.571359 -0.177035
vt 0.606982 -0.371048
vt 0.589170 -0.369251
vt 0.571359 -0.370151
vt 0.606982 0.405004
vt 0.589179 0.399034
vt 0.571371 0.397844
vt 0.553548 0.016979
vt 0.553548 -0.177035
vt 0.553548 0.210993
vt 0.535736 0.210993
vt 0.535736 0.016979
vt 0.535736 -0.177035
vt 0.553548 -0.369251
vt 0.553548 -0.550688
vt 0.535736 -0.370151
vt 0.535736 -0.565062
vt 0.553565 0.397850
vt 0.535763 0.397859
vt 0.553548 -0.953087
vt 0.562453 -0.759075
vt 0.553548 -0.691710
vt 0.544642 -0.759075
vt 0.517925 -0.369251
vt 0.517925 -0.550688
vt 0.517925 -0.177035
vt 0.500113 -0.177035
vt 0.500113 -0.370151
vt 0.500113 -0.565062
vt 0.517959 0.397873
vt 0.517925 0.210993
vt 0.500155 0.397890
vt 0.500113 0.210993
vt 0.517925 -0.953087
vt 0.526830 -0.759075
vt 0.517925 -0.691710
vt 0.509019 -0.759075
vt 0.517925 0.016979
vt 0.500113 0.016979
vt 0.482349 0.397908
vt 0.482302 0.210993
vt 0.482302 -0.953087
vt 0.491208 -0.759075
vt 0.482302 -0.691710
vt 0.473396 -0.759075
vt 0.482302 -0.550688
vt 0.482302 0.016979
vt 0.482302 -0.177035
vt 0.482302 -0.369251
vt 0.262850 0.791833
vt 0.282211 0.794199
vt 0.243872 0.788953
vt 0.244817 0.755940
vt 0.263629 0.758317
vt 0.282774 0.760270
vt 0.264452 0.731767
vt 0.283375 0.733393
vt 0.245806 0.729788
vt 0.246796 0.703632
vt 0.265275 0.705218
vt 0.283975 0.706520
vt 0.266097 0.678669
vt 0.284576 0.679644
vt 0.247786 0.677480
vt 0.523747 0.764950
vt 0.540192 0.762584
vt 0.507056 0.767830
vt 0.506095 0.738512
vt 0.522941 0.736133
vt 0.539578 0.734184
vt 0.522105 0.713280
vt 0.538937 0.711654
vt 0.505098 0.715260
vt 0.504101 0.692014
vt 0.521269 0.690428
vt 0.538297 0.689127
vt 0.520433 0.667577
vt 0.537657 0.666600
vt 0.503104 0.668762
vt 0.418791 0.785664
vt 0.437131 0.782100
vt 0.400128 0.788953
vt 0.399183 0.755940
vt 0.417725 0.753228
vt 0.435988 0.750286
vt 0.416613 0.727526
vt 0.434802 0.725074
vt 0.398194 0.729786
vt 0.397204 0.703632
vt 0.415502 0.701825
vt 0.433615 0.699864
vt 0.414391 0.676123
vt 0.432429 0.674652
vt 0.396214 0.677480
vt 0.556541 0.760827
vt 0.573352 0.759749
vt 0.556130 0.732735
vt 0.573078 0.731840
vt 0.555700 0.710447
vt 0.572792 0.709704
vt 0.555269 0.688162
vt 0.572505 0.687565
vt 0.554839 0.665876
vt 0.572218 0.665429
vt 0.455126 0.778391
vt 0.472772 0.774682
vt 0.453956 0.747224
vt 0.471624 0.744164
vt 0.452743 0.722525
vt 0.470435 0.719973
vt 0.451530 0.697820
vt 0.469246 0.695781
vt 0.450318 0.673121
vt 0.468057 0.671592
vt 0.120253 0.764950
vt 0.136944 0.767830
vt 0.103808 0.762584
vt 0.104422 0.734180
vt 0.121058 0.736133
vt 0.137905 0.738512
vt 0.121894 0.713280
vt 0.138902 0.715260
vt 0.105063 0.711654
vt 0.105703 0.689127
vt 0.122731 0.690428
vt 0.139899 0.692014
vt 0.123567 0.667577
vt 0.140896 0.668762
vt 0.106343 0.666600
vt 0.087458 0.760827
vt 0.070648 0.759749
vt 0.070921 0.731840
vt 0.087869 0.732735
vt 0.088300 0.710447
vt 0.071208 0.709704
vt 0.071495 0.687565
vt 0.088730 0.688162
vt 0.089161 0.665876
vt 0.071781 0.665429
vt 0.490075 0.771119
vt 0.488997 0.741224
vt 0.487881 0.717520
vt 0.486765 0.693820
vt 0.485649 0.670120
vt 0.225209 0.785664
vt 0.206868 0.782100
vt 0.208011 0.750286
vt 0.226275 0.753228
vt 0.227387 0.727526
vt 0.209198 0.725074
vt 0.210385 0.699864
vt 0.228498 0.701825
vt 0.229609 0.676123
vt 0.211572 0.674652
vt 0.342012 0.795893
vt 0.361788 0.794199
vt 0.322000 0.796551
vt 0.322000 0.762210
vt 0.341716 0.761669
vt 0.361225 0.760270
vt 0.341398 0.734560
vt 0.360625 0.733393
vt 0.322000 0.735013
vt 0.322000 0.707815
vt 0.341080 0.707450
vt 0.360024 0.706520
vt 0.340763 0.680343
vt 0.359424 0.679644
vt 0.322000 0.680615
vt 0.381150 0.791833
vt 0.380371 0.758317
vt 0.379548 0.731767
vt 0.378725 0.705218
vt 0.377903 0.678669
vt 0.188874 0.778391
vt 0.171228 0.774682
vt 0.172376 0.744164
vt 0.190044 0.747224
vt 0.191257 0.722525
vt 0.173565 0.719973
vt 0.174754 0.695781
vt 0.192469 0.697820
vt 0.193682 0.673121
vt 0.175942 0.671592
vt 0.591079 0.758364
vt 0.609363 0.753512
vt 0.590811 0.731489
vt 0.609023 0.731441
vt 0.590537 0.709413
vt 0.608683 0.709369
vt 0.590264 0.687334
vt 0.608342 0.687297
vt 0.589990 0.665255
vt 0.608002 0.665230
vt 0.052920 0.758364
vt 0.034637 0.753512
vt 0.034977 0.731441
vt 0.053189 0.731489
vt 0.053462 0.709409
vt 0.035317 0.709369
vt 0.035657 0.687297
vt 0.053736 0.687334
vt 0.054010 0.665255
vt 0.035998 0.665228
vt 0.153925 0.771119
vt 0.155003 0.741222
vt 0.156118 0.717520
vt 0.157234 0.693820
vt 0.158350 0.670120
vt 0.301988 0.795893
vt 0.302284 0.761666
vt 0.302602 0.734560
vt 0.302919 0.707450
vt 0.303237 0.680343
vt 0.457278 1.151961
vt 0.458789 1.322141
vt 0.473672 0.843155
vt 0.362548 1.384790
vt 0.322000 1.394119
vt 0.185210 1.322141
vt 0.131242 1.439551
vt 0.082655 1.597898
vt 0.573642 0.942089
vt 0.592657 1.411268
vt 0.575286 1.414388
vt 0.540907 0.948226
vt 0.340446 0.653235
vt 0.507808 0.833568
vt 0.537017 0.644071
vt 0.265275 0.705216
vt 0.245806 0.729786
vt 0.520433 0.667575
vt 0.556541 0.760827
vt 0.572219 0.665429
vt 0.105062 0.711654
vt 0.211571 0.674652
vt 0.188874 0.778391
s 1
usemtl Glass
f 5523/3520/5521 5878/3521/5522 6613/3522/5523 5884/3523/5524
f 5878/3521/5522 5522/3524/5525 5885/3525/5526 6613/3522/5523
f 6613/3522/5523 5885/3525/5526 5526/3526/5527 5881/3527/5528
f 5884/3523/5524 6613/3522/5523 5881/3527/5528 5527/3528/5529
f 5521/3529/5530 5986/3530/5531 6614/3531/5532 5886/3532/5533
f 5557/3533/5534 5987/3534/5535 6614/3531/5532 5986/3530/5531
f 5525/3535/5536 5886/3532/5533 6614/3531/5532 5987/3534/5535
f 5524/3536/5537 5879/3537/5538 6615/3538/5539 5883/3539/5540
f 5879/3537/5538 5523/3520/5521 5884/3523/5524 6615/3538/5539
f 6615/3538/5539 5884/3523/5524 5527/3528/5529 5882/3540/5541
f 5883/3539/5540 6615/3538/5539 5882/3540/5541 5528/3541/5542
f 5522/3524/5525 5877/3542/5543 6616/3543/5544 5885/3525/5526
f 5877/3542/5543 5521/3529/5530 5886/3532/5533 6616/3543/5544
f 6616/3543/5544 5886/3532/5533 5525/3535/5536 5880/3544/5545
f 5885/3525/5526 6616/3543/5544 5880/3544/5545 5526/3526/5527
f 5525/3535/5536 5987/3545/5535 6617/3546/5546 5890/3547/5547
f 5557/3548/5534 5989/3549/5548 6617/3546/5546 5987/3545/5535
f 5529/3550/5549 5890/3547/5547 6617/3546/5546 5989/3549/5548
f 5528/3541/5542 5882/3540/5541 6618/3551/5550 5891/3552/5551
f 5882/3540/5541 5527/3528/5529 5892/3553/5552 6618/3551/5550
f 6618/3551/5550 5892/3553/5552 5531/3554/5553 5889/3555/5554
f 5891/3552/5551 6618/3551/5550 5889/3555/5554 5532/3556/5555
f 5526/3526/5527 5880/3544/5545 6619/3557/5556 5893/3558/5557
f 5880/3544/5545 5525/3535/5536 5890/3547/5547 6619/3557/5556
f 6619/3557/5556 5890/3547/5547 5529/3550/5549 5887/3559/5558
f 5893/3558/5557 6619/3557/5556 5887/3559/5558 5530/3560/5559
f 5527/3528/5529 5881/3527/5528 6620/3561/5560 5892/3553/5552
f 5881/3527/5528 5526/3526/5527 5893/3558/5557 6620/3561/5560
f 6620/3561/5560 5893/3558/5557 5530/3560/5559 5888/3562/5561
f 5892/3553/5552 6620/3561/5560 5888/3562/5561 5531/3554/5553
f 5532/3556/5555 5889/3555/5554 6621/3563/5562 5897/3564/5563
f 5889/3555/5554 5531/3554/5553 5898/3565/5564 6621/3563/5562
f 6621/3563/5562 5898/3565/5564 5535/3566/5565 5896/3567/5566
f 5897/3564/5563 6621/3563/5562 5896/3567/5566 5536/3568/5567
f 5530/3560/5559 5887/3559/5558 6622/3569/5568 5899/3570/5569
f 5887/3559/5558 5529/3550/5549 5900/3571/5570 6622/3569/5568
f 6622/3569/5568 5900/3571/5570 5533/3572/5571 5894/3573/5572
f 5899/3570/5569 6622/3569/5568 5894/3573/5572 5534/3574/5573
f 5531/3554/5553 5888/3562/5561 6623/3575/5574 5898/3565/5564
f 5888/3562/5561 5530/3560/5559 5899/3570/5569 6623/3575/5574
f 6623/3575/5574 5899/3570/5569 5534/3574/5573 5895/3576/5575
f 5898/3565/5564 6623/3575/5574 5895/3576/5575 5535/3566/5565
f 5529/3550/5549 5989/3577/5548 6624/3578/5576 5900/3571/5570
f 5557/3579/5534 5991/3580/5577 6624/3578/5576 5989/3577/5548
f 5533/3572/5571 5900/3571/5570 6624/3578/5576 5991/3580/5577
f 5535/3566/5565 5895/3576/5575 6625/3581/5578 5905/3582/5579
f 5895/3576/5575 5534/3574/5573 5906/3583/5580 6625/3581/5578
f 6625/3581/5578 5906/3583/5580 5538/3584/5581 5902/3585/5582
f 5905/3582/5579 6625/3581/5578 5902/3585/5582 5539/3586/5583
f 5533/3572/5571 5991/3587/5577 6626/3588/5584 5907/3589/5585
f 5557/3590/5534 5993/3591/5586 6626/3588/5584 5991/3587/5577
f 5537/3592/5587 5907/3589/5585 6626/3588/5584 5993/3591/5586
f 5536/3568/5567 5896/3567/5566 6627/3593/5588 5904/3594/5589
f 5896/3567/5566 5535/3566/5565 5905/3582/5579 6627/3593/5588
f 6627/3593/5588 5905/3582/5579 5539/3586/5583 5903/3595/5590
f 5904/3594/5589 6627/3593/5588 5903/3595/5590 5540/3596/5591
f 5534/3574/5573 5894/3573/5572 6628/3597/5592 5906/3583/5580
f 5894/3573/5572 5533/3572/5571 5907/3589/5585 6628/3597/5592
f 6628/3597/5592 5907/3589/5585 5537/3592/5587 5901/3598/5593
f 5906/3583/5580 6628/3597/5592 5901/3598/5593 5538/3584/5581
f 5539/3586/5583 5902/3585/5582 6629/3599/5594 5912/3600/5595
f 5902/3585/5582 5538/3584/5581 5913/3601/5596 6629/3599/5594
f 6629/3599/5594 5913/3601/5596 5542/3602/5597 5909/3603/5598
f 5912/3600/5595 6629/3599/5594 5909/3603/5598 5543/3604/5599
f 5537/3592/5587 5993/3605/5586 6630/3606/5600 5914/3607/5601
f 5557/3608/5534 5995/3609/5602 6630/3606/5600 5993/3605/5586
f 5541/3610/5603 5914/3607/5601 6630/3606/5600 5995/3609/5602
f 5540/3596/5591 5903/3595/5590 6631/3611/5604 5911/3612/5605
f 5903/3595/5590 5539/3586/5583 5912/3600/5595 6631/3611/5604
f 6631/3611/5604 5912/3600/5595 5543/3604/5599 5910/3613/5606
f 5911/3612/5605 6631/3611/5604 5910/3613/5606 5544/3614/5607
f 5538/3584/5581 5901/3598/5593 6632/3615/5608 5913/3601/5596
f 5901/3598/5593 5537/3592/5587 5914/3607/5601 6632/3615/5608
f 6632/3615/5608 5914/3607/5601 5541/3610/5603 5908/3616/5609
f 5913/3601/5596 6632/3615/5608 5908/3616/5609 5542/3602/5597
f 5544/3614/5607 5910/3613/5606 6633/3617/5610 5918/3618/5611
f 5910/3613/5606 5543/3604/5599 5919/3619/5612 6633/3617/5610
f 6633/3617/5610 5919/3619/5612 5547/3620/5613 5917/3621/5614
f 5918/3618/5611 6633/3617/5610 5917/3621/5614 5548/3622/5615
f 5542/3602/5597 5908/3616/5609 6634/3623/5616 5920/3624/5617
f 5908/3616/5609 5541/3610/5603 5921/3625/5618 6634/3623/5616
f 6634/3623/5616 5921/3625/5618 5545/3626/5619 5915/3627/5620
f 5920/3624/5617 6634/3623/5616 5915/3627/5620 5546/3628/5621
f 5543/3604/5599 5909/3603/5598 6635/3629/5622 5919/3619/5612
f 5909/3603/5598 5542/3602/5597 5920/3624/5617 6635/3629/5622
f 6635/3629/5622 5920/3624/5617 5546/3628/5621 5916/3630/5623
f 5919/3619/5612 6635/3629/5622 5916/3630/5623 5547/3620/5613
f 5541/3610/5603 5995/3631/5602 6636/3632/5624 5921/3625/5618
f 5557/3633/5534 5997/3634/5625 6636/3632/5624 5995/3631/5602
f 5545/3626/5619 5921/3625/5618 6636/3632/5624 5997/3634/5625
f 5548/3622/5615 5917/3621/5614 6637/3635/5626 5925/3636/5627
f 5917/3621/5614 5547/3620/5613 5926/3637/5628 6637/3635/5626
f 6637/3635/5626 5926/3637/5628 5551/3638/5629 5924/3639/5630
f 5925/3636/5627 6637/3635/5626 5924/3639/5630 5552/3640/5631
f 5546/3628/5621 5915/3627/5620 6638/3641/5632 5927/3642/5633
f 5915/3627/5620 5545/3626/5619 5928/3643/5634 6638/3641/5632
f 6638/3641/5632 5928/3643/5634 5549/3644/5635 5922/3645/5636
f 5927/3642/5633 6638/3641/5632 5922/3645/5636 5550/3646/5637
f 5547/3620/5613 5916/3630/5623 6639/3647/5638 5926/3637/5628
f 5916/3630/5623 5546/3628/5621 5927/3642/5633 6639/3647/5638
f 6639/3647/5638 5927/3642/5633 5550/3646/5637 5923/3648/5639
f 5926/3637/5628 6639/3647/5638 5923/3648/5639 5551/3638/5629
f 5545/3626/5619 5997/3649/5625 6640/3650/5640 5928/3643/5634
f 5557/3651/5534 5999/3652/5641 6640/3650/5640 5997/3649/5625
f 5549/3644/5635 5928/3643/5634 6640/3650/5640 5999/3652/5641
f 5551/3638/5629 5923/3648/5639 6641/3653/5642 5933/3654/5643
f 5923/3648/5639 5550/3646/5637 5934/3655/5644 6641/3653/5642
f 6641/3653/5642 5934/3655/5644 5554/3656/5645 5930/3657/5646
f 5933/3654/5643 6641/3653/5642 5930/3657/5646 5555/3658/5647
f 5549/3644/5635 5999/3659/5641 6642/3660/5648 5935/3661/5649
f 5557/3662/5534 6001/3663/5650 6642/3660/5648 5999/3659/5641
f 5553/3664/5651 5935/3661/5649 6642/3660/5648 6001/3663/5650
f 5552/3640/5631 5924/3639/5630 6643/3665/5652 5932/3666/5653
f 5924/3639/5630 5551/3638/5629 5933/3654/5643 6643/3665/5652
f 6643/3665/5652 5933/3654/5643 5555/3658/5647 5931/3667/5654
f 5932/3666/5653 6643/3665/5652 5931/3667/5654 5556/3668/5655
f 5550/3646/5637 5922/3645/5636 6644/3669/5656 5934/3655/5644
f 5922/3645/5636 5549/3644/5635 5935/3661/5649 6644/3669/5656
f 6644/3669/5656 5935/3661/5649 5553/3664/5651 5929/3670/5657
f 5934/3655/5644 6644/3669/5656 5929/3670/5657 5554/3656/5645
f 5555/3658/5647 5930/3657/5646 6645/3671/5658 5940/3672/5659
f 5930/3657/5646 5554/3656/5645 5941/3673/5660 6645/3671/5658
f 6645/3671/5658 5941/3673/5660 5559/3674/5661 5938/3675/5662
f 5940/3672/5659 6645/3671/5658 5938/3675/5662 5560/3676/5663
f 5553/3664/5651 6001/3677/5650 6646/3678/5664 5942/3679/5665
f 5557/3680/5534 5936/3681/5666 6646/3678/5664 6001/3677/5650
f 5558/3682/5667 5942/3679/5665 6646/3678/5664 5936/3681/5666
f 5556/3668/5655 5931/3667/5654 6647/3683/5668 5943/3684/5669
f 5931/3667/5654 5555/3658/5647 5940/3672/5659 6647/3683/5668
f 6647/3683/5668 5940/3672/5659 5560/3676/5663 5939/3685/5670
f 5943/3684/5669 6647/3683/5668 5939/3685/5670 5561/3686/5671
f 5554/3656/5645 5929/3670/5657 6648/3687/5672 5941/3673/5660
f 5929/3670/5657 5553/3664/5651 5942/3679/5665 6648/3687/5672
f 6648/3687/5672 5942/3679/5665 5558/3682/5667 5937/3688/5673
f 5941/3673/5660 6648/3687/5672 5937/3688/5673 5559/3674/5661
f 5561/3686/5671 5939/3685/5670 6649/3689/5674 5947/3690/5675
f 5939/3685/5670 5560/3676/5663 5948/3691/5676 6649/3689/5674
f 6649/3689/5674 5948/3691/5676 5564/3692/5677 5946/3693/5678
f 5947/3690/5675 6649/3689/5674 5946/3693/5678 5565/3694/5679
f 5559/3674/5661 5937/3688/5673 6650/3695/5680 5949/3696/5681
f 5937/3688/5673 5558/3682/5667 5950/3697/5682 6650/3695/5680
f 6650/3695/5680 5950/3697/5682 5562/3698/5683 5944/3699/5684
f 5949/3696/5681 6650/3695/5680 5944/3699/5684 5563/3700/5685
f 5560/3676/5663 5938/3675/5662 6651/3701/5686 5948/3691/5676
f 5938/3675/5662 5559/3674/5661 5949/3696/5681 6651/3701/5686
f 6651/3701/5686 5949/3696/5681 5563/3700/5685 5945/3702/5687
f 5948/3691/5676 6651/3701/5686 5945/3702/5687 5564/3692/5677
f 5558/3682/5667 5936/3703/5666 6652/3704/5688 5950/3697/5682
f 5557/3705/5534 6003/3706/5689 6652/3704/5688 5936/3703/5666
f 5562/3698/5683 5950/3697/5682 6652/3704/5688 6003/3706/5689
f 5563/3700/5685 5944/3699/5684 6653/3707/5690 5954/3708/5691
f 5944/3699/5684 5562/3698/5683 5955/3709/5692 6653/3707/5690
f 6653/3707/5690 5955/3709/5692 5566/3710/5693 5951/3711/5694
f 5954/3708/5691 6653/3707/5690 5951/3711/5694 5567/3712/5695
f 5564/3692/5677 5945/3702/5687 6654/3713/5696 5957/3714/5697
f 5945/3702/5687 5563/3700/5685 5954/3708/5691 6654/3713/5696
f 6654/3713/5696 5954/3708/5691 5567/3712/5695 5952/3715/5698
f 5957/3714/5697 6654/3713/5696 5952/3715/5698 5568/3716/5699
f 5562/3698/5683 6003/3717/5689 6655/3718/5700 5955/3709/5692
f 5557/3719/5534 6005/3720/5701 6655/3718/5700 6003/3717/5689
f 5566/3710/5693 5955/3709/5692 6655/3718/5700 6005/3720/5701
f 5565/3694/5679 5946/3693/5678 6656/3721/5702 5956/3722/5703
f 5946/3693/5678 5564/3692/5677 5957/3714/5697 6656/3721/5702
f 6656/3721/5702 5957/3714/5697 5568/3716/5699 5953/3723/5704
f 5956/3722/5703 6656/3721/5702 5953/3723/5704 5569/3724/5705
f 5568/3716/5699 5952/3715/5698 6657/3725/5706 5962/3726/5707
f 5952/3715/5698 5567/3712/5695 5963/3727/5708 6657/3725/5706
f 6657/3725/5706 5963/3727/5708 5571/3728/5709 5959/3729/5710
f 5962/3726/5707 6657/3725/5706 5959/3729/5710 5572/3730/5711
f 5566/3710/5693 6005/3731/5701 6658/3732/5712 5964/3733/5713
f 5557/3734/5534 6007/3735/5714 6658/3732/5712 6005/3731/5701
f 5570/3736/5715 5964/3733/5713 6658/3732/5712 6007/3735/5714
f 5569/3724/5705 5953/3723/5704 6659/3737/5716 5961/3738/5717
f 5953/3723/5704 5568/3716/5699 5962/3726/5707 6659/3737/5716
f 6659/3737/5716 5962/3726/5707 5572/3730/5711 5960/3739/5718
f 5961/3738/5717 6659/3737/5716 5960/3739/5718 5573/3740/5719
f 5567/3712/5695 5951/3711/5694 6660/3741/5720 5963/3727/5708
f 5951/3711/5694 5566/3710/5693 5964/3733/5713 6660/3741/5720
f 6660/3741/5720 5964/3733/5713 5570/3736/5715 5958/3742/5721
f 5963/3727/5708 6660/3741/5720 5958/3742/5721 5571/3728/5709
f 5570/3743/5715 6007/3744/5714 6661/3745/5722 5968/3746/5723
f 5557/3747/5534 6009/3748/5724 6661/3745/5722 6007/3744/5714
f 5574/3749/5725 5968/3746/5723 6661/3745/5722 6009/3748/5724
f 5662/3750/5726 6244/3751/5727 6662/3752/5728 5994/3753/5729
f 6244/3751/5727 5693/3754/5730 6191/3755/5731 6662/3752/5728
f 6662/3752/5728 6191/3755/5731 5605/3756/5732 6053/3757/5733
f 5994/3753/5729 6662/3752/5728 6053/3757/5733 5601/3758/5734
f 5656/3759/5735 6241/3760/5736 6663/3761/5737 5990/3762/5738
f 6241/3760/5736 5669/3763/5739 6167/3764/5740 6663/3761/5737
f 6663/3761/5737 6167/3764/5740 5622/3765/5741 6084/3766/5742
f 5990/3762/5738 6663/3761/5737 6084/3766/5742 5617/3767/5743
f 5573/3768/5719 5960/3769/5718 6664/3770/5744 5969/3771/5745
f 5960/3769/5718 5572/3772/5711 5970/3773/5746 6664/3770/5744
f 6664/3770/5744 5970/3773/5746 5576/3774/5747 5967/3775/5748
f 5969/3771/5745 6664/3770/5744 5967/3775/5748 5577/3776/5749
f 5571/3777/5709 5958/3778/5721 6665/3779/5750 5971/3780/5751
f 5958/3778/5721 5570/3743/5715 5968/3746/5723 6665/3779/5750
f 6665/3779/5750 5968/3746/5723 5574/3749/5725 5965/3781/5752
f 5971/3780/5751 6665/3779/5750 5965/3781/5752 5575/3782/5753
f 5668/3783/5754 6238/3784/5755 6666/3785/5756 5998/3786/5757
f 6238/3784/5755 5651/3787/5758 6149/3788/5759 6666/3785/5756
f 6666/3785/5756 6149/3788/5759 5634/3789/5760 6105/3790/5761
f 5998/3786/5757 6666/3785/5756 6105/3790/5761 5630/3791/5762
f 5651/3792/5758 6235/3793/5763 6667/3794/5764 6149/3795/5759
f 6235/3793/5763 5678/3796/5765 6176/3797/5766 6667/3794/5764
f 6667/3794/5764 6176/3797/5766 5638/3798/5767 6112/3799/5768
f 6149/3795/5759 6667/3794/5764 6112/3799/5768 5634/3800/5760
f 5572/3772/5711 5959/3801/5710 6668/3802/5769 5970/3773/5746
f 5959/3801/5710 5571/3777/5709 5971/3780/5751 6668/3802/5769
f 6668/3802/5769 5971/3780/5751 5575/3782/5753 5966/3803/5770
f 5970/3773/5746 6668/3802/5769 5966/3803/5770 5576/3774/5747
f 5665/3804/5771 6232/3805/5772 6669/3806/5773 5996/3807/5774
f 6232/3805/5772 5656/3759/5735 5990/3762/5738 6669/3806/5773
f 6669/3806/5773 5990/3762/5738 5617/3767/5743 6077/3808/5775
f 5996/3807/5774 6669/3806/5773 6077/3808/5775 5613/3809/5776
f 5577/3776/5749 5967/3775/5748 6670/3810/5777 5975/3811/5778
f 5967/3775/5748 5576/3774/5747 5976/3812/5779 6670/3810/5777
f 6670/3810/5777 5976/3812/5779 5580/3813/5780 5974/3814/5781
f 5975/3811/5778 6670/3810/5777 5974/3814/5781 5581/3815/5782
f 5575/3782/5753 5965/3781/5752 6671/3816/5783 5977/3817/5784
f 5965/3781/5752 5574/3749/5725 5978/3818/5785 6671/3816/5783
f 6671/3816/5783 5978/3818/5785 5578/3819/5786 5972/3820/5787
f 5977/3817/5784 6671/3816/5783 5972/3820/5787 5579/3821/5788
f 5686/3822/5789 6229/3823/5790 6672/3824/5791 6010/3825/5792
f 6229/3823/5790 5657/3826/5793 6155/3827/5794 6672/3824/5791
f 6672/3824/5791 6155/3827/5794 5597/3828/5795 6040/3829/5796
f 6010/3825/5792 6672/3824/5791 6040/3829/5796 5593/3830/5797
f 5657/3826/5793 6226/3831/5798 6673/3832/5799 6155/3827/5794
f 6226/3831/5798 5662/3750/5726 5994/3753/5729 6673/3832/5799
f 6673/3832/5799 5994/3753/5729 5601/3758/5734 6048/3833/5800
f 6155/3827/5794 6673/3832/5799 6048/3833/5800 5597/3828/5795
f 5576/3774/5747 5966/3803/5770 6674/3834/5801 5976/3812/5779
f 5966/3803/5770 5575/3782/5753 5977/3817/5784 6674/3834/5801
f 6674/3834/5801 5977/3817/5784 5579/3821/5788 5973/3835/5802
f 5976/3812/5779 6674/3834/5801 5973/3835/5802 5580/3813/5780
f 5574/3749/5725 6009/3836/5724 6675/3837/5803 5978/3818/5785
f 5557/3838/5534 6011/3839/5804 6675/3837/5803 6009/3836/5724
f 5578/3819/5786 5978/3818/5785 6675/3837/5803 6011/3839/5804
f 5698/3840/5805 6223/3841/5806 6676/3842/5807 6020/3843/5808
f 6223/3841/5806 5665/3804/5771 5996/3807/5774 6676/3842/5807
f 6676/3842/5807 5996/3807/5774 5613/3809/5776 6066/3844/5809
f 6020/3843/5808 6676/3842/5807 6066/3844/5809 5609/3845/5810
f 5692/3846/5811 6220/3847/5812 6677/3848/5813 6014/3849/5814
f 6220/3847/5812 5675/3850/5815 6173/3851/5816 6677/3848/5813
f 6677/3848/5813 6173/3851/5816 5586/3852/5817 6147/3853/5818
f 6014/3849/5814 6677/3848/5813 6147/3853/5818 5646/3854/5819
f 5674/3855/5820 6217/3856/5821 6678/3857/5822 6002/3858/5823
f 6217/3856/5821 5668/3783/5754 5998/3786/5757 6678/3857/5822
f 6678/3857/5822 5998/3786/5757 5630/3791/5762 6098/3859/5824
f 6002/3858/5823 6678/3857/5822 6098/3859/5824 5626/3860/5825
f 5580/3813/5780 5973/3835/5802 6679/3861/5826 5983/3862/5827
f 5973/3835/5802 5579/3821/5788 5984/3863/5828 6679/3861/5826
f 6679/3861/5826 5984/3863/5828 5583/3864/5829 5980/3865/5830
f 5983/3862/5827 6679/3861/5826 5980/3865/5830 5584/3866/5831
f 5578/3819/5786 6011/3867/5804 6680/3868/5832 5985/3869/5833
f 5557/3870/5534 6013/3871/5834 6680/3868/5832 6011/3867/5804
f 5582/3872/5835 5985/3869/5833 6680/3868/5832 6013/3871/5834
f 5669/3763/5739 6214/3873/5836 6681/3874/5837 6167/3764/5740
f 6214/3873/5836 5674/3855/5820 6002/3858/5823 6681/3874/5837
f 6681/3874/5837 6002/3858/5823 5626/3860/5825 6091/3875/5838
f 6167/3764/5740 6681/3874/5837 6091/3875/5838 5622/3765/5741
f 5675/3850/5815 6211/3876/5839 6682/3877/5840 6173/3851/5816
f 6211/3876/5839 5681/3878/5841 6179/3879/5842 6682/3877/5840
f 6682/3877/5840 6179/3879/5842 5589/3880/5843 6027/3881/5844
f 6173/3851/5816 6682/3877/5840 6027/3881/5844 5586/3852/5817
f 5581/3815/5782 5974/3814/5781 6683/3882/5845 5982/3883/5846
f 5974/3814/5781 5580/3813/5780 5983/3862/5827 6683/3882/5845
f 6683/3882/5845 5983/3862/5827 5584/3866/5831 5981/3884/5847
f 5982/3883/5846 6683/3882/5845 5981/3884/5847 5585/3885/5848
f 5579/3821/5788 5972/3820/5787 6684/3886/5849 5984/3863/5828
f 5972/3820/5787 5578/3819/5786 5985/3869/5833 6684/3886/5849
f 6684/3886/5849 5985/3869/5833 5582/3872/5835 5979/3887/5850
f 5984/3863/5828 6684/3886/5849 5979/3887/5850 5583/3864/5829
f 5678/3796/5765 6208/3888/5851 6685/3889/5852 6176/3797/5766
f 6208/3888/5851 5687/3890/5853 6185/3891/5854 6685/3889/5852
f 6685/3889/5852 6185/3891/5854 5642/3892/5855 6118/3893/5856
f 6176/3797/5766 6685/3889/5852 6118/3893/5856 5638/3798/5767
f 5584/3866/5831 5980/3865/5830 6686/3894/5857 6017/3895/5858
f 5980/3865/5830 5583/3864/5829 6018/3896/5859 6686/3894/5857
f 6686/3894/5857 6018/3896/5859 5522/3524/5525 5878/3521/5522
f 6017/3895/5858 6686/3894/5857 5878/3521/5522 5523/3520/5521
f 5582/3872/5835 6013/3897/5834 6687/3898/5860 6019/3899/5861
f 5557/3900/5534 5986/3901/5531 6687/3898/5860 6013/3897/5834
f 5521/3529/5530 6019/3899/5861 6687/3898/5860 5986/3901/5531
f 5681/3878/5841 6205/3902/5862 6688/3903/5863 6179/3879/5842
f 6205/3902/5862 5686/3822/5789 6010/3825/5792 6688/3903/5863
f 6688/3903/5863 6010/3825/5792 5593/3830/5797 6034/3904/5864
f 6179/3879/5842 6688/3903/5863 6034/3904/5864 5589/3880/5843
f 5687/3890/5853 6202/3905/5865 6689/3906/5866 6185/3891/5854
f 6202/3905/5865 5692/3846/5811 6014/3849/5814 6689/3906/5866
f 6689/3906/5866 6014/3849/5814 5646/3854/5819 6126/3907/5867
f 6185/3891/5854 6689/3906/5866 6126/3907/5867 5642/3892/5855
f 5585/3885/5848 5981/3884/5847 6690/3908/5868 6016/3909/5869
f 5981/3884/5847 5584/3866/5831 6017/3895/5858 6690/3908/5868
f 6690/3908/5868 6017/3895/5858 5523/3520/5521 5879/3537/5538
f 6016/3909/5869 6690/3908/5868 5879/3537/5538 5524/3536/5537
f 5583/3864/5829 5979/3887/5850 6691/3910/5870 6018/3896/5859
f 5979/3887/5850 5582/3872/5835 6019/3899/5861 6691/3910/5870
f 6691/3910/5870 6019/3899/5861 5521/3529/5530 5877/3542/5543
f 6018/3896/5859 6691/3910/5870 5877/3542/5543 5522/3524/5525
f 5693/3754/5730 6199/3911/5871 6692/3912/5872 6191/3755/5731
f 6199/3911/5871 5698/3840/5805 6020/3843/5808 6692/3912/5872
f 6692/3912/5872 6020/3843/5808 5609/3845/5810 6062/3913/5873
f 6191/3755/5731 6692/3912/5872 6062/3913/5873 5605/3756/5732
f 5588/3914/5874 6129/3915/5875 6693/3916/5876 6025/3917/5877
f 6129/3915/5875 5650/3918/5878 6132/3919/5879 6693/3916/5876
f 6693/3916/5876 6132/3919/5879 5591/3920/5880 6024/3921/5881
f 6025/3917/5877 6693/3916/5876 6024/3921/5881 5592/3922/5882
f 5587/3923/5883 6021/3924/5884 6694/3925/5885 6026/3926/5886
f 6021/3924/5884 5586/3852/5817 6027/3881/5844 6694/3925/5885
f 6694/3925/5885 6027/3881/5844 5589/3880/5843 6022/3927/5887
f 6026/3926/5886 6694/3925/5885 6022/3927/5887 5590/3928/5888
f 5621/3929/5889 6130/3930/5890 6695/3931/5891 6131/3932/5892
f 5588/3914/5874 6025/3917/5877 6695/3931/5891 6130/3930/5890
f 5592/3922/5882 6131/3932/5892 6695/3931/5891 6025/3917/5877
f 5650/3918/5878 6128/3933/5893 6696/3934/5894 6132/3919/5879
f 6128/3933/5893 5587/3923/5883 6026/3926/5886 6696/3934/5894
f 6696/3934/5894 6026/3926/5886 5590/3928/5888 6023/3935/5895
f 6132/3919/5879 6696/3934/5894 6023/3935/5895 5591/3920/5880
f 5621/3936/5889 6131/3937/5892 6697/3938/5896 6133/3939/5897
f 5592/3922/5882 6031/3940/5898 6697/3938/5896 6131/3937/5892
f 5596/3941/5899 6133/3939/5897 6697/3938/5896 6031/3940/5898
f 5591/3920/5880 6023/3935/5895 6698/3942/5900 6032/3943/5901
f 6023/3935/5895 5590/3928/5888 6033/3944/5902 6698/3942/5900
f 6698/3942/5900 6033/3944/5902 5594/3945/5903 6029/3946/5904
f 6032/3943/5901 6698/3942/5900 6029/3946/5904 5595/3947/5905
f 5592/3922/5882 6024/3921/5881 6699/3948/5906 6031/3940/5898
f 6024/3921/5881 5591/3920/5880 6032/3943/5901 6699/3948/5906
f 6699/3948/5906 6032/3943/5901 5595/3947/5905 6030/3949/5907
f 6031/3940/5898 6699/3948/5906 6030/3949/5907 5596/3941/5899
f 5590/3928/5888 6022/3927/5887 6700/3950/5908 6033/3944/5902
f 6022/3927/5887 5589/3880/5843 6034/3904/5864 6700/3950/5908
f 6700/3950/5908 6034/3904/5864 5593/3830/5797 6028/3951/5909
f 6033/3944/5902 6700/3950/5908 6028/3951/5909 5594/3945/5903
f 5595/3947/5905 6029/3946/5904 6701/3952/5910 6038/3953/5911
f 6029/3946/5904 5594/3945/5903 6039/3954/5912 6701/3952/5910
f 6701/3952/5910 6039/3954/5912 5598/3955/5913 6036/3956/5914
f 6038/3953/5911 6701/3952/5910 6036/3956/5914 5599/3957/5915
f 5596/3941/5899 6030/3949/5907 6702/3958/5916 6041/3959/5917
f 6030/3949/5907 5595/3947/5905 6038/3953/5911 6702/3958/5916
f 6702/3958/5916 6038/3953/5911 5599/3957/5915 6037/3960/5918
f 6041/3959/5917 6702/3958/5916 6037/3960/5918 5600/3961/5919
f 5594/3945/5903 6028/3951/5909 6703/3962/5920 6039/3954/5912
f 6028/3951/5909 5593/3830/5797 6040/3829/5796 6703/3962/5920
f 6703/3962/5920 6040/3829/5796 5597/3828/5795 6035/3963/5921
f 6039/3954/5912 6703/3962/5920 6035/3963/5921 5598/3955/5913
f 5621/3964/5889 6133/3965/5897 6704/3966/5922 6134/3967/5923
f 5596/3941/5899 6041/3959/5917 6704/3966/5922 6133/3965/5897
f 5600/3961/5919 6134/3967/5923 6704/3966/5922 6041/3959/5917
f 5600/3961/5919 6037/3960/5918 6705/3968/5924 6045/3969/5925
f 6037/3960/5918 5599/3957/5915 6046/3970/5926 6705/3968/5924
f 6705/3968/5924 6046/3970/5926 5603/3971/5927 6044/3972/5928
f 6045/3969/5925 6705/3968/5924 6044/3972/5928 5604/3973/5929
f 5598/3955/5913 6035/3963/5921 6706/3974/5930 6047/3975/5931
f 6035/3963/5921 5597/3828/5795 6048/3833/5800 6706/3974/5930
f 6706/3974/5930 6048/3833/5800 5601/3758/5734 6042/3976/5932
f 6047/3975/5931 6706/3974/5930 6042/3976/5932 5602/3977/5933
f 5621/3978/5889 6134/3979/5923 6707/3980/5934 6135/3981/5935
f 5600/3961/5919 6045/3969/5925 6707/3980/5934 6134/3979/5923
f 5604/3973/5929 6135/3981/5935 6707/3980/5934 6045/3969/5925
f 5599/3957/5915 6036/3956/5914 6708/3982/5936 6046/3970/5926
f 6036/3956/5914 5598/3955/5913 6047/3975/5931 6708/3982/5936
f 6708/3982/5936 6047/3975/5931 5602/3977/5933 6043/3983/5937
f 6046/3970/5926 6708/3982/5936 6043/3983/5937 5603/3971/5927
f 5602/3977/5933 6042/3976/5932 6709/3984/5938 6052/3985/5939
f 6042/3976/5932 5601/3758/5734 6053/3757/5733 6709/3984/5938
f 6709/3984/5938 6053/3757/5733 5605/3756/5732 6049/3986/5940
f 6052/3985/5939 6709/3984/5938 6049/3986/5940 5606/3987/5941
f 5621/3988/5889 6135/3989/5935 6710/3990/5942 6136/3991/5943
f 5604/3973/5929 6054/3992/5944 6710/3990/5942 6135/3989/5935
f 5608/3993/5945 6136/3991/5943 6710/3990/5942 6054/3992/5944
f 5603/3971/5927 6043/3983/5937 6711/3994/5946 6055/3995/5947
f 6043/3983/5937 5602/3977/5933 6052/3985/5939 6711/3994/5946
f 6711/3994/5946 6052/3985/5939 5606/3987/5941 6050/3996/5948
f 6055/3995/5947 6711/3994/5946 6050/3996/5948 5607/3997/5949
f 5604/3973/5929 6044/3972/5928 6712/3998/5950 6054/3992/5944
f 6044/3972/5928 5603/3971/5927 6055/3995/5947 6712/3998/5950
f 6712/3998/5950 6055/3995/5947 5607/3997/5949 6051/3999/5951
f 6054/3992/5944 6712/3998/5950 6051/3999/5951 5608/3993/5945
f 5621/4000/5889 6136/4001/5943 6713/4002/5952 6137/4003/5953
f 5608/3993/5945 6059/4004/5954 6713/4002/5952 6136/4001/5943
f 5612/4005/5955 6137/4003/5953 6713/4002/5952 6059/4004/5954
f 5607/3997/5949 6050/3996/5948 6714/4006/5956 6060/4007/5957
f 6050/3996/5948 5606/3987/5941 6061/4008/5958 6714/4006/5956
f 6714/4006/5956 6061/4008/5958 5610/4009/5959 6057/4010/5960
f 6060/4007/5957 6714/4006/5956 6057/4010/5960 5611/4011/5961
f 5608/3993/5945 6051/3999/5951 6715/4012/5962 6059/4004/5954
f 6051/3999/5951 5607/3997/5949 6060/4007/5957 6715/4012/5962
f 6715/4012/5962 6060/4007/5957 5611/4011/5961 6058/4013/5963
f 6059/4004/5954 6715/4012/5962 6058/4013/5963 5612/4005/5955
f 5606/3987/5941 6049/3986/5940 6716/4014/5964 6061/4008/5958
f 6049/3986/5940 5605/3756/5732 6062/3913/5873 6716/4014/5964
f 6716/4014/5964 6062/3913/5873 5609/3845/5810 6056/4015/5965
f 6061/4008/5958 6716/4014/5964 6056/4015/5965 5610/4009/5959
f 5612/4005/5955 6058/4013/5963 6717/4016/5966 6067/4017/5967
f 6058/4013/5963 5611/4011/5961 6068/4018/5968 6717/4016/5966
f 6717/4016/5966 6068/4018/5968 5615/4019/5969 6065/4020/5970
f 6067/4017/5967 6717/4016/5966 6065/4020/5970 5616/4021/5971
f 5610/4009/5959 6056/4015/5965 6718/4022/5972 6069/4023/5973
f 6056/4015/5965 5609/3845/5810 6066/3844/5809 6718/4022/5972
f 6718/4022/5972 6066/3844/5809 5613/3809/5776 6063/4024/5974
f 6069/4023/5973 6718/4022/5972 6063/4024/5974 5614/4025/5975
f 5621/4026/5889 6137/4027/5953 6719/4028/5976 6138/4029/5977
f 5612/4005/5955 6067/4017/5967 6719/4028/5976 6137/4027/5953
f 5616/4021/5971 6138/4029/5977 6719/4028/5976 6067/4017/5967
f 5611/4011/5961 6057/4010/5960 6720/4030/5978 6068/4018/5968
f 6057/4010/5960 5610/4009/5959 6069/4023/5973 6720/4030/5978
f 6720/4030/5978 6069/4023/5973 5614/4025/5975 6064/4031/5979
f 6068/4018/5968 6720/4030/5978 6064/4031/5979 5615/4019/5969
f 5616/4021/5971 6065/4020/5970 6721/4032/5980 6074/4033/5981
f 6065/4020/5970 5615/4019/5969 6075/4034/5982 6721/4032/5980
f 6721/4032/5980 6075/4034/5982 5619/4035/5983 6072/4036/5984
f 6074/4033/5981 6721/4032/5980 6072/4036/5984 5620/4037/5985
f 5614/4025/5975 6063/4024/5974 6722/4038/5986 6076/4039/5987
f 6063/4024/5974 5613/3809/5776 6077/3808/5775 6722/4038/5986
f 6722/4038/5986 6077/3808/5775 5617/3767/5743 6070/4040/5988
f 6076/4039/5987 6722/4038/5986 6070/4040/5988 5618/4041/5989
f 5621/4042/5889 6138/4043/5977 6723/4044/5990 6073/4045/5991
f 5616/4021/5971 6074/4033/5981 6723/4044/5990 6138/4043/5977
f 5620/4037/5985 6073/4045/5991 6723/4044/5990 6074/4033/5981
f 5615/4019/5969 6064/4031/5979 6724/4046/5992 6075/4034/5982
f 6064/4031/5979 5614/4025/5975 6076/4039/5987 6724/4046/5992
f 6724/4046/5992 6076/4039/5987 5618/4041/5989 6071/4047/5993
f 6075/4034/5982 6724/4046/5992 6071/4047/5993 5619/4035/5983
f 5621/4048/5889 6073/4049/5991 6725/4050/5994 6139/4051/5995
f 5620/4037/5985 6081/4052/5996 6725/4050/5994 6073/4049/5991
f 5625/4053/5997 6139/4051/5995 6725/4050/5994 6081/4052/5996
f 5619/4035/5983 6071/4047/5993 6726/4054/5998 6082/4055/5999
f 6071/4047/5993 5618/4041/5989 6083/4056/6000 6726/4054/5998
f 6726/4054/5998 6083/4056/6000 5623/4057/6001 6079/4058/6002
f 6082/4055/5999 6726/4054/5998 6079/4058/6002 5624/4059/6003
f 5620/4037/5985 6072/4036/5984 6727/4060/6004 6081/4052/5996
f 6072/4036/5984 5619/4035/5983 6082/4055/5999 6727/4060/6004
f 6727/4060/6004 6082/4055/5999 5624/4059/6003 6080/4061/6005
f 6081/4052/5996 6727/4060/6004 6080/4061/6005 5625/4053/5997
f 5618/4041/5989 6070/4040/5988 6728/4062/6006 6083/4056/6000
f 6070/4040/5988 5617/3767/5743 6084/3766/5742 6728/4062/6006
f 6728/4062/6006 6084/3766/5742 5622/3765/5741 6078/4063/6007
f 6083/4056/6000 6728/4062/6006 6078/4063/6007 5623/4057/6001
f 5621/4064/5889 6139/4065/5995 6729/4066/6008 6140/4067/6009
f 5625/4053/5997 6088/4068/6010 6729/4066/6008 6139/4065/5995
f 5629/4069/6011 6140/4067/6009 6729/4066/6008 6088/4068/6010
f 5624/4059/6003 6079/4058/6002 6730/4070/6012 6089/4071/6013
f 6079/4058/6002 5623/4057/6001 6090/4072/6014 6730/4070/6012
f 6730/4070/6012 6090/4072/6014 5627/4073/6015 6086/4074/6016
f 6089/4071/6013 6730/4070/6012 6086/4074/6016 5628/4075/6017
f 5625/4053/5997 6080/4061/6005 6731/4076/6018 6088/4068/6010
f 6080/4061/6005 5624/4059/6003 6089/4071/6013 6731/4076/6018
f 6731/4076/6018 6089/4071/6013 5628/4075/6017 6087/4077/6019
f 6088/4068/6010 6731/4076/6018 6087/4077/6019 5629/4069/6011
f 5623/4057/6001 6078/4063/6007 6732/4078/6020 6090/4072/6014
f 6078/4063/6007 5622/3765/5741 6091/3875/5838 6732/4078/6020
f 6732/4078/6020 6091/3875/5838 5626/3860/5825 6085/4079/6021
f 6090/4072/6014 6732/4078/6020 6085/4079/6021 5627/4073/6015
f 5629/4069/6011 6087/4077/6019 6733/4080/6022 6095/4081/6023
f 6087/4077/6019 5628/4075/6017 6096/4082/6024 6733/4080/6022
f 6733/4080/6022 6096/4082/6024 5632/4083/6025 6094/4084/6026
f 6095/4081/6023 6733/4080/6022 6094/4084/6026 5633/4085/6027
f 5627/4073/6015 6085/4079/6021 6734/4086/6028 6097/4087/6029
f 6085/4079/6021 5626/3860/5825 6098/3859/5824 6734/4086/6028
f 6734/4086/6028 6098/3859/5824 5630/3791/5762 6092/4088/6030
f 6097/4087/6029 6734/4086/6028 6092/4088/6030 5631/4089/6031
f 5621/4090/5889 6140/4091/6009 6735/4092/6032 6141/4093/6033
f 5629/4069/6011 6095/4081/6023 6735/4092/6032 6140/4091/6009
f 5633/4085/6027 6141/4093/6033 6735/4092/6032 6095/4081/6023
f 5628/4075/6017 6086/4074/6016 6736/4094/6034 6096/4082/6024
f 6086/4074/6016 5627/4073/6015 6097/4087/6029 6736/4094/6034
f 6736/4094/6034 6097/4087/6029 5631/4089/6031 6093/4095/6035
f 6096/4082/6024 6736/4094/6034 6093/4095/6035 5632/4083/6025
f 5633/4085/6027 6094/4084/6026 6737/4096/6036 6102/4097/6037
f 6094/4084/6026 5632/4083/6025 6103/4098/6038 6737/4096/6036
f 6737/4096/6036 6103/4098/6038 5636/4099/6039 6101/4100/6040
f 6102/4097/6037 6737/4096/6036 6101/4100/6040 5637/4101/6041
f 5631/4089/6031 6092/4088/6030 6738/4102/6042 6104/4103/6043
f 6092/4088/6030 5630/3791/5762 6105/3790/5761 6738/4102/6042
f 6738/4102/6042 6105/3790/5761 5634/3789/5760 6099/4104/6044
f 6104/4103/6043 6738/4102/6042 6099/4104/6044 5635/4105/6045
f 5621/4106/5889 6141/4107/6033 6739/4108/6046 6142/4109/6047
f 5633/4085/6027 6102/4097/6037 6739/4108/6046 6141/4107/6033
f 5637/4101/6041 6142/4109/6047 6739/4108/6046 6102/4097/6037
f 5632/4083/6025 6093/4095/6035 6740/4110/6048 6103/4098/6038
f 6093/4095/6035 5631/4089/6031 6104/4103/6043 6740/4110/6048
f 6740/4110/6048 6104/4103/6043 5635/4105/6045 6100/4111/6049
f 6103/4098/6038 6740/4110/6048 6100/4111/6049 5636/4099/6039
f 5621/4112/5889 6142/4113/6047 6741/4114/6050 6143/4115/6051
f 5637/4116/6041 6109/4117/6052 6741/4114/6050 6142/4113/6047
f 5641/4118/6053 6143/4115/6051 6741/4114/6050 6109/4117/6052
f 5636/4119/6039 6100/4120/6049 6742/4121/6054 6110/4122/6055
f 6100/4120/6049 5635/4123/6045 6111/4124/6056 6742/4121/6054
f 6742/4121/6054 6111/4124/6056 5639/4125/6057 6107/4126/6058
f 6110/4122/6055 6742/4121/6054 6107/4126/6058 5640/4127/6059
f 5637/4116/6041 6101/4128/6040 6743/4129/6060 6109/4117/6052
f 6101/4128/6040 5636/4119/6039 6110/4122/6055 6743/4129/6060
f 6743/4129/6060 6110/4122/6055 5640/4127/6059 6108/4130/6061
f 6109/4117/6052 6743/4129/6060 6108/4130/6061 5641/4118/6053
f 5635/4123/6045 6099/4131/6044 6744/4132/6062 6111/4124/6056
f 6099/4131/6044 5634/3800/5760 6112/3799/5768 6744/4132/6062
f 6744/4132/6062 6112/3799/5768 5638/3798/5767 6106/4133/6063
f 6111/4124/6056 6744/4132/6062 6106/4133/6063 5639/4125/6057
f 5640/4127/6059 6107/4126/6058 6745/4134/6064 6116/4135/6065
f 6107/4126/6058 5639/4125/6057 6117/4136/6066 6745/4134/6064
f 6745/4134/6064 6117/4136/6066 5643/4137/6067 6114/4138/6068
f 6116/4135/6065 6745/4134/6064 6114/4138/6068 5644/4139/6069
f 5641/4118/6053 6108/4130/6061 6746/4140/6070 6119/4141/6071
f 6108/4130/6061 5640/4127/6059 6116/4135/6065 6746/4140/6070
f 6746/4140/6070 6116/4135/6065 5644/4139/6069 6115/4142/6072
f 6119/4141/6071 6746/4140/6070 6115/4142/6072 5645/4143/6073
f 5639/4125/6057 6106/4133/6063 6747/4144/6074 6117/4136/6066
f 6106/4133/6063 5638/3798/5767 6118/3893/5856 6747/4144/6074
f 6747/4144/6074 6118/3893/5856 5642/3892/5855 6113/4145/6075
f 6117/4136/6066 6747/4144/6074 6113/4145/6075 5643/4137/6067
f 5621/4146/5889 6143/4147/6051 6748/4148/6076 6144/4149/6077
f 5641/4118/6053 6119/4141/6071 6748/4148/6076 6143/4147/6051
f 5645/4143/6073 6144/4149/6077 6748/4148/6076 6119/4141/6071
f 5645/4143/6073 6115/4142/6072 6749/4150/6078 6123/4151/6079
f 6115/4142/6072 5644/4139/6069 6124/4152/6080 6749/4150/6078
f 6749/4150/6078 6124/4152/6080 5648/4153/6081 6122/4154/6082
f 6123/4151/6079 6749/4150/6078 6122/4154/6082 5649/4155/6083
f 5643/4137/6067 6113/4145/6075 6750/4156/6084 6125/4157/6085
f 6113/4145/6075 5642/3892/5855 6126/3907/5867 6750/4156/6084
f 6750/4156/6084 6126/3907/5867 5646/3854/5819 6120/4158/6086
f 6125/4157/6085 6750/4156/6084 6120/4158/6086 5647/4159/6087
f 5621/4160/5889 6144/4161/6077 6751/4162/6088 6145/4163/6089
f 5645/4143/6073 6123/4151/6079 6751/4162/6088 6144/4161/6077
f 5649/4155/6083 6145/4163/6089 6751/4162/6088 6123/4151/6079
f 5644/4139/6069 6114/4138/6068 6752/4164/6090 6124/4152/6080
f 6114/4138/6068 5643/4137/6067 6125/4157/6085 6752/4164/6090
f 6752/4164/6090 6125/4157/6085 5647/4159/6087 6121/4165/6091
f 6124/4152/6080 6752/4164/6090 6121/4165/6091 5648/4153/6081
f 5647/4159/6087 6120/4158/6086 6753/4166/6092 6146/4167/6093
f 6120/4158/6086 5646/3854/5819 6147/3853/5818 6753/4166/6092
f 6753/4166/6092 6147/3853/5818 5586/3852/5817 6021/3924/5884
f 6146/4167/6093 6753/4166/6092 6021/3924/5884 5587/3923/5883
f 5621/4168/5889 6145/4169/6089 6754/4170/6094 6130/4171/5890
f 5649/4155/6083 6148/4172/6095 6754/4170/6094 6145/4169/6089
f 5588/3914/5874 6130/4171/5890 6754/4170/6094 6148/4172/6095
f 5648/4153/6081 6121/4165/6091 6755/4173/6096 6127/4174/6097
f 6121/4165/6091 5647/4159/6087 6146/4167/6093 6755/4173/6096
f 6755/4173/6096 6146/4167/6093 5587/3923/5883 6128/3933/5893
f 6127/4174/6097 6755/4173/6096 6128/3933/5893 5650/3918/5878
f 5649/4155/6083 6122/4154/6082 6756/4175/6098 6148/4172/6095
f 6122/4154/6082 5648/4153/6081 6127/4174/6097 6756/4175/6098
f 6756/4175/6098 6127/4174/6097 5650/3918/5878 6129/3915/5875
f 6148/4172/6095 6756/4175/6098 6129/3915/5875 5588/3914/5874
f 5544/3614/5607 5918/3618/5611 6757/4176/6099 6015/4177/6100
f 5918/3618/5611 5548/3622/5615 6194/4178/6101 6757/4176/6099
f 6757/4176/6099 6194/4178/6101 5696/4179/6102 6197/4180/6103
f 6015/4177/6100 6757/4176/6099 6197/4180/6103 5695/4181/6104
f 5695/4181/6104 6197/4180/6103 6758/4182/6105 6193/4183/6106
f 6197/4180/6103 5696/4179/6102 6195/4184/6107 6758/4182/6105
f 6758/4182/6105 6195/4184/6107 5697/4185/6108 6198/4186/6109
f 6193/4183/6106 6758/4182/6105 6198/4186/6109 5694/4187/6110
f 5694/4187/6110 6198/4186/6109 6759/4188/6111 6192/4189/6112
f 6198/4186/6109 5697/4185/6108 6196/4190/6113 6759/4188/6111
f 6759/4188/6111 6196/4190/6113 5698/3840/5805 6199/3911/5871
f 6192/4189/6112 6759/4188/6111 6199/3911/5871 5693/3754/5730
f 5581/3815/5782 5982/3883/5846 6760/4191/6114 6012/4192/6115
f 5982/3883/5846 5585/3885/5848 6188/4193/6116 6760/4191/6114
f 6760/4191/6114 6188/4193/6116 5690/4194/6117 6200/4195/6118
f 6012/4192/6115 6760/4191/6114 6200/4195/6118 5689/4196/6119
f 5689/4196/6119 6200/4195/6118 6761/4197/6120 6187/4198/6121
f 6200/4195/6118 5690/4194/6117 6189/4199/6122 6761/4197/6120
f 6761/4197/6120 6189/4199/6122 5691/4200/6123 6201/4201/6124
f 6187/4198/6121 6761/4197/6120 6201/4201/6124 5688/4202/6125
f 5688/4202/6125 6201/4201/6124 6762/4203/6126 6186/4204/6127
f 6201/4201/6124 5691/4200/6123 6190/4205/6128 6762/4203/6126
f 6762/4203/6126 6190/4205/6128 5692/3846/5811 6202/3905/5865
f 6186/4204/6127 6762/4203/6126 6202/3905/5865 5687/3890/5853
f 5528/3541/5542 5891/3552/5551 6763/4206/6129 6008/4207/6130
f 5891/3552/5551 5532/3556/5555 6182/4208/6131 6763/4206/6129
f 6763/4206/6129 6182/4208/6131 5684/4209/6132 6203/4210/6133
f 6008/4207/6130 6763/4206/6129 6203/4210/6133 5683/4211/6134
f 5683/4211/6134 6203/4210/6133 6764/4212/6135 6181/4213/6136
f 6203/4210/6133 5684/4209/6132 6183/4214/6137 6764/4212/6135
f 6764/4212/6135 6183/4214/6137 5685/4215/6138 6204/4216/6139
f 6181/4213/6136 6764/4212/6135 6204/4216/6139 5682/4217/6140
f 5682/4217/6140 6204/4216/6139 6765/4218/6141 6180/4219/6142
f 6204/4216/6139 5685/4215/6138 6184/4220/6143 6765/4218/6141
f 6765/4218/6141 6184/4220/6143 5686/3822/5789 6205/3902/5862
f 6180/4219/6142 6765/4218/6141 6205/3902/5862 5681/3878/5841
f 5577/3776/5749 5975/3811/5778 6766/4221/6144 6006/4222/6145
f 5975/3811/5778 5581/3815/5782 6012/4192/6115 6766/4221/6144
f 6766/4221/6144 6012/4192/6115 5689/4196/6119 6206/4223/6146
f 6006/4222/6145 6766/4221/6144 6206/4223/6146 5680/4224/6147
f 5680/4224/6147 6206/4223/6146 6767/4225/6148 6178/4226/6149
f 6206/4223/6146 5689/4196/6119 6187/4198/6121 6767/4225/6148
f 6767/4225/6148 6187/4198/6121 5688/4202/6125 6207/4227/6150
f 6178/4226/6149 6767/4225/6148 6207/4227/6150 5679/4228/6151
f 5679/4228/6151 6207/4227/6150 6768/4229/6152 6177/4230/6153
f 6207/4227/6150 5688/4202/6125 6186/4204/6127 6768/4229/6152
f 6768/4229/6152 6186/4204/6127 5687/3890/5853 6208/3888/5851
f 6177/4230/6153 6768/4229/6152 6208/3888/5851 5678/3796/5765
f 5524/3536/5537 5883/3539/5540 6769/4231/6154 6004/4232/6155
f 5883/3539/5540 5528/3541/5542 6008/4207/6130 6769/4231/6154
f 6769/4231/6154 6008/4207/6130 5683/4211/6134 6209/4233/6156
f 6004/4232/6155 6769/4231/6154 6209/4233/6156 5677/4234/6157
f 5677/4234/6157 6209/4233/6156 6770/4235/6158 6175/4236/6159
f 6209/4233/6156 5683/4211/6134 6181/4213/6136 6770/4235/6158
f 6770/4235/6158 6181/4213/6136 5682/4217/6140 6210/4237/6160
f 6175/4236/6159 6770/4235/6158 6210/4237/6160 5676/4238/6161
f 5676/4238/6161 6210/4237/6160 6771/4239/6162 6174/4240/6163
f 6210/4237/6160 5682/4217/6140 6180/4219/6142 6771/4239/6162
f 6771/4239/6162 6180/4219/6142 5681/3878/5841 6211/3876/5839
f 6174/4240/6163 6771/4239/6162 6211/3876/5839 5675/3850/5815
f 5561/3686/5671 5947/3690/5675 6772/4241/6164 6000/4242/6165
f 5947/3690/5675 5565/3694/5679 6170/4243/6166 6772/4241/6164
f 6772/4241/6164 6170/4243/6166 5672/4244/6167 6212/4245/6168
f 6000/4242/6165 6772/4241/6164 6212/4245/6168 5671/4246/6169
f 5671/4246/6169 6212/4245/6168 6773/4247/6170 6169/4248/6171
f 6212/4245/6168 5672/4244/6167 6171/4249/6172 6773/4247/6170
f 6773/4247/6170 6171/4249/6172 5673/4250/6173 6213/4251/6174
f 6169/4248/6171 6773/4247/6170 6213/4251/6174 5670/4252/6175
f 5670/4252/6175 6213/4251/6174 6774/4253/6176 6168/4254/6177
f 6213/4251/6174 5673/4250/6173 6172/4255/6178 6774/4253/6176
f 6774/4253/6176 6172/4255/6178 5674/3855/5820 6214/3873/5836
f 6168/4254/6177 6774/4253/6176 6214/3873/5836 5669/3763/5739
f 5565/3694/5679 5956/3722/5703 6775/4256/6179 6170/4243/6166
f 5956/3722/5703 5569/3724/5705 6164/4257/6180 6775/4256/6179
f 6775/4256/6179 6164/4257/6180 5666/4258/6181 6215/4259/6182
f 6170/4243/6166 6775/4256/6179 6215/4259/6182 5672/4244/6167
f 5672/4244/6167 6215/4259/6182 6776/4260/6183 6171/4249/6172
f 6215/4259/6182 5666/4258/6181 6165/4261/6184 6776/4260/6183
f 6776/4260/6183 6165/4261/6184 5667/4262/6185 6216/4263/6186
f 6171/4249/6172 6776/4260/6183 6216/4263/6186 5673/4250/6173
f 5673/4250/6173 6216/4263/6186 6777/4264/6187 6172/4255/6178
f 6216/4263/6186 5667/4262/6185 6166/4265/6188 6777/4264/6187
f 6777/4264/6187 6166/4265/6188 5668/3783/5754 6217/3856/5821
f 6172/4255/6178 6777/4264/6187 6217/3856/5821 5674/3855/5820
f 5585/3885/5848 6016/3909/5869 6778/4266/6189 6188/4193/6116
f 6016/3909/5869 5524/3536/5537 6004/4232/6155 6778/4266/6189
f 6778/4266/6189 6004/4232/6155 5677/4234/6157 6218/4267/6190
f 6188/4193/6116 6778/4266/6189 6218/4267/6190 5690/4194/6117
f 5690/4194/6117 6218/4267/6190 6779/4268/6191 6189/4199/6122
f 6218/4267/6190 5677/4234/6157 6175/4236/6159 6779/4268/6191
f 6779/4268/6191 6175/4236/6159 5676/4238/6161 6219/4269/6192
f 6189/4199/6122 6779/4268/6191 6219/4269/6192 5691/4200/6123
f 5691/4200/6123 6219/4269/6192 6780/4270/6193 6190/4205/6128
f 6219/4269/6192 5676/4238/6161 6174/4240/6163 6780/4270/6193
f 6780/4270/6193 6174/4240/6163 5675/3850/5815 6220/3847/5812
f 6190/4205/6128 6780/4270/6193 6220/3847/5812 5692/3846/5811
f 5548/3622/5615 5925/3636/5627 6781/4271/6194 6194/4178/6101
f 5925/3636/5627 5552/3640/5631 6161/4272/6195 6781/4271/6194
f 6781/4271/6194 6161/4272/6195 5663/4273/6196 6221/4274/6197
f 6194/4178/6101 6781/4271/6194 6221/4274/6197 5696/4179/6102
f 5696/4179/6102 6221/4274/6197 6782/4275/6198 6195/4184/6107
f 6221/4274/6197 5663/4273/6196 6162/4276/6199 6782/4275/6198
f 6782/4275/6198 6162/4276/6199 5664/4277/6200 6222/4278/6201
f 6195/4184/6107 6782/4275/6198 6222/4278/6201 5697/4185/6108
f 5697/4185/6108 6222/4278/6201 6783/4279/6202 6196/4190/6113
f 6222/4278/6201 5664/4277/6200 6163/4280/6203 6783/4279/6202
f 6783/4279/6202 6163/4280/6203 5665/3804/5771 6223/3841/5806
f 6196/4190/6113 6783/4279/6202 6223/3841/5806 5698/3840/5805
f 5536/3568/5567 5904/3594/5589 6784/4281/6204 5992/4282/6205
f 5904/3594/5589 5540/3596/5591 6158/4283/6206 6784/4281/6204
f 6784/4281/6204 6158/4283/6206 5660/4284/6207 6224/4285/6208
f 5992/4282/6205 6784/4281/6204 6224/4285/6208 5659/4286/6209
f 5659/4286/6209 6224/4285/6208 6785/4287/6210 6157/4288/6211
f 6224/4285/6208 5660/4284/6207 6159/4289/6212 6785/4287/6210
f 6785/4287/6210 6159/4289/6212 5661/4290/6213 6225/4291/6214
f 6157/4288/6211 6785/4287/6210 6225/4291/6214 5658/4292/6215
f 5658/4292/6215 6225/4291/6214 6786/4293/6216 6156/4294/6217
f 6225/4291/6214 5661/4290/6213 6160/4295/6218 6786/4293/6216
f 6786/4293/6216 6160/4295/6218 5662/3750/5726 6226/3831/5798
f 6156/4294/6217 6786/4293/6216 6226/3831/5798 5657/3826/5793
f 5532/3556/5555 5897/3564/5563 6787/4296/6219 6182/4208/6131
f 5897/3564/5563 5536/3568/5567 5992/4282/6205 6787/4296/6219
f 6787/4296/6219 5992/4282/6205 5659/4286/6209 6227/4297/6220
f 6182/4208/6131 6787/4296/6219 6227/4297/6220 5684/4209/6132
f 5684/4209/6132 6227/4297/6220 6788/4298/6221 6183/4214/6137
f 6227/4297/6220 5659/4286/6209 6157/4288/6211 6788/4298/6221
f 6788/4298/6221 6157/4288/6211 5658/4292/6215 6228/4299/6222
f 6183/4214/6137 6788/4298/6221 6228/4299/6222 5685/4215/6138
f 5685/4215/6138 6228/4299/6222 6789/4300/6223 6184/4220/6143
f 6228/4299/6222 5658/4292/6215 6156/4294/6217 6789/4300/6223
f 6789/4300/6223 6156/4294/6217 5657/3826/5793 6229/3823/5790
f 6184/4220/6143 6789/4300/6223 6229/3823/5790 5686/3822/5789
f 5552/3640/5631 5932/3666/5653 6790/4301/6224 6161/4272/6195
f 5932/3666/5653 5556/3668/5655 6152/4302/6225 6790/4301/6224
f 6790/4301/6224 6152/4302/6225 5654/4303/6226 6230/4304/6227
f 6161/4272/6195 6790/4301/6224 6230/4304/6227 5663/4273/6196
f 5663/4273/6196 6230/4304/6227 6791/4305/6228 6162/4276/6199
f 6230/4304/6227 5654/4303/6226 6153/4306/6229 6791/4305/6228
f 6791/4305/6228 6153/4306/6229 5655/4307/6230 6231/4308/6231
f 6162/4276/6199 6791/4305/6228 6231/4308/6231 5664/4277/6200
f 5664/4277/6200 6231/4308/6231 6792/4309/6232 6163/4280/6203
f 6231/4308/6231 5655/4307/6230 6154/4310/6233 6792/4309/6232
f 6792/4309/6232 6154/4310/6233 5656/3759/5735 6232/3805/5772
f 6163/4280/6203 6792/4309/6232 6232/3805/5772 5665/3804/5771
f 5573/3768/5719 5969/3771/5745 6793/4311/6234 5988/4312/6235
f 5969/3771/5745 5577/3776/5749 6006/4222/6145 6793/4311/6234
f 6793/4311/6234 6006/4222/6145 5680/4224/6147 6233/4313/6236
f 5988/4312/6235 6793/4311/6234 6233/4313/6236 5653/4314/6237
f 5653/4314/6237 6233/4313/6236 6794/4315/6238 6151/4316/6239
f 6233/4313/6236 5680/4224/6147 6178/4226/6149 6794/4315/6238
f 6794/4315/6238 6178/4226/6149 5679/4228/6151 6234/4317/6240
f 6151/4316/6239 6794/4315/6238 6234/4317/6240 5652/4318/6241
f 5652/4318/6241 6234/4317/6240 6795/4319/6242 6150/4320/6243
f 6234/4317/6240 5679/4228/6151 6177/4230/6153 6795/4319/6242
f 6795/4319/6242 6177/4230/6153 5678/3796/5765 6235/3793/5763
f 6150/4320/6243 6795/4319/6242 6235/3793/5763 5651/3792/5758
f 5569/3724/5705 5961/3738/5717 6796/4321/6244 6164/4257/6180
f 5961/3738/5717 5573/3740/5719 5988/4322/6235 6796/4321/6244
f 6796/4321/6244 5988/4322/6235 5653/4323/6237 6236/4324/6245
f 6164/4257/6180 6796/4321/6244 6236/4324/6245 5666/4258/6181
f 5666/4258/6181 6236/4324/6245 6797/4325/6246 6165/4261/6184
f 6236/4324/6245 5653/4323/6237 6151/4326/6239 6797/4325/6246
f 6797/4325/6246 6151/4326/6239 5652/4327/6241 6237/4328/6247
f 6165/4261/6184 6797/4325/6246 6237/4328/6247 5667/4262/6185
f 5667/4262/6185 6237/4328/6247 6798/4329/6248 6166/4265/6188
f 6237/4328/6247 5652/4327/6241 6150/4330/6243 6798/4329/6248
f 6798/4329/6248 6150/4330/6243 5651/3787/5758 6238/3784/5755
f 6166/4265/6188 6798/4329/6248 6238/3784/5755 5668/3783/5754
f 5556/3668/5655 5943/3684/5669 6799/4331/6249 6152/4302/6225
f 5943/3684/5669 5561/3686/5671 6000/4242/6165 6799/4331/6249
f 6799/4331/6249 6000/4242/6165 5671/4246/6169 6239/4332/6250
f 6152/4302/6225 6799/4331/6249 6239/4332/6250 5654/4303/6226
f 5654/4303/6226 6239/4332/6250 6800/4333/6251 6153/4306/6229
f 6239/4332/6250 5671/4246/6169 6169/4248/6171 6800/4333/6251
f 6800/4333/6251 6169/4248/6171 5670/4252/6175 6240/4334/6252
f 6153/4306/6229 6800/4333/6251 6240/4334/6252 5655/4307/6230
f 5655/4307/6230 6240/4334/6252 6801/4335/6253 6154/4310/6233
f 6240/4334/6252 5670/4252/6175 6168/4254/6177 6801/4335/6253
f 6801/4335/6253 6168/4254/6177 5669/3763/5739 6241/3760/5736
f 6154/4310/6233 6801/4335/6253 6241/3760/5736 5656/3759/5735
f 5540/3596/5591 5911/3612/5605 6802/4336/6254 6158/4283/6206
f 5911/3612/5605 5544/3614/5607 6015/4177/6100 6802/4336/6254
f 6802/4336/6254 6015/4177/6100 5695/4181/6104 6242/4337/6255
f 6158/4283/6206 6802/4336/6254 6242/4337/6255 5660/4284/6207
f 5660/4284/6207 6242/4337/6255 6803/4338/6256 6159/4289/6212
f 6242/4337/6255 5695/4181/6104 6193/4183/6106 6803/4338/6256
f 6803/4338/6256 6193/4183/6106 5694/4187/6110 6243/4339/6257
f 6159/4289/6212 6803/4338/6256 6243/4339/6257 5661/4290/6213
f 5661/4290/6213 6243/4339/6257 6804/4340/6258 6160/4295/6218
f 6243/4339/6257 5694/4187/6110 6192/4189/6112 6804/4340/6258
f 6804/4340/6258 6192/4189/6112 5693/3754/5730 6244/3751/5727
f 6160/4295/6218 6804/4340/6258 6244/3751/5727 5662/3750/5726
f 5701/3520/6259 6252/4341/6260 6805/4342/6261 6246/3521/6262
f 6252/4341/6260 5705/3528/6263 6249/3527/6264 6805/4342/6261
f 6805/4342/6261 6249/3527/6264 5704/3526/6265 6253/3525/6266
f 6246/3521/6262 6805/4342/6261 6253/3525/6266 5700/3524/6267
f 5699/3529/6268 6254/3532/6269 6806/3531/6270 6354/3530/6271
f 5703/3535/6272 6355/3534/6273 6806/3531/6270 6254/3532/6269
f 5735/3533/6274 6354/3530/6271 6806/3531/6270 6355/3534/6273
f 5702/4343/6275 6251/3539/6276 6807/3538/6277 6247/3537/6278
f 6251/3539/6276 5706/3541/6279 6250/3540/6280 6807/3538/6277
f 6807/3538/6277 6250/3540/6280 5705/3528/6263 6252/4341/6260
f 6247/3537/6278 6807/3538/6277 6252/4341/6260 5701/3520/6259
f 5700/3524/6267 6253/3525/6266 6808/3543/6281 6245/3542/6282
f 6253/3525/6266 5704/3526/6265 6248/3544/6283 6808/3543/6281
f 6808/3543/6281 6248/3544/6283 5703/3535/6272 6254/3532/6269
f 6245/3542/6282 6808/3543/6281 6254/3532/6269 5699/3529/6268
f 5703/3535/6272 6258/3547/6284 6809/3546/6285 6355/3545/6273
f 5707/3550/6286 6357/3549/6287 6809/3546/6285 6258/3547/6284
f 5735/3548/6274 6355/3545/6273 6809/3546/6285 6357/3549/6287
f 5706/3541/6279 6259/3552/6288 6810/3551/6289 6250/3540/6280
f 6259/3552/6288 5710/3556/6290 6257/3555/6291 6810/3551/6289
f 6810/3551/6289 6257/3555/6291 5709/3554/6292 6260/3553/6293
f 6250/3540/6280 6810/3551/6289 6260/3553/6293 5705/3528/6263
f 5704/3526/6265 6261/3558/6294 6811/3557/6295 6248/3544/6283
f 6261/3558/6294 5708/3560/6296 6255/3559/6297 6811/3557/6295
f 6811/3557/6295 6255/3559/6297 5707/3550/6286 6258/3547/6284
f 6248/3544/6283 6811/3557/6295 6258/3547/6284 5703/3535/6272
f 5705/3528/6263 6260/3553/6293 6812/3561/6298 6249/3527/6264
f 6260/3553/6293 5709/3554/6292 6256/3562/6299 6812/3561/6298
f 6812/3561/6298 6256/3562/6299 5708/3560/6296 6261/3558/6294
f 6249/3527/6264 6812/3561/6298 6261/3558/6294 5704/3526/6265
f 5710/3556/6290 6265/3564/6300 6813/3563/6301 6257/3555/6291
f 6265/3564/6300 5714/3568/6302 6264/3567/6303 6813/3563/6301
f 6813/3563/6301 6264/3567/6303 5713/3566/6304 6266/3565/6305
f 6257/3555/6291 6813/3563/6301 6266/3565/6305 5709/3554/6292
f 5708/3560/6296 6267/3570/6306 6814/3569/6307 6255/3559/6297
f 6267/3570/6306 5712/3574/6308 6262/3573/6309 6814/3569/6307
f 6814/3569/6307 6262/3573/6309 5711/3572/6310 6268/3571/6311
f 6255/3559/6297 6814/3569/6307 6268/3571/6311 5707/3550/6286
f 5709/3554/6292 6266/3565/6305 6815/3575/6312 6256/3562/6299
f 6266/3565/6305 5713/3566/6304 6263/4344/6313 6815/3575/6312
f 6815/3575/6312 6263/4344/6313 5712/3574/6308 6267/3570/6306
f 6256/3562/6299 6815/3575/6312 6267/3570/6306 5708/3560/6296
f 5707/3550/6286 6268/3571/6311 6816/3578/6314 6357/3577/6287
f 5711/3572/6310 6359/3580/6315 6816/3578/6314 6268/3571/6311
f 5735/3579/6274 6357/3577/6287 6816/3578/6314 6359/3580/6315
f 5713/3566/6304 6273/3582/6316 6817/3581/6317 6263/4344/6313
f 6273/3582/6316 5717/3586/6318 6270/4345/6319 6817/3581/6317
f 6817/3581/6317 6270/4345/6319 5716/3584/6320 6274/3583/6321
f 6263/4344/6313 6817/3581/6317 6274/3583/6321 5712/3574/6308
f 5711/3572/6310 6275/3589/6322 6818/3588/6323 6359/3587/6315
f 5715/3592/6324 6361/3591/6325 6818/3588/6323 6275/3589/6322
f 5735/3590/6274 6359/3587/6315 6818/3588/6323 6361/3591/6325
f 5714/3568/6302 6272/3594/6326 6819/3593/6327 6264/3567/6303
f 6272/3594/6326 5718/3596/6328 6271/3595/6329 6819/3593/6327
f 6819/3593/6327 6271/3595/6329 5717/3586/6318 6273/3582/6316
f 6264/3567/6303 6819/3593/6327 6273/3582/6316 5713/3566/6304
f 5712/3574/6308 6274/3583/6321 6820/3597/6330 6262/3573/6309
f 6274/3583/6321 5716/3584/6320 6269/3598/6331 6820/3597/6330
f 6820/3597/6330 6269/3598/6331 5715/3592/6324 6275/3589/6322
f 6262/3573/6309 6820/3597/6330 6275/3589/6322 5711/3572/6310
f 5717/3586/6318 6280/3600/6332 6821/3599/6333 6270/4345/6319
f 6280/3600/6332 5721/3604/6334 6277/3603/6335 6821/3599/6333
f 6821/3599/6333 6277/3603/6335 5720/3602/6336 6281/3601/6337
f 6270/4345/6319 6821/3599/6333 6281/3601/6337 5716/3584/6320
f 5715/3592/6324 6282/3607/6338 6822/3606/6339 6361/3605/6325
f 5719/3610/6340 6363/3609/6341 6822/3606/6339 6282/3607/6338
f 5735/3608/6274 6361/3605/6325 6822/3606/6339 6363/3609/6341
f 5718/3596/6328 6279/3612/6342 6823/3611/6343 6271/3595/6329
f 6279/3612/6342 5722/3614/6344 6278/3613/6345 6823/3611/6343
f 6823/3611/6343 6278/3613/6345 5721/3604/6334 6280/3600/6332
f 6271/3595/6329 6823/3611/6343 6280/3600/6332 5717/3586/6318
f 5716/3584/6320 6281/3601/6337 6824/3615/6346 6269/3598/6331
f 6281/3601/6337 5720/3602/6336 6276/3616/6347 6824/3615/6346
f 6824/3615/6346 6276/3616/6347 5719/3610/6340 6282/3607/6338
f 6269/3598/6331 6824/3615/6346 6282/3607/6338 5715/3592/6324
f 5722/3614/6344 6286/3618/6348 6825/3617/6349 6278/3613/6345
f 6286/3618/6348 5726/3622/6350 6285/3621/6351 6825/3617/6349
f 6825/3617/6349 6285/3621/6351 5725/3620/6352 6287/3619/6353
f 6278/3613/6345 6825/3617/6349 6287/3619/6353 5721/3604/6334
f 5720/3602/6336 6288/3624/6354 6826/3623/6355 6276/3616/6347
f 6288/3624/6354 5724/3628/6356 6283/3627/6357 6826/3623/6355
f 6826/3623/6355 6283/3627/6357 5723/3626/6358 6289/3625/6359
f 6276/3616/6347 6826/3623/6355 6289/3625/6359 5719/3610/6340
f 5721/3604/6334 6287/3619/6353 6827/3629/6360 6277/3603/6335
f 6287/3619/6353 5725/3620/6352 6284/3630/6361 6827/3629/6360
f 6827/3629/6360 6284/3630/6361 5724/3628/6356 6288/3624/6354
f 6277/3603/6335 6827/3629/6360 6288/3624/6354 5720/3602/6336
f 5719/3610/6340 6289/3625/6359 6828/3632/6362 6363/3631/6341
f 5723/3626/6358 6365/3634/6363 6828/3632/6362 6289/3625/6359
f 5735/3633/6274 6363/3631/6341 6828/3632/6362 6365/3634/6363
f 5726/3622/6350 6293/3636/6364 6829/3635/6365 6285/3621/6351
f 6293/3636/6364 5730/3640/6366 6292/3639/6367 6829/3635/6365
f 6829/3635/6365 6292/3639/6367 5729/3638/6368 6294/3637/6369
f 6285/3621/6351 6829/3635/6365 6294/3637/6369 5725/3620/6352
f 5724/3628/6356 6295/3642/6370 6830/3641/6371 6283/3627/6357
f 6295/3642/6370 5728/3646/6372 6290/3645/6373 6830/3641/6371
f 6830/3641/6371 6290/3645/6373 5727/3644/6374 6296/3643/6375
f 6283/3627/6357 6830/3641/6371 6296/3643/6375 5723/3626/6358
f 5725/3620/6352 6294/3637/6369 6831/3647/6376 6284/3630/6361
f 6294/3637/6369 5729/3638/6368 6291/3648/6377 6831/3647/6376
f 6831/3647/6376 6291/3648/6377 5728/3646/6372 6295/3642/6370
f 6284/3630/6361 6831/3647/6376 6295/3642/6370 5724/3628/6356
f 5723/3626/6358 6296/3643/6375 6832/3650/6378 6365/3649/6363
f 5727/3644/6374 6367/3652/6379 6832/3650/6378 6296/3643/6375
f 5735/3651/6274 6365/3649/6363 6832/3650/6378 6367/3652/6379
f 5729/3638/6368 6301/3654/6380 6833/4346/6381 6291/3648/6377
f 6301/3654/6380 5733/3658/6382 6298/3657/6383 6833/4346/6381
f 6833/4346/6381 6298/3657/6383 5732/3656/6384 6302/3655/6385
f 6291/3648/6377 6833/4346/6381 6302/3655/6385 5728/3646/6372
f 5727/3644/6374 6303/3661/6386 6834/3660/6387 6367/3659/6379
f 5731/3664/6388 6369/3663/6389 6834/3660/6387 6303/3661/6386
f 5735/3662/6274 6367/3659/6379 6834/3660/6387 6369/3663/6389
f 5730/3640/6366 6300/3666/6390 6835/3665/6391 6292/3639/6367
f 6300/3666/6390 5734/3668/6392 6299/3667/6393 6835/3665/6391
f 6835/3665/6391 6299/3667/6393 5733/3658/6382 6301/3654/6380
f 6292/3639/6367 6835/3665/6391 6301/3654/6380 5729/3638/6368
f 5728/3646/6372 6302/3655/6385 6836/3669/6394 6290/3645/6373
f 6302/3655/6385 5732/3656/6384 6297/3670/6395 6836/3669/6394
f 6836/3669/6394 6297/3670/6395 5731/3664/6388 6303/3661/6386
f 6290/3645/6373 6836/3669/6394 6303/3661/6386 5727/3644/6374
f 5733/3658/6382 6308/3672/6396 6837/3671/6397 6298/3657/6383
f 6308/3672/6396 5738/3676/6398 6306/3675/6399 6837/3671/6397
f 6837/3671/6397 6306/3675/6399 5737/4347/6400 6309/3673/6401
f 6298/3657/6383 6837/3671/6397 6309/3673/6401 5732/3656/6384
f 5731/3664/6388 6310/3679/6402 6838/3678/6403 6369/3677/6389
f 5736/3682/6404 6304/3681/6405 6838/3678/6403 6310/3679/6402
f 5735/3680/6274 6369/3677/6389 6838/3678/6403 6304/3681/6405
f 5734/3668/6392 6311/3684/6406 6839/3683/6407 6299/3667/6393
f 6311/3684/6406 5739/3686/6408 6307/3685/6409 6839/3683/6407
f 6839/3683/6407 6307/3685/6409 5738/3676/6398 6308/3672/6396
f 6299/3667/6393 6839/3683/6407 6308/3672/6396 5733/3658/6382
f 5732/3656/6384 6309/3673/6401 6840/3687/6410 6297/3670/6395
f 6309/3673/6401 5737/4347/6400 6305/3688/6411 6840/3687/6410
f 6840/3687/6410 6305/3688/6411 5736/3682/6404 6310/3679/6402
f 6297/3670/6395 6840/3687/6410 6310/3679/6402 5731/3664/6388
f 5739/3686/6408 6315/3690/6412 6841/3689/6413 6307/3685/6409
f 6315/3690/6412 5743/3694/6414 6314/3693/6415 6841/3689/6413
f 6841/3689/6413 6314/3693/6415 5742/3692/6416 6316/3691/6417
f 6307/3685/6409 6841/3689/6413 6316/3691/6417 5738/3676/6398
f 5737/4347/6400 6317/3696/6418 6842/3695/6419 6305/3688/6411
f 6317/3696/6418 5741/3700/6420 6312/3699/6421 6842/3695/6419
f 6842/3695/6419 6312/3699/6421 5740/3698/6422 6318/3697/6423
f 6305/3688/6411 6842/3695/6419 6318/3697/6423 5736/3682/6404
f 5738/3676/6398 6316/3691/6417 6843/3701/6424 6306/3675/6399
f 6316/3691/6417 5742/3692/6416 6313/3702/6425 6843/3701/6424
f 6843/3701/6424 6313/3702/6425 5741/3700/6420 6317/3696/6418
f 6306/3675/6399 6843/3701/6424 6317/3696/6418 5737/4347/6400
f 5736/3682/6404 6318/3697/6423 6844/3704/6426 6304/3703/6405
f 5740/3698/6422 6371/3706/6427 6844/3704/6426 6318/3697/6423
f 5735/3705/6274 6304/3703/6405 6844/3704/6426 6371/3706/6427
f 5741/3700/6420 6322/3708/6428 6845/4348/6429 6312/3699/6421
f 6322/3708/6428 5745/3712/6430 6319/3711/6431 6845/4348/6429
f 6845/4348/6429 6319/3711/6431 5744/3710/6432 6323/3709/6433
f 6312/3699/6421 6845/4348/6429 6323/3709/6433 5740/3698/6422
f 5742/3692/6416 6325/3714/6434 6846/3713/6435 6313/3702/6425
f 6325/3714/6434 5746/3716/6436 6320/3715/6437 6846/3713/6435
f 6846/3713/6435 6320/3715/6437 5745/3712/6430 6322/3708/6428
f 6313/3702/6425 6846/3713/6435 6322/3708/6428 5741/3700/6420
f 5740/3698/6422 6323/3709/6433 6847/3718/6438 6371/3717/6427
f 5744/3710/6432 6373/3720/6439 6847/3718/6438 6323/3709/6433
f 5735/3719/6274 6371/3717/6427 6847/3718/6438 6373/3720/6439
f 5743/3694/6414 6324/3722/6440 6848/3721/6441 6314/3693/6415
f 6324/3722/6440 5747/3724/6442 6321/3723/6443 6848/3721/6441
f 6848/3721/6441 6321/3723/6443 5746/3716/6436 6325/3714/6434
f 6314/3693/6415 6848/3721/6441 6325/3714/6434 5742/3692/6416
f 5746/3716/6436 6330/3726/6444 6849/3725/6445 6320/3715/6437
f 6330/3726/6444 5750/3730/6446 6327/3729/6447 6849/3725/6445
f 6849/3725/6445 6327/3729/6447 5749/3728/6448 6331/3727/6449
f 6320/3715/6437 6849/3725/6445 6331/3727/6449 5745/3712/6430
f 5744/3710/6432 6332/3733/6450 6850/3732/6451 6373/3731/6439
f 5748/3736/6452 6375/3735/6453 6850/3732/6451 6332/3733/6450
f 5735/3734/6274 6373/3731/6439 6850/3732/6451 6375/3735/6453
f 5747/3724/6442 6329/3738/6454 6851/3737/6455 6321/3723/6443
f 6329/3738/6454 5751/3740/6456 6328/3739/6457 6851/3737/6455
f 6851/3737/6455 6328/3739/6457 5750/3730/6446 6330/3726/6444
f 6321/3723/6443 6851/3737/6455 6330/3726/6444 5746/3716/6436
f 5745/3712/6430 6331/3727/6449 6852/3741/6458 6319/3711/6431
f 6331/3727/6449 5749/3728/6448 6326/3742/6459 6852/3741/6458
f 6852/3741/6458 6326/3742/6459 5748/3736/6452 6332/3733/6450
f 6319/3711/6431 6852/3741/6458 6332/3733/6450 5744/3710/6432
f 5748/3743/6452 6336/3746/6460 6853/3745/6461 6375/3744/6453
f 5752/3749/6462 6377/3748/6463 6853/3745/6461 6336/3746/6460
f 5735/3747/6274 6375/3744/6453 6853/3745/6461 6377/3748/6463
f 5840/3750/6464 6362/3753/6465 6854/3752/6466 6612/3751/6467
f 6362/3753/6465 5779/3758/6468 6421/3757/6469 6854/3752/6466
f 6854/3752/6466 6421/3757/6469 5783/3756/6470 6559/3755/6471
f 6612/3751/6467 6854/3752/6466 6559/3755/6471 5871/3754/6472
f 5834/3759/6473 6358/3762/6474 6855/3761/6475 6609/3760/6476
f 6358/3762/6474 5795/3767/6477 6452/3766/6478 6855/3761/6475
f 6855/3761/6475 6452/3766/6478 5800/3765/6479 6535/3764/6480
f 6609/3760/6476 6855/3761/6475 6535/3764/6480 5847/3763/6481
f 5751/3768/6456 6337/3771/6482 6856/3770/6483 6328/3769/6457
f 6337/3771/6482 5755/3776/6484 6335/4349/6485 6856/3770/6483
f 6856/3770/6483 6335/4349/6485 5754/3774/6486 6338/3773/6487
f 6328/3769/6457 6856/3770/6483 6338/3773/6487 5750/3772/6446
f 5749/3777/6448 6339/4350/6488 6857/3779/6489 6326/3778/6459
f 6339/4350/6488 5753/4351/6490 6333/3781/6491 6857/3779/6489
f 6857/3779/6489 6333/3781/6491 5752/3749/6462 6336/3746/6460
f 6326/3778/6459 6857/3779/6489 6336/3746/6460 5748/3743/6452
f 5846/3783/6492 6366/3786/6493 6858/3785/6494 6606/3784/6495
f 6366/3786/6493 5808/3791/6496 6473/3790/6497 6858/3785/6494
f 6858/3785/6494 6473/3790/6497 5812/3789/6498 6517/3788/6499
f 6606/3784/6495 6858/3785/6494 6517/3788/6499 5829/3787/6500
f 5829/3792/6500 6517/3795/6499 6859/3794/6501 6603/3793/6502
f 6517/3795/6499 5812/3800/6498 6480/3799/6503 6859/3794/6501
f 6859/3794/6501 6480/3799/6503 5816/3798/6504 6544/3797/6505
f 6603/3793/6502 6859/3794/6501 6544/3797/6505 5856/3796/6506
f 5750/3772/6446 6338/3773/6487 6860/3802/6507 6327/3801/6447
f 6338/3773/6487 5754/3774/6486 6334/3803/6508 6860/3802/6507
f 6860/3802/6507 6334/3803/6508 5753/4351/6490 6339/4350/6488
f 6327/3801/6447 6860/3802/6507 6339/4350/6488 5749/3777/6448
f 5843/3804/6509 6364/3807/6510 6861/3806/6511 6600/3805/6512
f 6364/3807/6510 5791/3809/6513 6445/3808/6514 6861/3806/6511
f 6861/3806/6511 6445/3808/6514 5795/3767/6477 6358/3762/6474
f 6600/3805/6512 6861/3806/6511 6358/3762/6474 5834/3759/6473
f 5755/3776/6484 6343/3811/6515 6862/3810/6516 6335/4349/6485
f 6343/3811/6515 5759/3815/6517 6342/4352/6518 6862/3810/6516
f 6862/3810/6516 6342/4352/6518 5758/3813/6519 6344/3812/6520
f 6335/4349/6485 6862/3810/6516 6344/3812/6520 5754/3774/6486
f 5753/4351/6490 6345/3817/6521 6863/3816/6522 6333/3781/6491
f 6345/3817/6521 5757/3821/6523 6340/3820/6524 6863/3816/6522
f 6863/3816/6522 6340/3820/6524 5756/3819/6525 6346/3818/6526
f 6333/3781/6491 6863/3816/6522 6346/3818/6526 5752/3749/6462
f 5864/3822/6527 6378/3825/6528 6864/3824/6529 6597/3823/6530
f 6378/3825/6528 5771/3830/6531 6408/3829/6532 6864/3824/6529
f 6864/3824/6529 6408/3829/6532 5775/3828/6533 6523/3827/6534
f 6597/3823/6530 6864/3824/6529 6523/3827/6534 5835/3826/6535
f 5835/3826/6535 6523/3827/6534 6865/3832/6536 6594/4353/6537
f 6523/3827/6534 5775/3828/6533 6416/3833/6538 6865/3832/6536
f 6865/3832/6536 6416/3833/6538 5779/3758/6468 6362/3753/6465
f 6594/4353/6537 6865/3832/6536 6362/3753/6465 5840/3750/6464
f 5754/3774/6486 6344/3812/6520 6866/3834/6539 6334/3803/6508
f 6344/3812/6520 5758/3813/6519 6341/3835/6540 6866/3834/6539
f 6866/3834/6539 6341/3835/6540 5757/3821/6523 6345/3817/6521
f 6334/3803/6508 6866/3834/6539 6345/3817/6521 5753/4351/6490
f 5752/3749/6462 6346/3818/6526 6867/3837/6541 6377/3836/6463
f 5756/3819/6525 6379/3839/6542 6867/3837/6541 6346/3818/6526
f 5735/3838/6274 6377/3836/6463 6867/3837/6541 6379/3839/6542
f 5876/3840/6543 6388/3843/6544 6868/3842/6545 6591/3841/6546
f 6388/3843/6544 5787/3845/6547 6434/3844/6548 6868/3842/6545
f 6868/3842/6545 6434/3844/6548 5791/3809/6513 6364/3807/6510
f 6591/3841/6546 6868/3842/6545 6364/3807/6510 5843/3804/6509
f 5870/3846/6549 6382/3849/6550 6869/3848/6551 6588/3847/6552
f 6382/3849/6550 5824/3854/6553 6515/3853/6554 6869/3848/6551
f 6869/3848/6551 6515/3853/6554 5764/3852/6555 6541/3851/6556
f 6588/3847/6552 6869/3848/6551 6541/3851/6556 5853/3850/6557
f 5852/3855/6558 6370/3858/6559 6870/3857/6560 6585/3856/6561
f 6370/3858/6559 5804/3860/6562 6466/3859/6563 6870/3857/6560
f 6870/3857/6560 6466/3859/6563 5808/3791/6496 6366/3786/6493
f 6585/3856/6561 6870/3857/6560 6366/3786/6493 5846/3783/6492
f 5758/3813/6519 6351/3862/6564 6871/3861/6565 6341/3835/6540
f 6351/3862/6564 5762/3866/6566 6348/3865/6567 6871/3861/6565
f 6871/3861/6565 6348/3865/6567 5761/3864/6568 6352/3863/6569
f 6341/3835/6540 6871/3861/6565 6352/3863/6569 5757/3821/6523
f 5756/3819/6525 6353/3869/6570 6872/3868/6571 6379/3867/6542
f 5760/3872/6572 6381/3871/6573 6872/3868/6571 6353/3869/6570
f 5735/3870/6274 6379/3867/6542 6872/3868/6571 6381/3871/6573
f 5847/3763/6481 6535/3764/6480 6873/3874/6574 6582/3873/6575
f 6535/3764/6480 5800/3765/6479 6459/3875/6576 6873/3874/6574
f 6873/3874/6574 6459/3875/6576 5804/3860/6562 6370/3858/6559
f 6582/3873/6575 6873/3874/6574 6370/3858/6559 5852/3855/6558
f 5853/3850/6557 6541/3851/6556 6874/3877/6577 6579/3876/6578
f 6541/3851/6556 5764/3852/6555 6395/3881/6579 6874/3877/6577
f 6874/3877/6577 6395/3881/6579 5767/3880/6580 6547/3879/6581
f 6579/3876/6578 6874/3877/6577 6547/3879/6581 5859/3878/6582
f 5759/3815/6517 6350/3883/6583 6875/3882/6584 6342/4352/6518
f 6350/3883/6583 5763/4354/6585 6349/3884/6586 6875/3882/6584
f 6875/3882/6584 6349/3884/6586 5762/3866/6566 6351/3862/6564
f 6342/4352/6518 6875/3882/6584 6351/3862/6564 5758/3813/6519
f 5757/3821/6523 6352/3863/6569 6876/3886/6587 6340/3820/6524
f 6352/3863/6569 5761/3864/6568 6347/3887/6588 6876/3886/6587
f 6876/3886/6587 6347/3887/6588 5760/3872/6572 6353/3869/6570
f 6340/3820/6524 6876/3886/6587 6353/3869/6570 5756/3819/6525
f 5856/3796/6506 6544/3797/6505 6877/3889/6589 6576/3888/6590
f 6544/3797/6505 5816/3798/6504 6486/3893/6591 6877/3889/6589
f 6877/3889/6589 6486/3893/6591 5820/3892/6592 6553/3891/6593
f 6576/3888/6590 6877/3889/6589 6553/3891/6593 5865/4355/6594
f 5762/3866/6566 6385/3895/6595 6878/3894/6596 6348/3865/6567
f 6385/3895/6595 5701/3520/6259 6246/3521/6262 6878/3894/6596
f 6878/3894/6596 6246/3521/6262 5700/3524/6267 6386/3896/6597
f 6348/3865/6567 6878/3894/6596 6386/3896/6597 5761/3864/6568
f 5760/3872/6572 6387/3899/6598 6879/3898/6599 6381/3897/6573
f 5699/3529/6268 6354/3901/6271 6879/3898/6599 6387/3899/6598
f 5735/3900/6274 6381/3897/6573 6879/3898/6599 6354/3901/6271
f 5859/3878/6582 6547/3879/6581 6880/3903/6600 6573/3902/6601
f 6547/3879/6581 5767/3880/6580 6402/3904/6602 6880/3903/6600
f 6880/3903/6600 6402/3904/6602 5771/3830/6531 6378/3825/6528
f 6573/3902/6601 6880/3903/6600 6378/3825/6528 5864/3822/6527
f 5865/4355/6594 6553/3891/6593 6881/3906/6603 6570/3905/6604
f 6553/3891/6593 5820/3892/6592 6494/3907/6605 6881/3906/6603
f 6881/3906/6603 6494/3907/6605 5824/3854/6553 6382/3849/6550
f 6570/3905/6604 6881/3906/6603 6382/3849/6550 5870/3846/6549
f 5763/4354/6585 6384/3909/6606 6882/3908/6607 6349/3884/6586
f 6384/3909/6606 5702/4343/6275 6247/3537/6278 6882/3908/6607
f 6882/3908/6607 6247/3537/6278 5701/3520/6259 6385/3895/6595
f 6349/3884/6586 6882/3908/6607 6385/3895/6595 5762/3866/6566
f 5761/3864/6568 6386/3896/6597 6883/3910/6608 6347/3887/6588
f 6386/3896/6597 5700/3524/6267 6245/3542/6282 6883/3910/6608
f 6883/3910/6608 6245/3542/6282 5699/3529/6268 6387/3899/6598
f 6347/3887/6588 6883/3910/6608 6387/3899/6598 5760/3872/6572
f 5871/3754/6472 6559/3755/6471 6884/3912/6609 6567/3911/6610
f 6559/3755/6471 5783/3756/6470 6430/3913/6611 6884/3912/6609
f 6884/3912/6609 6430/3913/6611 5787/3845/6547 6388/3843/6544
f 6567/3911/6610 6884/3912/6609 6388/3843/6544 5876/3840/6543
f 5766/3914/6612 6393/3917/6613 6885/3916/6614 6497/3915/6615
f 6393/3917/6613 5770/3922/6616 6392/3921/6617 6885/3916/6614
f 6885/3916/6614 6392/3921/6617 5769/3920/6618 6500/3919/6619
f 6497/3915/6615 6885/3916/6614 6500/3919/6619 5828/3918/6620
f 5765/3923/6621 6394/3926/6622 6886/3925/6623 6389/3924/6624
f 6394/3926/6622 5768/3928/6625 6390/3927/6626 6886/3925/6623
f 6886/3925/6623 6390/3927/6626 5767/3880/6580 6395/3881/6579
f 6389/3924/6624 6886/3925/6623 6395/3881/6579 5764/3852/6555
f 5799/3929/6627 6499/3932/6628 6887/3931/6629 6498/3930/6630
f 5770/3922/6616 6393/3917/6613 6887/3931/6629 6499/3932/6628
f 5766/3914/6612 6498/3930/6630 6887/3931/6629 6393/3917/6613
f 5828/3918/6620 6500/3919/6619 6888/3934/6631 6496/3933/6632
f 6500/3919/6619 5769/3920/6618 6391/3935/6633 6888/3934/6631
f 6888/3934/6631 6391/3935/6633 5768/3928/6625 6394/3926/6622
f 6496/3933/6632 6888/3934/6631 6394/3926/6622 5765/3923/6621
f 5799/3936/6627 6501/3939/6634 6889/3938/6635 6499/3937/6628
f 5774/3941/6636 6399/3940/6637 6889/3938/6635 6501/3939/6634
f 5770/3922/6616 6499/3937/6628 6889/3938/6635 6399/3940/6637
f 5769/3920/6618 6400/3943/6638 6890/3942/6639 6391/3935/6633
f 6400/3943/6638 5773/3947/6640 6397/3946/6641 6890/3942/6639
f 6890/3942/6639 6397/3946/6641 5772/3945/6642 6401/3944/6643
f 6391/3935/6633 6890/3942/6639 6401/3944/6643 5768/3928/6625
f 5770/3922/6616 6399/3940/6637 6891/3948/6644 6392/3921/6617
f 6399/3940/6637 5774/3941/6636 6398/3949/6645 6891/3948/6644
f 6891/3948/6644 6398/3949/6645 5773/3947/6640 6400/3943/6638
f 6392/3921/6617 6891/3948/6644 6400/3943/6638 5769/3920/6618
f 5768/3928/6625 6401/3944/6643 6892/3950/6646 6390/3927/6626
f 6401/3944/6643 5772/3945/6642 6396/3951/6647 6892/3950/6646
f 6892/3950/6646 6396/3951/6647 5771/3830/6531 6402/3904/6602
f 6390/3927/6626 6892/3950/6646 6402/3904/6602 5767/3880/6580
f 5773/3947/6640 6406/3953/6648 6893/3952/6649 6397/3946/6641
f 6406/3953/6648 5777/3957/6650 6404/3956/6651 6893/3952/6649
f 6893/3952/6649 6404/3956/6651 5776/3955/6652 6407/3954/6653
f 6397/3946/6641 6893/3952/6649 6407/3954/6653 5772/3945/6642
f 5774/3941/6636 6409/3959/6654 6894/3958/6655 6398/3949/6645
f 6409/3959/6654 5778/3961/6656 6405/3960/6657 6894/3958/6655
f 6894/3958/6655 6405/3960/6657 5777/3957/6650 6406/3953/6648
f 6398/3949/6645 6894/3958/6655 6406/3953/6648 5773/3947/6640
f 5772/3945/6642 6407/3954/6653 6895/3962/6658 6396/3951/6647
f 6407/3954/6653 5776/3955/6652 6403/3963/6659 6895/3962/6658
f 6895/3962/6658 6403/3963/6659 5775/3828/6533 6408/3829/6532
f 6396/3951/6647 6895/3962/6658 6408/3829/6532 5771/3830/6531
f 5799/3964/6627 6502/3967/6660 6896/3966/6661 6501/3965/6634
f 5778/3961/6656 6409/3959/6654 6896/3966/6661 6502/3967/6660
f 5774/3941/6636 6501/3965/6634 6896/3966/6661 6409/3959/6654
f 5778/3961/6656 6413/3969/6662 6897/3968/6663 6405/3960/6657
f 6413/3969/6662 5782/3973/6664 6412/3972/6665 6897/3968/6663
f 6897/3968/6663 6412/3972/6665 5781/3971/6666 6414/3970/6667
f 6405/3960/6657 6897/3968/6663 6414/3970/6667 5777/3957/6650
f 5776/3955/6652 6415/3975/6668 6898/3974/6669 6403/3963/6659
f 6415/3975/6668 5780/3977/6670 6410/3976/6671 6898/3974/6669
f 6898/3974/6669 6410/3976/6671 5779/3758/6468 6416/3833/6538
f 6403/3963/6659 6898/3974/6669 6416/3833/6538 5775/3828/6533
f 5799/3978/6627 6503/3981/6672 6899/3980/6673 6502/3979/6660
f 5782/3973/6664 6413/3969/6662 6899/3980/6673 6503/3981/6672
f 5778/3961/6656 6502/3979/6660 6899/3980/6673 6413/3969/6662
f 5777/3957/6650 6414/3970/6667 6900/3982/6674 6404/3956/6651
f 6414/3970/6667 5781/3971/6666 6411/3983/6675 6900/3982/6674
f 6900/3982/6674 6411/3983/6675 5780/3977/6670 6415/3975/6668
f 6404/3956/6651 6900/3982/6674 6415/3975/6668 5776/3955/6652
f 5780/3977/6670 6420/3985/6676 6901/3984/6677 6410/3976/6671
f 6420/3985/6676 5784/3987/6678 6417/3986/6679 6901/3984/6677
f 6901/3984/6677 6417/3986/6679 5783/3756/6470 6421/3757/6469
f 6410/3976/6671 6901/3984/6677 6421/3757/6469 5779/3758/6468
f 5799/3988/6627 6504/3991/6680 6902/3990/6681 6503/3989/6672
f 5786/3993/6682 6422/3992/6683 6902/3990/6681 6504/3991/6680
f 5782/3973/6664 6503/3989/6672 6902/3990/6681 6422/3992/6683
f 5781/3971/6666 6423/3995/6684 6903/3994/6685 6411/3983/6675
f 6423/3995/6684 5785/3997/6686 6418/3996/6687 6903/3994/6685
f 6903/3994/6685 6418/3996/6687 5784/3987/6678 6420/3985/6676
f 6411/3983/6675 6903/3994/6685 6420/3985/6676 5780/3977/6670
f 5782/3973/6664 6422/3992/6683 6904/3998/6688 6412/3972/6665
f 6422/3992/6683 5786/3993/6682 6419/3999/6689 6904/3998/6688
f 6904/3998/6688 6419/3999/6689 5785/3997/6686 6423/3995/6684
f 6412/3972/6665 6904/3998/6688 6423/3995/6684 5781/3971/6666
f 5799/4000/6627 6505/4003/6690 6905/4002/6691 6504/4001/6680
f 5790/4005/6692 6427/4004/6693 6905/4002/6691 6505/4003/6690
f 5786/3993/6682 6504/4001/6680 6905/4002/6691 6427/4004/6693
f 5785/3997/6686 6428/4007/6694 6906/4006/6695 6418/3996/6687
f 6428/4007/6694 5789/4011/6696 6425/4010/6697 6906/4006/6695
f 6906/4006/6695 6425/4010/6697 5788/4009/6698 6429/4008/6699
f 6418/3996/6687 6906/4006/6695 6429/4008/6699 5784/3987/6678
f 5786/3993/6682 6427/4004/6693 6907/4012/6700 6419/3999/6689
f 6427/4004/6693 5790/4005/6692 6426/4013/6701 6907/4012/6700
f 6907/4012/6700 6426/4013/6701 5789/4011/6696 6428/4007/6694
f 6419/3999/6689 6907/4012/6700 6428/4007/6694 5785/3997/6686
f 5784/3987/6678 6429/4008/6699 6908/4014/6702 6417/3986/6679
f 6429/4008/6699 5788/4009/6698 6424/4015/6703 6908/4014/6702
f 6908/4014/6702 6424/4015/6703 5787/3845/6547 6430/3913/6611
f 6417/3986/6679 6908/4014/6702 6430/3913/6611 5783/3756/6470
f 5790/4005/6692 6435/4017/6704 6909/4016/6705 6426/4013/6701
f 6435/4017/6704 5794/4021/6706 6433/4020/6707 6909/4016/6705
f 6909/4016/6705 6433/4020/6707 5793/4019/6708 6436/4018/6709
f 6426/4013/6701 6909/4016/6705 6436/4018/6709 5789/4011/6696
f 5788/4009/6698 6437/4023/6710 6910/4022/6711 6424/4015/6703
f 6437/4023/6710 5792/4025/6712 6431/4024/6713 6910/4022/6711
f 6910/4022/6711 6431/4024/6713 5791/3809/6513 6434/3844/6548
f 6424/4015/6703 6910/4022/6711 6434/3844/6548 5787/3845/6547
f 5799/4026/6627 6506/4029/6714 6911/4028/6715 6505/4027/6690
f 5794/4021/6706 6435/4017/6704 6911/4028/6715 6506/4029/6714
f 5790/4005/6692 6505/4027/6690 6911/4028/6715 6435/4017/6704
f 5789/4011/6696 6436/4018/6709 6912/4030/6716 6425/4010/6697
f 6436/4018/6709 5793/4019/6708 6432/4031/6717 6912/4030/6716
f 6912/4030/6716 6432/4031/6717 5792/4025/6712 6437/4023/6710
f 6425/4010/6697 6912/4030/6716 6437/4023/6710 5788/4009/6698
f 5794/4021/6706 6442/4033/6718 6913/4032/6719 6433/4020/6707
f 6442/4033/6718 5798/4037/6720 6440/4036/6721 6913/4032/6719
f 6913/4032/6719 6440/4036/6721 5797/4035/6722 6443/4034/6723
f 6433/4020/6707 6913/4032/6719 6443/4034/6723 5793/4019/6708
f 5792/4025/6712 6444/4039/6724 6914/4038/6725 6431/4024/6713
f 6444/4039/6724 5796/4041/6726 6438/4040/6727 6914/4038/6725
f 6914/4038/6725 6438/4040/6727 5795/3767/6477 6445/3808/6514
f 6431/4024/6713 6914/4038/6725 6445/3808/6514 5791/3809/6513
f 5799/4042/6627 6441/4045/6728 6915/4044/6729 6506/4043/6714
f 5798/4037/6720 6442/4033/6718 6915/4044/6729 6441/4045/6728
f 5794/4021/6706 6506/4043/6714 6915/4044/6729 6442/4033/6718
f 5793/4019/6708 6443/4034/6723 6916/4046/6730 6432/4031/6717
f 6443/4034/6723 5797/4035/6722 6439/4047/6731 6916/4046/6730
f 6916/4046/6730 6439/4047/6731 5796/4041/6726 6444/4039/6724
f 6432/4031/6717 6916/4046/6730 6444/4039/6724 5792/4025/6712
f 5799/4048/6627 6507/4051/6732 6917/4050/6733 6441/4049/6728
f 5803/4053/6734 6449/4052/6735 6917/4050/6733 6507/4051/6732
f 5798/4037/6720 6441/4049/6728 6917/4050/6733 6449/4052/6735
f 5797/4035/6722 6450/4055/6736 6918/4054/6737 6439/4047/6731
f 6450/4055/6736 5802/4059/6738 6447/4058/6739 6918/4054/6737
f 6918/4054/6737 6447/4058/6739 5801/4057/6740 6451/4056/6741
f 6439/4047/6731 6918/4054/6737 6451/4056/6741 5796/4041/6726
f 5798/4037/6720 6449/4052/6735 6919/4060/6742 6440/4036/6721
f 6449/4052/6735 5803/4053/6734 6448/4061/6743 6919/4060/6742
f 6919/4060/6742 6448/4061/6743 5802/4059/6738 6450/4055/6736
f 6440/4036/6721 6919/4060/6742 6450/4055/6736 5797/4035/6722
f 5796/4041/6726 6451/4056/6741 6920/4062/6744 6438/4040/6727
f 6451/4056/6741 5801/4057/6740 6446/4063/6745 6920/4062/6744
f 6920/4062/6744 6446/4063/6745 5800/3765/6479 6452/3766/6478
f 6438/4040/6727 6920/4062/6744 6452/3766/6478 5795/3767/6477
f 5799/4064/6627 6508/4067/6746 6921/4066/6747 6507/4065/6732
f 5807/4069/6748 6456/4068/6749 6921/4066/6747 6508/4067/6746
f 5803/4053/6734 6507/4065/6732 6921/4066/6747 6456/4068/6749
f 5802/4059/6738 6457/4071/6750 6922/4070/6751 6447/4058/6739
f 6457/4071/6750 5806/4075/6752 6454/4074/6753 6922/4070/6751
f 6922/4070/6751 6454/4074/6753 5805/4073/6754 6458/4072/6755
f 6447/4058/6739 6922/4070/6751 6458/4072/6755 5801/4057/6740
f 5803/4053/6734 6456/4068/6749 6923/4076/6756 6448/4061/6743
f 6456/4068/6749 5807/4069/6748 6455/4077/6757 6923/4076/6756
f 6923/4076/6756 6455/4077/6757 5806/4075/6752 6457/4071/6750
f 6448/4061/6743 6923/4076/6756 6457/4071/6750 5802/4059/6738
f 5801/4057/6740 6458/4072/6755 6924/4078/6758 6446/4063/6745
f 6458/4072/6755 5805/4073/6754 6453/4079/6759 6924/4078/6758
f 6924/4078/6758 6453/4079/6759 5804/3860/6562 6459/3875/6576
f 6446/4063/6745 6924/4078/6758 6459/3875/6576 5800/3765/6479
f 5807/4069/6748 6463/4081/6760 6925/4080/6761 6455/4077/6757
f 6463/4081/6760 5811/4085/6762 6462/4084/6763 6925/4080/6761
f 6925/4080/6761 6462/4084/6763 5810/4083/6764 6464/4082/6765
f 6455/4077/6757 6925/4080/6761 6464/4082/6765 5806/4075/6752
f 5805/4073/6754 6465/4087/6766 6926/4086/6767 6453/4079/6759
f 6465/4087/6766 5809/4089/6768 6460/4088/6769 6926/4086/6767
f 6926/4086/6767 6460/4088/6769 5808/3791/6496 6466/3859/6563
f 6453/4079/6759 6926/4086/6767 6466/3859/6563 5804/3860/6562
f 5799/4090/6627 6509/4093/6770 6927/4092/6771 6508/4091/6746
f 5811/4085/6762 6463/4081/6760 6927/4092/6771 6509/4093/6770
f 5807/4069/6748 6508/4091/6746 6927/4092/6771 6463/4081/6760
f 5806/4075/6752 6464/4082/6765 6928/4094/6772 6454/4074/6753
f 6464/4082/6765 5810/4083/6764 6461/4095/6773 6928/4094/6772
f 6928/4094/6772 6461/4095/6773 5809/4089/6768 6465/4087/6766
f 6454/4074/6753 6928/4094/6772 6465/4087/6766 5805/4073/6754
f 5811/4085/6762 6470/4097/6774 6929/4096/6775 6462/4084/6763
f 6470/4097/6774 5815/4101/6776 6469/4100/6777 6929/4096/6775
f 6929/4096/6775 6469/4100/6777 5814/4099/6778 6471/4098/6779
f 6462/4084/6763 6929/4096/6775 6471/4098/6779 5810/4083/6764
f 5809/4089/6768 6472/4103/6780 6930/4102/6781 6460/4088/6769
f 6472/4103/6780 5813/4105/6782 6467/4104/6783 6930/4102/6781
f 6930/4102/6781 6467/4104/6783 5812/3789/6498 6473/3790/6497
f 6460/4088/6769 6930/4102/6781 6473/3790/6497 5808/3791/6496
f 5799/4106/6627 6510/4109/6784 6931/4108/6785 6509/4107/6770
f 5815/4101/6776 6470/4097/6774 6931/4108/6785 6510/4109/6784
f 5811/4085/6762 6509/4107/6770 6931/4108/6785 6470/4097/6774
f 5810/4083/6764 6471/4098/6779 6932/4110/6786 6461/4095/6773
f 6471/4098/6779 5814/4099/6778 6468/4111/6787 6932/4110/6786
f 6932/4110/6786 6468/4111/6787 5813/4105/6782 6472/4103/6780
f 6461/4095/6773 6932/4110/6786 6472/4103/6780 5809/4089/6768
f 5799/4112/6627 6511/4115/6788 6933/4114/6789 6510/4113/6784
f 5819/4118/6790 6477/4117/6791 6933/4114/6789 6511/4115/6788
f 5815/4116/6776 6510/4113/6784 6933/4114/6789 6477/4117/6791
f 5814/4119/6778 6478/4122/6792 6934/4121/6793 6468/4120/6787
f 6478/4122/6792 5818/4127/6794 6475/4126/6795 6934/4121/6793
f 6934/4121/6793 6475/4126/6795 5817/4125/6796 6479/4124/6797
f 6468/4120/6787 6934/4121/6793 6479/4124/6797 5813/4123/6782
f 5815/4116/6776 6477/4117/6791 6935/4129/6798 6469/4128/6777
f 6477/4117/6791 5819/4118/6790 6476/4130/6799 6935/4129/6798
f 6935/4129/6798 6476/4130/6799 5818/4127/6794 6478/4122/6792
f 6469/4128/6777 6935/4129/6798 6478/4122/6792 5814/4119/6778
f 5813/4123/6782 6479/4124/6797 6936/4132/6800 6467/4131/6783
f 6479/4124/6797 5817/4125/6796 6474/4133/6801 6936/4132/6800
f 6936/4132/6800 6474/4133/6801 5816/3798/6504 6480/3799/6503
f 6467/4131/6783 6936/4132/6800 6480/3799/6503 5812/3800/6498
f 5818/4127/6794 6484/4135/6802 6937/4134/6803 6475/4126/6795
f 6484/4135/6802 5822/4139/6804 6482/4138/6805 6937/4134/6803
f 6937/4134/6803 6482/4138/6805 5821/4137/6806 6485/4136/6807
f 6475/4126/6795 6937/4134/6803 6485/4136/6807 5817/4125/6796
f 5819/4118/6790 6487/4141/6808 6938/4140/6809 6476/4130/6799
f 6487/4141/6808 5823/4143/6810 6483/4142/6811 6938/4140/6809
f 6938/4140/6809 6483/4142/6811 5822/4139/6804 6484/4135/6802
f 6476/4130/6799 6938/4140/6809 6484/4135/6802 5818/4127/6794
f 5817/4125/6796 6485/4136/6807 6939/4144/6812 6474/4133/6801
f 6485/4136/6807 5821/4137/6806 6481/4145/6813 6939/4144/6812
f 6939/4144/6812 6481/4145/6813 5820/3892/6592 6486/3893/6591
f 6474/4133/6801 6939/4144/6812 6486/3893/6591 5816/3798/6504
f 5799/4146/6627 6512/4149/6814 6940/4148/6815 6511/4147/6788
f 5823/4143/6810 6487/4141/6808 6940/4148/6815 6512/4149/6814
f 5819/4118/6790 6511/4147/6788 6940/4148/6815 6487/4141/6808
f 5823/4143/6810 6491/4151/6816 6941/4150/6817 6483/4142/6811
f 6491/4151/6816 5827/4155/6818 6490/4154/6819 6941/4150/6817
f 6941/4150/6817 6490/4154/6819 5826/4153/6820 6492/4152/6821
f 6483/4142/6811 6941/4150/6817 6492/4152/6821 5822/4139/6804
f 5821/4137/6806 6493/4157/6822 6942/4156/6823 6481/4145/6813
f 6493/4157/6822 5825/4159/6824 6488/4158/6825 6942/4156/6823
f 6942/4156/6823 6488/4158/6825 5824/3854/6553 6494/3907/6605
f 6481/4145/6813 6942/4156/6823 6494/3907/6605 5820/3892/6592
f 5799/4160/6627 6513/4163/6826 6943/4162/6827 6512/4161/6814
f 5827/4155/6818 6491/4151/6816 6943/4162/6827 6513/4163/6826
f 5823/4143/6810 6512/4161/6814 6943/4162/6827 6491/4151/6816
f 5822/4139/6804 6492/4152/6821 6944/4164/6828 6482/4138/6805
f 6492/4152/6821 5826/4153/6820 6489/4165/6829 6944/4164/6828
f 6944/4164/6828 6489/4165/6829 5825/4159/6824 6493/4157/6822
f 6482/4138/6805 6944/4164/6828 6493/4157/6822 5821/4137/6806
f 5825/4159/6824 6514/4167/6830 6945/4166/6831 6488/4158/6825
f 6514/4167/6830 5765/3923/6621 6389/3924/6624 6945/4166/6831
f 6945/4166/6831 6389/3924/6624 5764/3852/6555 6515/3853/6554
f 6488/4158/6825 6945/4166/6831 6515/3853/6554 5824/3854/6553
f 5799/4168/6627 6498/4171/6630 6946/4170/6832 6513/4169/6826
f 5766/3914/6612 6516/4172/6833 6946/4170/6832 6498/4171/6630
f 5827/4155/6818 6513/4169/6826 6946/4170/6832 6516/4172/6833
f 5826/4153/6820 6495/4174/6834 6947/4173/6835 6489/4165/6829
f 6495/4174/6834 5828/3918/6620 6496/3933/6632 6947/4173/6835
f 6947/4173/6835 6496/3933/6632 5765/3923/6621 6514/4167/6830
f 6489/4165/6829 6947/4173/6835 6514/4167/6830 5825/4159/6824
f 5827/4155/6818 6516/4172/6833 6948/4175/6836 6490/4154/6819
f 6516/4172/6833 5766/3914/6612 6497/3915/6615 6948/4175/6836
f 6948/4175/6836 6497/3915/6615 5828/3918/6620 6495/4174/6834
f 6490/4154/6819 6948/4175/6836 6495/4174/6834 5826/4153/6820
f 5722/3614/6344 6383/4177/6837 6949/4176/6838 6286/3618/6348
f 6383/4177/6837 5873/4181/6839 6565/4180/6840 6949/4176/6838
f 6949/4176/6838 6565/4180/6840 5874/4179/6841 6562/4178/6842
f 6286/3618/6348 6949/4176/6838 6562/4178/6842 5726/3622/6350
f 5873/4181/6839 6561/4183/6843 6950/4182/6844 6565/4180/6840
f 6561/4183/6843 5872/4187/6845 6566/4356/6846 6950/4182/6844
f 6950/4182/6844 6566/4356/6846 5875/4185/6847 6563/4357/6848
f 6565/4180/6840 6950/4182/6844 6563/4357/6848 5874/4179/6841
f 5872/4187/6845 6560/4189/6849 6951/4188/6850 6566/4356/6846
f 6560/4189/6849 5871/3754/6472 6567/3911/6610 6951/4188/6850
f 6951/4188/6850 6567/3911/6610 5876/3840/6543 6564/4190/6851
f 6566/4356/6846 6951/4188/6850 6564/4190/6851 5875/4185/6847
f 5759/3815/6517 6380/4192/6852 6952/4191/6853 6350/3883/6583
f 6380/4192/6852 5867/4196/6854 6568/4195/6855 6952/4191/6853
f 6952/4191/6853 6568/4195/6855 5868/4194/6856 6556/4193/6857
f 6350/3883/6583 6952/4191/6853 6556/4193/6857 5763/4354/6585
f 5867/4196/6854 6555/4198/6858 6953/4197/6859 6568/4195/6855
f 6555/4198/6858 5866/4202/6860 6569/4201/6861 6953/4197/6859
f 6953/4197/6859 6569/4201/6861 5869/4200/6862 6557/4199/6863
f 6568/4195/6855 6953/4197/6859 6557/4199/6863 5868/4194/6856
f 5866/4202/6860 6554/4204/6864 6954/4358/6865 6569/4201/6861
f 6554/4204/6864 5865/4355/6594 6570/3905/6604 6954/4358/6865
f 6954/4358/6865 6570/3905/6604 5870/3846/6549 6558/4205/6866
f 6569/4201/6861 6954/4358/6865 6558/4205/6866 5869/4200/6862
f 5706/3541/6279 6376/4207/6867 6955/4206/6868 6259/3552/6288
f 6376/4207/6867 5861/4211/6869 6571/4210/6870 6955/4206/6868
f 6955/4206/6868 6571/4210/6870 5862/4209/6871 6550/4208/6872
f 6259/3552/6288 6955/4206/6868 6550/4208/6872 5710/3556/6290
f 5861/4211/6869 6549/4213/6873 6956/4212/6874 6571/4210/6870
f 6549/4213/6873 5860/4217/6875 6572/4216/6876 6956/4212/6874
f 6956/4212/6874 6572/4216/6876 5863/4215/6877 6551/4214/6878
f 6571/4210/6870 6956/4212/6874 6551/4214/6878 5862/4209/6871
f 5860/4217/6875 6548/4219/6879 6957/4218/6880 6572/4216/6876
f 6548/4219/6879 5859/3878/6582 6573/3902/6601 6957/4218/6880
f 6957/4218/6880 6573/3902/6601 5864/3822/6527 6552/4220/6881
f 6572/4216/6876 6957/4218/6880 6552/4220/6881 5863/4215/6877
f 5755/3776/6484 6374/4222/6882 6958/4359/6883 6343/3811/6515
f 6374/4222/6882 5858/4224/6884 6574/4223/6885 6958/4359/6883
f 6958/4359/6883 6574/4223/6885 5867/4196/6854 6380/4192/6852
f 6343/3811/6515 6958/4359/6883 6380/4192/6852 5759/3815/6517
f 5858/4224/6884 6546/4226/6886 6959/4225/6887 6574/4223/6885
f 6546/4226/6886 5857/4228/6888 6575/4227/6889 6959/4225/6887
f 6959/4225/6887 6575/4227/6889 5866/4202/6860 6555/4198/6858
f 6574/4223/6885 6959/4225/6887 6555/4198/6858 5867/4196/6854
f 5857/4228/6888 6545/4360/6890 6960/4229/6891 6575/4227/6889
f 6545/4360/6890 5856/3796/6506 6576/3888/6590 6960/4229/6891
f 6960/4229/6891 6576/3888/6590 5865/4355/6594 6554/4204/6864
f 6575/4227/6889 6960/4229/6891 6554/4204/6864 5866/4202/6860
f 5702/4343/6275 6372/4232/6892 6961/4231/6893 6251/3539/6276
f 6372/4232/6892 5855/4234/6894 6577/4233/6895 6961/4231/6893
f 6961/4231/6893 6577/4233/6895 5861/4211/6869 6376/4207/6867
f 6251/3539/6276 6961/4231/6893 6376/4207/6867 5706/3541/6279
f 5855/4234/6894 6543/4236/6896 6962/4235/6897 6577/4233/6895
f 6543/4236/6896 5854/4238/6898 6578/4237/6899 6962/4235/6897
f 6962/4235/6897 6578/4237/6899 5860/4217/6875 6549/4213/6873
f 6577/4233/6895 6962/4235/6897 6549/4213/6873 5861/4211/6869
f 5854/4238/6898 6542/4240/6900 6963/4239/6901 6578/4237/6899
f 6542/4240/6900 5853/3850/6557 6579/3876/6578 6963/4239/6901
f 6963/4239/6901 6579/3876/6578 5859/3878/6582 6548/4219/6879
f 6578/4237/6899 6963/4239/6901 6548/4219/6879 5860/4217/6875
f 5739/3686/6408 6368/4242/6902 6964/4241/6903 6315/3690/6412
f 6368/4242/6902 5849/4246/6904 6580/4245/6905 6964/4241/6903
f 6964/4241/6903 6580/4245/6905 5850/4244/6906 6538/4243/6907
f 6315/3690/6412 6964/4241/6903 6538/4243/6907 5743/3694/6414
f 5849/4246/6904 6537/4248/6908 6965/4247/6909 6580/4245/6905
f 6537/4248/6908 5848/4252/6910 6581/4251/6911 6965/4247/6909
f 6965/4247/6909 6581/4251/6911 5851/4250/6912 6539/4361/6913
f 6580/4245/6905 6965/4247/6909 6539/4361/6913 5850/4244/6906
f 5848/4252/6910 6536/4254/6914 6966/4253/6915 6581/4251/6911
f 6536/4254/6914 5847/3763/6481 6582/3873/6575 6966/4253/6915
f 6966/4253/6915 6582/3873/6575 5852/3855/6558 6540/4255/6916
f 6581/4251/6911 6966/4253/6915 6540/4255/6916 5851/4250/6912
f 5743/3694/6414 6538/4243/6907 6967/4256/6917 6324/3722/6440
f 6538/4243/6907 5850/4244/6906 6583/4259/6918 6967/4256/6917
f 6967/4256/6917 6583/4259/6918 5844/4258/6919 6532/4257/6920
f 6324/3722/6440 6967/4256/6917 6532/4257/6920 5747/3724/6442
f 5850/4244/6906 6539/4361/6913 6968/4260/6921 6583/4259/6918
f 6539/4361/6913 5851/4250/6912 6584/4263/6922 6968/4260/6921
f 6968/4260/6921 6584/4263/6922 5845/4262/6923 6533/4261/6924
f 6583/4259/6918 6968/4260/6921 6533/4261/6924 5844/4258/6919
f 5851/4250/6912 6540/4255/6916 6969/4264/6925 6584/4263/6922
f 6540/4255/6916 5852/3855/6558 6585/3856/6561 6969/4264/6925
f 6969/4264/6925 6585/3856/6561 5846/3783/6492 6534/4265/6926
f 6584/4263/6922 6969/4264/6925 6534/4265/6926 5845/4262/6923
f 5763/4354/6585 6556/4193/6857 6970/4266/6927 6384/3909/6606
f 6556/4193/6857 5868/4194/6856 6586/4267/6928 6970/4266/6927
f 6970/4266/6927 6586/4267/6928 5855/4234/6894 6372/4232/6892
f 6384/3909/6606 6970/4266/6927 6372/4232/6892 5702/4343/6275
f 5868/4194/6856 6557/4199/6863 6971/4268/6929 6586/4267/6928
f 6557/4199/6863 5869/4200/6862 6587/4269/6930 6971/4268/6929
f 6971/4268/6929 6587/4269/6930 5854/4238/6898 6543/4236/6896
f 6586/4267/6928 6971/4268/6929 6543/4236/6896 5855/4234/6894
f 5869/4200/6862 6558/4205/6866 6972/4270/6931 6587/4269/6930
f 6558/4205/6866 5870/3846/6549 6588/3847/6552 6972/4270/6931
f 6972/4270/6931 6588/3847/6552 5853/3850/6557 6542/4240/6900
f 6587/4269/6930 6972/4270/6931 6542/4240/6900 5854/4238/6898
f 5726/3622/6350 6562/4178/6842 6973/4271/6932 6293/3636/6364
f 6562/4178/6842 5874/4179/6841 6589/4274/6933 6973/4271/6932
f 6973/4271/6932 6589/4274/6933 5841/4273/6934 6529/4272/6935
f 6293/3636/6364 6973/4271/6932 6529/4272/6935 5730/3640/6366
f 5874/4179/6841 6563/4357/6848 6974/4275/6936 6589/4274/6933
f 6563/4357/6848 5875/4185/6847 6590/4278/6937 6974/4275/6936
f 6974/4275/6936 6590/4278/6937 5842/4277/6938 6530/4276/6939
f 6589/4274/6933 6974/4275/6936 6530/4276/6939 5841/4273/6934
f 5875/4185/6847 6564/4190/6851 6975/4279/6940 6590/4278/6937
f 6564/4190/6851 5876/3840/6543 6591/3841/6546 6975/4279/6940
f 6975/4279/6940 6591/3841/6546 5843/3804/6509 6531/4362/6941
f 6590/4278/6937 6975/4279/6940 6531/4362/6941 5842/4277/6938
f 5714/3568/6302 6360/4282/6942 6976/4281/6943 6272/3594/6326
f 6360/4282/6942 5837/4286/6944 6592/4285/6945 6976/4281/6943
f 6976/4281/6943 6592/4285/6945 5838/4284/6946 6526/4283/6947
f 6272/3594/6326 6976/4281/6943 6526/4283/6947 5718/3596/6328
f 5837/4286/6944 6525/4288/6948 6977/4287/6949 6592/4285/6945
f 6525/4288/6948 5836/4292/6950 6593/4291/6951 6977/4287/6949
f 6977/4287/6949 6593/4291/6951 5839/4290/6952 6527/4289/6953
f 6592/4285/6945 6977/4287/6949 6527/4289/6953 5838/4284/6946
f 5836/4292/6950 6524/4294/6954 6978/4293/6955 6593/4291/6951
f 6524/4294/6954 5835/3826/6535 6594/4353/6537 6978/4293/6955
f 6978/4293/6955 6594/4353/6537 5840/3750/6464 6528/4295/6956
f 6593/4291/6951 6978/4293/6955 6528/4295/6956 5839/4290/6952
f 5710/3556/6290 6550/4208/6872 6979/4296/6957 6265/3564/6300
f 6550/4208/6872 5862/4209/6871 6595/4297/6958 6979/4296/6957
f 6979/4296/6957 6595/4297/6958 5837/4286/6944 6360/4282/6942
f 6265/3564/6300 6979/4296/6957 6360/4282/6942 5714/3568/6302
f 5862/4209/6871 6551/4214/6878 6980/4298/6959 6595/4297/6958
f 6551/4214/6878 5863/4215/6877 6596/4299/6960 6980/4298/6959
f 6980/4298/6959 6596/4299/6960 5836/4292/6950 6525/4288/6948
f 6595/4297/6958 6980/4298/6959 6525/4288/6948 5837/4286/6944
f 5863/4215/6877 6552/4220/6881 6981/4300/6961 6596/4299/6960
f 6552/4220/6881 5864/3822/6527 6597/3823/6530 6981/4300/6961
f 6981/4300/6961 6597/3823/6530 5835/3826/6535 6524/4294/6954
f 6596/4299/6960 6981/4300/6961 6524/4294/6954 5836/4292/6950
f 5730/3640/6366 6529/4272/6935 6982/4363/6962 6300/3666/6390
f 6529/4272/6935 5841/4273/6934 6598/4304/6963 6982/4363/6962
f 6982/4363/6962 6598/4304/6963 5832/4303/6964 6520/4302/6965
f 6300/3666/6390 6982/4363/6962 6520/4302/6965 5734/3668/6392
f 5841/4273/6934 6530/4276/6939 6983/4305/6966 6598/4304/6963
f 6530/4276/6939 5842/4277/6938 6599/4308/6967 6983/4305/6966
f 6983/4305/6966 6599/4308/6967 5833/4307/6968 6521/4306/6969
f 6598/4304/6963 6983/4305/6966 6521/4306/6969 5832/4303/6964
f 5842/4277/6938 6531/4362/6941 6984/4309/6970 6599/4308/6967
f 6531/4362/6941 5843/3804/6509 6600/3805/6512 6984/4309/6970
f 6984/4309/6970 6600/3805/6512 5834/3759/6473 6522/4310/6971
f 6599/4308/6967 6984/4309/6970 6522/4310/6971 5833/4307/6968
f 5751/3768/6456 6356/4312/6972 6985/4311/6973 6337/3771/6482
f 6356/4312/6972 5831/4314/6974 6601/4313/6975 6985/4311/6973
f 6985/4311/6973 6601/4313/6975 5858/4224/6884 6374/4222/6882
f 6337/3771/6482 6985/4311/6973 6374/4222/6882 5755/3776/6484
f 5831/4314/6974 6519/4316/6976 6986/4315/6977 6601/4313/6975
f 6519/4316/6976 5830/4318/6978 6602/4317/6979 6986/4315/6977
f 6986/4315/6977 6602/4317/6979 5857/4228/6888 6546/4226/6886
f 6601/4313/6975 6986/4315/6977 6546/4226/6886 5858/4224/6884
f 5830/4318/6978 6518/4320/6980 6987/4319/6981 6602/4317/6979
f 6518/4320/6980 5829/3792/6500 6603/3793/6502 6987/4319/6981
f 6987/4319/6981 6603/3793/6502 5856/3796/6506 6545/4360/6890
f 6602/4317/6979 6987/4319/6981 6545/4360/6890 5857/4228/6888
f 5747/3724/6442 6532/4257/6920 6988/4321/6982 6329/3738/6454
f 6532/4257/6920 5844/4258/6919 6604/4324/6983 6988/4321/6982
f 6988/4321/6982 6604/4324/6983 5831/4323/6974 6356/4322/6972
f 6329/3738/6454 6988/4321/6982 6356/4322/6972 5751/3740/6456
f 5844/4258/6919 6533/4261/6924 6989/4325/6984 6604/4324/6983
f 6533/4261/6924 5845/4262/6923 6605/4328/6985 6989/4325/6984
f 6989/4325/6984 6605/4328/6985 5830/4327/6978 6519/4326/6976
f 6604/4324/6983 6989/4325/6984 6519/4326/6976 5831/4323/6974
f 5845/4262/6923 6534/4265/6926 6990/4329/6986 6605/4328/6985
f 6534/4265/6926 5846/3783/6492 6606/3784/6495 6990/4329/6986
f 6990/4329/6986 6606/3784/6495 5829/3787/6500 6518/4330/6980
f 6605/4328/6985 6990/4329/6986 6518/4330/6980 5830/4327/6978
f 5734/3668/6392 6520/4302/6965 6991/4331/6987 6311/3684/6406
f 6520/4302/6965 5832/4303/6964 6607/4332/6988 6991/4331/6987
f 6991/4331/6987 6607/4332/6988 5849/4246/6904 6368/4242/6902
f 6311/3684/6406 6991/4331/6987 6368/4242/6902 5739/3686/6408
f 5832/4303/6964 6521/4306/6969 6992/4333/6989 6607/4332/6988
f 6521/4306/6969 5833/4307/6968 6608/4334/6990 6992/4333/6989
f 6992/4333/6989 6608/4334/6990 5848/4252/6910 6537/4248/6908
f 6607/4332/6988 6992/4333/6989 6537/4248/6908 5849/4246/6904
f 5833/4307/6968 6522/4310/6971 6993/4335/6991 6608/4334/6990
f 6522/4310/6971 5834/3759/6473 6609/3760/6476 6993/4335/6991
f 6993/4335/6991 6609/3760/6476 5847/3763/6481 6536/4254/6914
f 6608/4334/6990 6993/4335/6991 6536/4254/6914 5848/4252/6910
f 5718/3596/6328 6526/4283/6947 6994/4336/6992 6279/3612/6342
f 6526/4283/6947 5838/4284/6946 6610/4337/6993 6994/4336/6992
f 6994/4336/6992 6610/4337/6993 5873/4181/6839 6383/4177/6837
f 6279/3612/6342 6994/4336/6992 6383/4177/6837 5722/3614/6344
f 5838/4284/6946 6527/4289/6953 6995/4338/6994 6610/4337/6993
f 6527/4289/6953 5839/4290/6952 6611/4339/6995 6995/4338/6994
f 6995/4338/6994 6611/4339/6995 5872/4187/6845 6561/4183/6843
f 6610/4337/6993 6995/4338/6994 6561/4183/6843 5873/4181/6839
f 5839/4290/6952 6528/4295/6956 6996/4340/6996 6611/4339/6995
f 6528/4295/6956 5840/3750/6464 6612/3751/6467 6996/4340/6996
f 6996/4340/6996 6612/3751/6467 5871/3754/6472 6560/4189/6849
f 6611/4339/6995 6996/4340/6996 6560/4189/6849 5872/4187/6845
